retrieved_at,car_park,occupied,vacant,total_occupied,total_vacant
2026-07-12 14:44:24,B,986,94,7745,1499
2026-07-12 14:44:24,F,1305,241,7745,1499
2026-07-12 14:44:24,E,1130,215,7745,1499
2026-07-12 14:44:24,A,2605,620,7745,1499
2026-07-12 14:44:24,C,1719,329,7745,1499
2026-07-12 15:13:59,B,994,86,7791,1453
2026-07-12 15:13:59,F,1293,253,7791,1453
2026-07-12 15:13:59,E,1142,203,7791,1453
2026-07-12 15:13:59,A,2648,577,7791,1453
2026-07-12 15:13:59,C,1714,334,7791,1453
2026-07-12 18:01:35,B,972,108,5374,3870
2026-07-12 18:01:35,F,1034,512,5374,3870
2026-07-12 18:01:35,E,807,538,5374,3870
2026-07-12 18:01:35,A,1360,1865,5374,3870
2026-07-12 18:01:35,C,1201,847,5374,3870
2026-07-12 19:18:45,B,599,481,2523,6721
2026-07-12 19:18:45,F,478,1068,2523,6721
2026-07-12 19:18:45,E,402,943,2523,6721
2026-07-12 19:18:45,A,489,2736,2523,6721
2026-07-12 19:18:45,C,555,1493,2523,6721
2026-07-12 19:22:38,B,571,509,2365,6879
2026-07-12 19:22:38,F,453,1093,2365,6879
2026-07-12 19:22:38,E,374,971,2365,6879
2026-07-12 19:22:38,A,449,2776,2365,6879
2026-07-12 19:22:38,C,518,1530,2365,6879
2026-07-12 20:18:35,B,317,763,1167,8077
2026-07-12 20:18:35,F,248,1298,1167,8077
2026-07-12 20:18:35,E,176,1169,1167,8077
2026-07-12 20:18:35,A,180,3045,1167,8077
2026-07-12 20:18:35,C,246,1802,1167,8077
2026-07-12 20:30:39,B,286,794,1039,8205
2026-07-12 20:30:39,F,228,1318,1039,8205
2026-07-12 20:30:39,E,154,1191,1039,8205
2026-07-12 20:30:39,A,162,3063,1039,8205
2026-07-12 20:30:39,C,209,1839,1039,8205
2026-07-12 20:48:40,B,240,840,890,8354
2026-07-12 20:48:40,F,197,1349,890,8354
2026-07-12 20:48:40,E,134,1211,890,8354
2026-07-12 20:48:40,A,138,3087,890,8354
2026-07-12 20:48:40,C,181,1867,890,8354
2026-07-12 21:00:44,B,235,845,836,8408
2026-07-12 21:00:44,F,189,1357,836,8408
2026-07-12 21:00:44,E,122,1223,836,8408
2026-07-12 21:00:44,A,127,3098,836,8408
2026-07-12 21:00:44,C,163,1885,836,8408
2026-07-12 21:30:38,B,187,893,679,8565
2026-07-12 21:30:38,F,165,1381,679,8565
2026-07-12 21:30:38,E,91,1254,679,8565
2026-07-12 21:30:38,A,105,3120,679,8565
2026-07-12 21:30:38,C,131,1917,679,8565
2026-07-12 21:48:35,B,169,911,592,8652
2026-07-12 21:48:35,F,144,1402,592,8652
2026-07-12 21:48:35,E,79,1266,592,8652
2026-07-12 21:48:35,A,87,3138,592,8652
2026-07-12 21:48:35,C,113,1935,592,8652
2026-07-12 22:00:45,B,167,913,573,8671
2026-07-12 22:00:45,F,142,1404,573,8671
2026-07-12 22:00:45,E,72,1273,573,8671
2026-07-12 22:00:45,A,82,3143,573,8671
2026-07-12 22:00:45,C,110,1938,573,8671
2026-07-12 22:30:36,B,158,922,514,8730
2026-07-12 22:30:36,F,125,1421,514,8730
2026-07-12 22:30:36,E,63,1282,514,8730
2026-07-12 22:30:36,A,73,3152,514,8730
2026-07-12 22:30:36,C,95,1953,514,8730
2026-07-12 22:44:46,B,148,932,492,8752
2026-07-12 22:44:46,F,122,1424,492,8752
2026-07-12 22:44:46,E,59,1286,492,8752
2026-07-12 22:44:46,A,73,3152,492,8752
2026-07-12 22:44:46,C,90,1958,492,8752
2026-07-12 23:00:43,B,141,939,483,8761
2026-07-12 23:00:43,F,123,1423,483,8761
2026-07-12 23:00:43,E,59,1286,483,8761
2026-07-12 23:00:43,A,72,3153,483,8761
2026-07-12 23:00:43,C,88,1960,483,8761
2026-07-12 23:30:39,B,117,963,443,8801
2026-07-12 23:30:39,F,121,1425,443,8801
2026-07-12 23:30:39,E,54,1291,443,8801
2026-07-12 23:30:39,A,70,3155,443,8801
2026-07-12 23:30:39,C,81,1967,443,8801
2026-07-13 00:00:45,B,97,983,429,8815
2026-07-13 00:00:45,F,121,1425,429,8815
2026-07-13 00:00:45,E,50,1295,429,8815
2026-07-13 00:00:45,A,68,3157,429,8815
2026-07-13 00:00:45,C,93,1955,429,8815
2026-07-13 00:19:57,B,71,1009,402,8842
2026-07-13 00:19:57,F,127,1419,402,8842
2026-07-13 00:19:57,E,49,1296,402,8842
2026-07-13 00:19:57,A,67,3158,402,8842
2026-07-13 00:19:57,C,88,1960,402,8842
2026-07-13 00:30:41,B,68,1012,401,8843
2026-07-13 00:30:41,F,127,1419,401,8843
2026-07-13 00:30:41,E,50,1295,401,8843
2026-07-13 00:30:41,A,67,3158,401,8843
2026-07-13 00:30:41,C,89,1959,401,8843
2026-07-13 01:00:44,B,53,1027,379,8865
2026-07-13 01:00:44,F,125,1421,379,8865
2026-07-13 01:00:44,E,47,1298,379,8865
2026-07-13 01:00:44,A,63,3162,379,8865
2026-07-13 01:00:44,C,91,1957,379,8865
2026-07-13 01:30:04,B,49,1031,372,8872
2026-07-13 01:30:04,F,124,1422,372,8872
2026-07-13 01:30:04,E,47,1298,372,8872
2026-07-13 01:30:04,A,63,3162,372,8872
2026-07-13 01:30:04,C,89,1959,372,8872
2026-07-13 01:30:38,B,49,1031,372,8872
2026-07-13 01:30:38,F,124,1422,372,8872
2026-07-13 01:30:38,E,47,1298,372,8872
2026-07-13 01:30:38,A,63,3162,372,8872
2026-07-13 01:30:38,C,89,1959,372,8872
2026-07-13 02:00:46,B,49,1031,371,8873
2026-07-13 02:00:46,F,124,1422,371,8873
2026-07-13 02:00:46,E,48,1297,371,8873
2026-07-13 02:00:46,A,62,3163,371,8873
2026-07-13 02:00:46,C,88,1960,371,8873
2026-07-13 02:27:26,B,49,1031,372,8872
2026-07-13 02:27:26,F,124,1422,372,8872
2026-07-13 02:27:26,E,48,1297,372,8872
2026-07-13 02:27:26,A,62,3163,372,8872
2026-07-13 02:27:26,C,89,1959,372,8872
2026-07-13 02:30:40,B,49,1031,371,8873
2026-07-13 02:30:40,F,124,1422,371,8873
2026-07-13 02:30:40,E,48,1297,371,8873
2026-07-13 02:30:40,A,62,3163,371,8873
2026-07-13 02:30:40,C,88,1960,371,8873
2026-07-13 03:00:45,B,49,1031,374,8870
2026-07-13 03:00:45,F,123,1423,374,8870
2026-07-13 03:00:45,E,49,1296,374,8870
2026-07-13 03:00:45,A,62,3163,374,8870
2026-07-13 03:00:45,C,91,1957,374,8870
2026-07-13 03:30:40,B,49,1031,371,8873
2026-07-13 03:30:40,F,123,1423,371,8873
2026-07-13 03:30:40,E,48,1297,371,8873
2026-07-13 03:30:40,A,62,3163,371,8873
2026-07-13 03:30:40,C,89,1959,371,8873
2026-07-13 04:00:45,B,50,1030,373,8871
2026-07-13 04:00:45,F,124,1422,373,8871
2026-07-13 04:00:45,E,47,1298,373,8871
2026-07-13 04:00:45,A,62,3163,373,8871
2026-07-13 04:00:45,C,90,1958,373,8871
2026-07-13 04:30:41,B,50,1030,375,8869
2026-07-13 04:30:41,F,126,1420,375,8869
2026-07-13 04:30:41,E,48,1297,375,8869
2026-07-13 04:30:41,A,62,3163,375,8869
2026-07-13 04:30:41,C,89,1959,375,8869
2026-07-13 04:43:10,B,49,1031,374,8870
2026-07-13 04:43:10,F,125,1421,374,8870
2026-07-13 04:43:10,E,48,1297,374,8870
2026-07-13 04:43:10,A,62,3163,374,8870
2026-07-13 04:43:10,C,90,1958,374,8870
2026-07-13 05:00:47,B,50,1030,383,8861
2026-07-13 05:00:47,F,128,1418,383,8861
2026-07-13 05:00:47,E,48,1297,383,8861
2026-07-13 05:00:47,A,66,3159,383,8861
2026-07-13 05:00:47,C,91,1957,383,8861
2026-07-13 05:30:40,B,51,1029,397,8847
2026-07-13 05:30:40,F,134,1412,397,8847
2026-07-13 05:30:40,E,49,1296,397,8847
2026-07-13 05:30:40,A,68,3157,397,8847
2026-07-13 05:30:40,C,95,1953,397,8847
2026-07-13 05:58:08,B,49,1031,451,8793
2026-07-13 05:58:08,F,161,1385,451,8793
2026-07-13 05:58:08,E,58,1287,451,8793
2026-07-13 05:58:08,A,71,3154,451,8793
2026-07-13 05:58:08,C,112,1936,451,8793
2026-07-13 06:01:11,B,49,1031,460,8784
2026-07-13 06:01:11,F,164,1382,460,8784
2026-07-13 06:01:11,E,61,1284,460,8784
2026-07-13 06:01:11,A,73,3152,460,8784
2026-07-13 06:01:11,C,113,1935,460,8784
2026-07-13 06:30:45,B,48,1032,509,8735
2026-07-13 06:30:45,F,184,1362,509,8735
2026-07-13 06:30:45,E,71,1274,509,8735
2026-07-13 06:30:45,A,79,3146,509,8735
2026-07-13 06:30:45,C,127,1921,509,8735
2026-07-13 06:38:50,B,49,1031,522,8722
2026-07-13 06:38:50,F,192,1354,522,8722
2026-07-13 06:38:50,E,72,1273,522,8722
2026-07-13 06:38:50,A,79,3146,522,8722
2026-07-13 06:38:50,C,130,1918,522,8722
2026-07-13 07:00:49,B,49,1031,701,8543
2026-07-13 07:00:49,F,235,1311,701,8543
2026-07-13 07:00:49,E,95,1250,701,8543
2026-07-13 07:00:49,A,129,3096,701,8543
2026-07-13 07:00:49,C,193,1855,701,8543
2026-07-13 07:30:42,B,50,1030,884,8360
2026-07-13 07:30:42,F,266,1280,884,8360
2026-07-13 07:30:42,E,124,1221,884,8360
2026-07-13 07:30:42,A,166,3059,884,8360
2026-07-13 07:30:42,C,278,1770,884,8360
2026-07-13 07:35:48,B,49,1031,918,8326
2026-07-13 07:35:48,F,274,1272,918,8326
2026-07-13 07:35:48,E,132,1213,918,8326
2026-07-13 07:35:48,A,166,3059,918,8326
2026-07-13 07:35:48,C,297,1751,918,8326
2026-07-13 08:00:50,B,48,1032,1181,8063
2026-07-13 08:00:50,F,332,1214,1181,8063
2026-07-13 08:00:50,E,198,1147,1181,8063
2026-07-13 08:00:50,A,198,3027,1181,8063
2026-07-13 08:00:50,C,405,1643,1181,8063
2026-07-13 08:30:45,B,47,1033,1640,7604
2026-07-13 08:30:45,F,432,1114,1640,7604
2026-07-13 08:30:45,E,295,1050,1640,7604
2026-07-13 08:30:45,A,266,2959,1640,7604
2026-07-13 08:30:45,C,600,1448,1640,7604
2026-07-13 08:34:26,B,48,1032,1690,7554
2026-07-13 08:34:26,F,449,1097,1690,7554
2026-07-13 08:34:26,E,301,1044,1690,7554
2026-07-13 08:34:26,A,280,2945,1690,7554
2026-07-13 08:34:26,C,612,1436,1690,7554
2026-07-13 09:00:49,B,110,970,2421,6823
2026-07-13 09:00:49,F,630,916,2421,6823
2026-07-13 09:00:49,E,442,903,2421,6823
2026-07-13 09:00:49,A,427,2798,2421,6823
2026-07-13 09:00:49,C,812,1236,2421,6823
2026-07-13 09:30:41,B,232,848,3278,5966
2026-07-13 09:30:41,F,846,700,3278,5966
2026-07-13 09:30:41,E,591,754,3278,5966
2026-07-13 09:30:41,A,615,2610,3278,5966
2026-07-13 09:30:41,C,994,1054,3278,5966
2026-07-13 09:39:22,B,267,813,3505,5739
2026-07-13 09:39:22,F,910,636,3505,5739
2026-07-13 09:39:22,E,625,720,3505,5739
2026-07-13 09:39:22,A,669,2556,3505,5739
2026-07-13 09:39:22,C,1034,1014,3505,5739
2026-07-13 10:00:49,B,365,715,4048,5196
2026-07-13 10:00:49,F,1026,520,4048,5196
2026-07-13 10:00:49,E,700,645,4048,5196
2026-07-13 10:00:49,A,822,2403,4048,5196
2026-07-13 10:00:49,C,1135,913,4048,5196
2026-07-13 10:30:42,B,478,602,4527,4717
2026-07-13 10:30:42,F,1089,457,4527,4717
2026-07-13 10:30:42,E,774,571,4527,4717
2026-07-13 10:30:42,A,955,2270,4527,4717
2026-07-13 10:30:42,C,1231,817,4527,4717
2026-07-13 11:00:50,B,596,484,5106,4138
2026-07-13 11:00:50,F,1202,344,5106,4138
2026-07-13 11:00:50,E,848,497,5106,4138
2026-07-13 11:00:50,A,1135,2090,5106,4138
2026-07-13 11:00:50,C,1325,723,5106,4138
2026-07-13 11:18:18,B,657,423,5337,3907
2026-07-13 11:18:18,F,1245,301,5337,3907
2026-07-13 11:18:18,E,885,460,5337,3907
2026-07-13 11:18:18,A,1180,2045,5337,3907
2026-07-13 11:18:18,C,1370,678,5337,3907
2026-07-13 11:30:44,B,705,375,5519,3725
2026-07-13 11:30:44,F,1272,274,5519,3725
2026-07-13 11:30:44,E,909,436,5519,3725
2026-07-13 11:30:44,A,1227,1998,5519,3725
2026-07-13 11:30:44,C,1406,642,5519,3725
2026-07-13 12:00:48,B,808,272,5942,3302
2026-07-13 12:00:48,F,1318,228,5942,3302
2026-07-13 12:00:48,E,967,378,5942,3302
2026-07-13 12:00:48,A,1352,1873,5942,3302
2026-07-13 12:00:48,C,1497,551,5942,3302
2026-07-13 12:30:43,B,898,182,6234,3010
2026-07-13 12:30:43,F,1318,228,6234,3010
2026-07-13 12:30:43,E,1022,323,6234,3010
2026-07-13 12:30:43,A,1458,1767,6234,3010
2026-07-13 12:30:43,C,1538,510,6234,3010
2026-07-13 13:00:47,B,948,132,6437,2807
2026-07-13 13:00:47,F,1324,222,6437,2807
2026-07-13 13:00:47,E,1063,282,6437,2807
2026-07-13 13:00:47,A,1531,1694,6437,2807
2026-07-13 13:00:47,C,1571,477,6437,2807
2026-07-13 13:30:41,B,983,97,6554,2690
2026-07-13 13:30:41,F,1320,226,6554,2690
2026-07-13 13:30:41,E,1085,260,6554,2690
2026-07-13 13:30:41,A,1589,1636,6554,2690
2026-07-13 13:30:41,C,1577,471,6554,2690
2026-07-13 14:00:48,B,979,101,6557,2687
2026-07-13 14:00:48,F,1319,227,6557,2687
2026-07-13 14:00:48,E,1091,254,6557,2687
2026-07-13 14:00:48,A,1625,1600,6557,2687
2026-07-13 14:00:48,C,1543,505,6557,2687
2026-07-13 14:30:40,B,938,142,6338,2906
2026-07-13 14:30:40,F,1296,250,6338,2906
2026-07-13 14:30:40,E,1040,305,6338,2906
2026-07-13 14:30:40,A,1566,1659,6338,2906
2026-07-13 14:30:40,C,1498,550,6338,2906
2026-07-13 14:51:23,B,867,213,6080,3164
2026-07-13 14:51:23,F,1262,284,6080,3164
2026-07-13 14:51:23,E,998,347,6080,3164
2026-07-13 14:51:23,A,1473,1752,6080,3164
2026-07-13 14:51:23,C,1480,568,6080,3164
2026-07-13 15:00:48,B,853,227,5952,3292
2026-07-13 15:00:48,F,1243,303,5952,3292
2026-07-13 15:00:48,E,975,370,5952,3292
2026-07-13 15:00:48,A,1434,1791,5952,3292
2026-07-13 15:00:48,C,1447,601,5952,3292
2026-07-13 15:30:42,B,769,311,5485,3759
2026-07-13 15:30:42,F,1177,369,5485,3759
2026-07-13 15:30:42,E,934,411,5485,3759
2026-07-13 15:30:42,A,1243,1982,5485,3759
2026-07-13 15:30:42,C,1362,686,5485,3759
2026-07-13 16:00:47,B,731,349,5157,4087
2026-07-13 16:00:47,F,1113,433,5157,4087
2026-07-13 16:00:47,E,875,470,5157,4087
2026-07-13 16:00:47,A,1164,2061,5157,4087
2026-07-13 16:00:47,C,1274,774,5157,4087
2026-07-13 16:30:42,B,652,428,4669,4575
2026-07-13 16:30:42,F,1041,505,4669,4575
2026-07-13 16:30:42,E,796,549,4669,4575
2026-07-13 16:30:42,A,997,2228,4669,4575
2026-07-13 16:30:42,C,1183,865,4669,4575
2026-07-13 17:00:48,B,575,505,4015,5229
2026-07-13 17:00:48,F,919,627,4015,5229
2026-07-13 17:00:48,E,702,643,4015,5229
2026-07-13 17:00:48,A,805,2420,4015,5229
2026-07-13 17:00:48,C,1014,1034,4015,5229
2026-07-13 17:30:42,B,454,626,3018,6226
2026-07-13 17:30:42,F,721,825,3018,6226
2026-07-13 17:30:42,E,549,796,3018,6226
2026-07-13 17:30:42,A,586,2639,3018,6226
2026-07-13 17:30:42,C,708,1340,3018,6226
2026-07-13 17:59:24,B,321,759,1975,7269
2026-07-13 17:59:24,F,432,1114,1975,7269
2026-07-13 17:59:24,E,416,929,1975,7269
2026-07-13 17:59:24,A,350,2875,1975,7269
2026-07-13 17:59:24,C,456,1592,1975,7269
2026-07-13 18:00:49,B,321,759,1952,7292
2026-07-13 18:00:49,F,425,1121,1952,7292
2026-07-13 18:00:49,E,410,935,1952,7292
2026-07-13 18:00:49,A,346,2879,1952,7292
2026-07-13 18:00:49,C,450,1598,1952,7292
2026-07-13 18:30:44,B,279,801,1441,7803
2026-07-13 18:30:44,F,326,1220,1441,7803
2026-07-13 18:30:44,E,332,1013,1441,7803
2026-07-13 18:30:44,A,177,3048,1441,7803
2026-07-13 18:30:44,C,327,1721,1441,7803
2026-07-13 19:00:47,B,279,801,1277,7967
2026-07-13 19:00:47,F,292,1254,1277,7967
2026-07-13 19:00:47,E,286,1059,1277,7967
2026-07-13 19:00:47,A,142,3083,1277,7967
2026-07-13 19:00:47,C,278,1770,1277,7967
2026-07-13 19:30:52,B,259,821,1115,8129
2026-07-13 19:30:52,F,269,1277,1115,8129
2026-07-13 19:30:52,E,235,1110,1115,8129
2026-07-13 19:30:52,A,110,3115,1115,8129
2026-07-13 19:30:52,C,242,1806,1115,8129
2026-07-13 20:00:48,B,246,834,997,8247
2026-07-13 20:00:48,F,245,1301,997,8247
2026-07-13 20:00:48,E,185,1160,997,8247
2026-07-13 20:00:48,A,102,3123,997,8247
2026-07-13 20:00:48,C,219,1829,997,8247
2026-07-13 20:30:44,B,196,884,849,8395
2026-07-13 20:30:44,F,225,1321,849,8395
2026-07-13 20:30:44,E,161,1184,849,8395
2026-07-13 20:30:44,A,90,3135,849,8395
2026-07-13 20:30:44,C,177,1871,849,8395
2026-07-13 20:59:24,B,187,893,740,8504
2026-07-13 20:59:24,F,194,1352,740,8504
2026-07-13 20:59:24,E,127,1218,740,8504
2026-07-13 20:59:24,A,81,3144,740,8504
2026-07-13 20:59:24,C,151,1897,740,8504
2026-07-13 21:00:48,B,184,896,734,8510
2026-07-13 21:00:48,F,193,1353,734,8510
2026-07-13 21:00:48,E,126,1219,734,8510
2026-07-13 21:00:48,A,82,3143,734,8510
2026-07-13 21:00:48,C,149,1899,734,8510
2026-07-13 21:30:41,B,146,934,613,8631
2026-07-13 21:30:41,F,164,1382,613,8631
2026-07-13 21:30:41,E,90,1255,613,8631
2026-07-13 21:30:41,A,72,3153,613,8631
2026-07-13 21:30:41,C,141,1907,613,8631
2026-07-13 22:00:47,B,113,967,524,8720
2026-07-13 22:00:47,F,152,1394,524,8720
2026-07-13 22:00:47,E,77,1268,524,8720
2026-07-13 22:00:47,A,65,3160,524,8720
2026-07-13 22:00:47,C,117,1931,524,8720
2026-07-13 22:30:44,B,100,980,463,8781
2026-07-13 22:30:44,F,139,1407,463,8781
2026-07-13 22:30:44,E,63,1282,463,8781
2026-07-13 22:30:44,A,60,3165,463,8781
2026-07-13 22:30:44,C,101,1947,463,8781
2026-07-13 23:00:49,B,88,992,429,8815
2026-07-13 23:00:49,F,127,1419,429,8815
2026-07-13 23:00:49,E,60,1285,429,8815
2026-07-13 23:00:49,A,59,3166,429,8815
2026-07-13 23:00:49,C,95,1953,429,8815
2026-07-13 23:22:16,B,78,1002,409,8835
2026-07-13 23:22:16,F,123,1423,409,8835
2026-07-13 23:22:16,E,58,1287,409,8835
2026-07-13 23:22:16,A,59,3166,409,8835
2026-07-13 23:22:16,C,91,1957,409,8835
2026-07-13 23:30:44,B,77,1003,406,8838
2026-07-13 23:30:44,F,123,1423,406,8838
2026-07-13 23:30:44,E,56,1289,406,8838
2026-07-13 23:30:44,A,58,3167,406,8838
2026-07-13 23:30:44,C,92,1956,406,8838
2026-07-14 00:00:47,B,64,1016,397,8847
2026-07-14 00:00:47,F,121,1425,397,8847
2026-07-14 00:00:47,E,54,1291,397,8847
2026-07-14 00:00:47,A,60,3165,397,8847
2026-07-14 00:00:47,C,98,1950,397,8847
2026-07-14 00:30:46,B,54,1026,389,8855
2026-07-14 00:30:46,F,127,1419,389,8855
2026-07-14 00:30:46,E,49,1296,389,8855
2026-07-14 00:30:46,A,60,3165,389,8855
2026-07-14 00:30:46,C,99,1949,389,8855
2026-07-14 01:00:51,B,43,1037,375,8869
2026-07-14 01:00:51,F,125,1421,375,8869
2026-07-14 01:00:51,E,49,1296,375,8869
2026-07-14 01:00:51,A,61,3164,375,8869
2026-07-14 01:00:51,C,97,1951,375,8869
2026-07-14 01:30:45,B,38,1042,362,8882
2026-07-14 01:30:45,F,123,1423,362,8882
2026-07-14 01:30:45,E,49,1296,362,8882
2026-07-14 01:30:45,A,60,3165,362,8882
2026-07-14 01:30:45,C,92,1956,362,8882
2026-07-14 02:00:52,B,38,1042,363,8881
2026-07-14 02:00:52,F,123,1423,363,8881
2026-07-14 02:00:52,E,50,1295,363,8881
2026-07-14 02:00:52,A,60,3165,363,8881
2026-07-14 02:00:52,C,92,1956,363,8881
2026-07-14 02:01:30,B,38,1042,362,8882
2026-07-14 02:01:30,F,123,1423,362,8882
2026-07-14 02:01:30,E,50,1295,362,8882
2026-07-14 02:01:30,A,59,3166,362,8882
2026-07-14 02:01:30,C,92,1956,362,8882
2026-07-14 02:30:44,B,39,1041,365,8879
2026-07-14 02:30:44,F,123,1423,365,8879
2026-07-14 02:30:44,E,50,1295,365,8879
2026-07-14 02:30:44,A,59,3166,365,8879
2026-07-14 02:30:44,C,94,1954,365,8879
2026-07-14 03:00:52,B,39,1041,363,8881
2026-07-14 03:00:52,F,122,1424,363,8881
2026-07-14 03:00:52,E,49,1296,363,8881
2026-07-14 03:00:52,A,60,3165,363,8881
2026-07-14 03:00:52,C,93,1955,363,8881
2026-07-14 03:30:43,B,38,1042,362,8882
2026-07-14 03:30:43,F,123,1423,362,8882
2026-07-14 03:30:43,E,51,1294,362,8882
2026-07-14 03:30:43,A,58,3167,362,8882
2026-07-14 03:30:43,C,92,1956,362,8882
2026-07-14 04:00:51,B,39,1041,364,8880
2026-07-14 04:00:51,F,123,1423,364,8880
2026-07-14 04:00:51,E,51,1294,364,8880
2026-07-14 04:00:51,A,57,3168,364,8880
2026-07-14 04:00:51,C,94,1954,364,8880
2026-07-14 04:14:53,B,39,1041,363,8881
2026-07-14 04:14:53,F,122,1424,363,8881
2026-07-14 04:14:53,E,51,1294,363,8881
2026-07-14 04:14:53,A,57,3168,363,8881
2026-07-14 04:14:53,C,94,1954,363,8881
2026-07-14 04:30:48,B,39,1041,362,8882
2026-07-14 04:30:48,F,122,1424,362,8882
2026-07-14 04:30:48,E,50,1295,362,8882
2026-07-14 04:30:48,A,57,3168,362,8882
2026-07-14 04:30:48,C,94,1954,362,8882
2026-07-14 05:00:51,B,39,1041,367,8877
2026-07-14 05:00:51,F,122,1424,367,8877
2026-07-14 05:00:51,E,51,1294,367,8877
2026-07-14 05:00:51,A,61,3164,367,8877
2026-07-14 05:00:51,C,94,1954,367,8877
2026-07-14 05:30:45,B,39,1041,378,8866
2026-07-14 05:30:45,F,127,1419,378,8866
2026-07-14 05:30:45,E,55,1290,378,8866
2026-07-14 05:30:45,A,60,3165,378,8866
2026-07-14 05:30:45,C,97,1951,378,8866
2026-07-14 05:54:52,B,40,1040,426,8818
2026-07-14 05:54:52,F,144,1402,426,8818
2026-07-14 05:54:52,E,63,1282,426,8818
2026-07-14 05:54:52,A,64,3161,426,8818
2026-07-14 05:54:52,C,115,1933,426,8818
2026-07-14 06:00:52,B,40,1040,455,8789
2026-07-14 06:00:52,F,150,1396,455,8789
2026-07-14 06:00:52,E,68,1277,455,8789
2026-07-14 06:00:52,A,68,3157,455,8789
2026-07-14 06:00:52,C,129,1919,455,8789
2026-07-14 06:30:45,B,39,1041,521,8723
2026-07-14 06:30:45,F,162,1384,521,8723
2026-07-14 06:30:45,E,88,1257,521,8723
2026-07-14 06:30:45,A,86,3139,521,8723
2026-07-14 06:30:45,C,146,1902,521,8723
2026-07-14 06:45:38,B,38,1042,561,8683
2026-07-14 06:45:38,F,170,1376,561,8683
2026-07-14 06:45:38,E,99,1246,561,8683
2026-07-14 06:45:38,A,95,3130,561,8683
2026-07-14 06:45:38,C,159,1889,561,8683
2026-07-14 07:00:50,B,40,1040,718,8526
2026-07-14 07:00:50,F,203,1343,718,8526
2026-07-14 07:00:50,E,117,1228,718,8526
2026-07-14 07:00:50,A,132,3093,718,8526
2026-07-14 07:00:50,C,226,1822,718,8526
2026-07-14 07:30:40,B,39,1041,883,8361
2026-07-14 07:30:40,F,229,1317,883,8361
2026-07-14 07:30:40,E,141,1204,883,8361
2026-07-14 07:30:40,A,170,3055,883,8361
2026-07-14 07:30:40,C,304,1744,883,8361
2026-07-14 07:41:04,B,39,1041,950,8294
2026-07-14 07:41:04,F,238,1308,950,8294
2026-07-14 07:41:04,E,149,1196,950,8294
2026-07-14 07:41:04,A,178,3047,950,8294
2026-07-14 07:41:04,C,346,1702,950,8294
2026-07-14 08:00:52,B,39,1041,1186,8058
2026-07-14 08:00:52,F,282,1264,1186,8058
2026-07-14 08:00:52,E,194,1151,1186,8058
2026-07-14 08:00:52,A,216,3009,1186,8058
2026-07-14 08:00:52,C,455,1593,1186,8058
2026-07-14 08:30:42,B,39,1041,1204,8040
2026-07-14 08:30:42,F,291,1255,1204,8040
2026-07-14 08:30:42,E,195,1150,1204,8040
2026-07-14 08:30:42,A,215,3010,1204,8040
2026-07-14 08:30:42,C,464,1584,1204,8040
2026-07-14 08:41:04,B,39,1041,1204,8040
2026-07-14 08:41:04,F,291,1255,1204,8040
2026-07-14 08:41:04,E,195,1150,1204,8040
2026-07-14 08:41:04,A,215,3010,1204,8040
2026-07-14 08:41:04,C,464,1584,1204,8040
2026-07-14 09:00:47,B,39,1041,1204,8040
2026-07-14 09:00:47,F,291,1255,1204,8040
2026-07-14 09:00:47,E,195,1150,1204,8040
2026-07-14 09:00:47,A,215,3010,1204,8040
2026-07-14 09:00:47,C,464,1584,1204,8040
2026-07-14 09:30:41,B,93,987,1950,7294
2026-07-14 09:30:41,F,431,1115,1950,7294
2026-07-14 09:30:41,E,362,983,1950,7294
2026-07-14 09:30:41,A,257,2968,1950,7294
2026-07-14 09:30:41,C,807,1241,1950,7294
2026-07-14 09:39:08,B,144,936,2435,6809
2026-07-14 09:39:08,F,533,1013,2435,6809
2026-07-14 09:39:08,E,467,878,2435,6809
2026-07-14 09:39:08,A,314,2911,2435,6809
2026-07-14 09:39:08,C,977,1071,2435,6809
2026-07-14 10:00:47,B,345,735,3843,5401
2026-07-14 10:00:47,F,884,662,3843,5401
2026-07-14 10:00:47,E,661,684,3843,5401
2026-07-14 10:00:47,A,724,2501,3843,5401
2026-07-14 10:00:47,C,1229,819,3843,5401
2026-07-14 10:30:43,B,501,579,4753,4491
2026-07-14 10:30:43,F,1126,420,4753,4491
2026-07-14 10:30:43,E,755,590,4753,4491
2026-07-14 10:30:43,A,1029,2196,4753,4491
2026-07-14 10:30:43,C,1342,706,4753,4491
2026-07-14 11:00:45,B,628,452,5210,4034
2026-07-14 11:00:45,F,1192,354,5210,4034
2026-07-14 11:00:45,E,808,537,5210,4034
2026-07-14 11:00:45,A,1176,2049,5210,4034
2026-07-14 11:00:45,C,1406,642,5210,4034
2026-07-14 11:07:19,B,665,415,5303,3941
2026-07-14 11:07:19,F,1203,343,5303,3941
2026-07-14 11:07:19,E,820,525,5303,3941
2026-07-14 11:07:19,A,1197,2028,5303,3941
2026-07-14 11:07:19,C,1418,630,5303,3941
2026-07-14 11:30:41,B,731,349,5697,3547
2026-07-14 11:30:41,F,1252,294,5697,3547
2026-07-14 11:30:41,E,893,452,5697,3547
2026-07-14 11:30:41,A,1335,1890,5697,3547
2026-07-14 11:30:41,C,1486,562,5697,3547
2026-07-14 12:00:48,B,829,251,6072,3172
2026-07-14 12:00:48,F,1292,254,6072,3172
2026-07-14 12:00:48,E,972,373,6072,3172
2026-07-14 12:00:48,A,1478,1747,6072,3172
2026-07-14 12:00:48,C,1501,547,6072,3172
2026-07-14 12:30:42,B,887,193,6326,2918
2026-07-14 12:30:42,F,1314,232,6326,2918
2026-07-14 12:30:42,E,1030,315,6326,2918
2026-07-14 12:30:42,A,1569,1656,6326,2918
2026-07-14 12:30:42,C,1526,522,6326,2918
2026-07-14 13:00:44,B,940,140,6471,2773
2026-07-14 13:00:44,F,1311,235,6471,2773
2026-07-14 13:00:44,E,1051,294,6471,2773
2026-07-14 13:00:44,A,1615,1610,6471,2773
2026-07-14 13:00:44,C,1554,494,6471,2773
2026-07-14 13:30:42,B,921,159,6455,2789
2026-07-14 13:30:42,F,1311,235,6455,2789
2026-07-14 13:30:42,E,1042,303,6455,2789
2026-07-14 13:30:42,A,1605,1620,6455,2789
2026-07-14 13:30:42,C,1576,472,6455,2789
2026-07-14 14:00:46,B,885,195,6350,2894
2026-07-14 14:00:46,F,1313,233,6350,2894
2026-07-14 14:00:46,E,1041,304,6350,2894
2026-07-14 14:00:46,A,1544,1681,6350,2894
2026-07-14 14:00:46,C,1567,481,6350,2894
2026-07-14 14:19:41,B,864,216,6217,3027
2026-07-14 14:19:41,F,1290,256,6217,3027
2026-07-14 14:19:41,E,1016,329,6217,3027
2026-07-14 14:19:41,A,1511,1714,6217,3027
2026-07-14 14:19:41,C,1536,512,6217,3027
2026-07-14 14:30:41,B,853,227,6139,3105
2026-07-14 14:30:41,F,1273,273,6139,3105
2026-07-14 14:30:41,E,1000,345,6139,3105
2026-07-14 14:30:41,A,1498,1727,6139,3105
2026-07-14 14:30:41,C,1515,533,6139,3105
2026-07-14 15:00:48,B,809,271,5747,3497
2026-07-14 15:00:48,F,1220,326,5747,3497
2026-07-14 15:00:48,E,919,426,5747,3497
2026-07-14 15:00:48,A,1366,1859,5747,3497
2026-07-14 15:00:48,C,1433,615,5747,3497
2026-07-14 15:30:41,B,748,332,5331,3913
2026-07-14 15:30:41,F,1146,400,5331,3913
2026-07-14 15:30:41,E,848,497,5331,3913
2026-07-14 15:30:41,A,1227,1998,5331,3913
2026-07-14 15:30:41,C,1362,686,5331,3913
2026-07-14 16:00:45,B,698,382,5027,4217
2026-07-14 16:00:45,F,1067,479,5027,4217
2026-07-14 16:00:45,E,817,528,5027,4217
2026-07-14 16:00:45,A,1124,2101,5027,4217
2026-07-14 16:00:45,C,1321,727,5027,4217
2026-07-14 16:30:40,B,636,444,4581,4663
2026-07-14 16:30:40,F,972,574,4581,4663
2026-07-14 16:30:40,E,790,555,4581,4663
2026-07-14 16:30:40,A,954,2271,4581,4663
2026-07-14 16:30:40,C,1229,819,4581,4663
2026-07-14 16:31:04,B,636,444,4582,4662
2026-07-14 16:31:04,F,969,577,4582,4662
2026-07-14 16:31:04,E,794,551,4582,4662
2026-07-14 16:31:04,A,954,2271,4582,4662
2026-07-14 16:31:04,C,1229,819,4582,4662
2026-07-14 17:00:47,B,592,488,4029,5215
2026-07-14 17:00:47,F,895,651,4029,5215
2026-07-14 17:00:47,E,690,655,4029,5215
2026-07-14 17:00:47,A,803,2422,4029,5215
2026-07-14 17:00:47,C,1049,999,4029,5215
2026-07-14 17:30:43,B,527,553,3168,6076
2026-07-14 17:30:43,F,713,833,3168,6076
2026-07-14 17:30:43,E,563,782,3168,6076
2026-07-14 17:30:43,A,609,2616,3168,6076
2026-07-14 17:30:43,C,756,1292,3168,6076
2026-07-14 18:00:47,B,419,661,2134,7110
2026-07-14 18:00:47,F,463,1083,2134,7110
2026-07-14 18:00:47,E,378,967,2134,7110
2026-07-14 18:00:47,A,388,2837,2134,7110
2026-07-14 18:00:47,C,486,1562,2134,7110
2026-07-14 18:30:41,B,384,696,1605,7639
2026-07-14 18:30:41,F,341,1205,1605,7639
2026-07-14 18:30:41,E,341,1004,1605,7639
2026-07-14 18:30:41,A,192,3033,1605,7639
2026-07-14 18:30:41,C,347,1701,1605,7639
2026-07-14 18:56:39,B,381,699,1395,7849
2026-07-14 18:56:39,F,310,1236,1395,7849
2026-07-14 18:56:39,E,304,1041,1395,7849
2026-07-14 18:56:39,A,138,3087,1395,7849
2026-07-14 18:56:39,C,262,1786,1395,7849
2026-07-14 19:00:48,B,384,696,1390,7854
2026-07-14 19:00:48,F,307,1239,1390,7854
2026-07-14 19:00:48,E,304,1041,1390,7854
2026-07-14 19:00:48,A,137,3088,1390,7854
2026-07-14 19:00:48,C,258,1790,1390,7854
2026-07-14 19:30:42,B,356,724,1231,8013
2026-07-14 19:30:42,F,280,1266,1231,8013
2026-07-14 19:30:42,E,269,1076,1231,8013
2026-07-14 19:30:42,A,123,3102,1231,8013
2026-07-14 19:30:42,C,203,1845,1231,8013
2026-07-14 20:00:52,B,354,726,1116,8128
2026-07-14 20:00:52,F,247,1299,1116,8128
2026-07-14 20:00:52,E,208,1137,1116,8128
2026-07-14 20:00:52,A,113,3112,1116,8128
2026-07-14 20:00:52,C,194,1854,1116,8128
2026-07-14 20:29:35,B,311,769,990,8254
2026-07-14 20:29:35,F,223,1323,990,8254
2026-07-14 20:29:35,E,191,1154,990,8254
2026-07-14 20:29:35,A,98,3127,990,8254
2026-07-14 20:29:35,C,167,1881,990,8254
2026-07-14 20:30:41,B,311,769,985,8259
2026-07-14 20:30:41,F,222,1324,985,8259
2026-07-14 20:30:41,E,189,1156,985,8259
2026-07-14 20:30:41,A,99,3126,985,8259
2026-07-14 20:30:41,C,164,1884,985,8259
2026-07-14 21:00:46,B,258,822,838,8406
2026-07-14 21:00:46,F,201,1345,838,8406
2026-07-14 21:00:46,E,154,1191,838,8406
2026-07-14 21:00:46,A,90,3135,838,8406
2026-07-14 21:00:46,C,135,1913,838,8406
2026-07-14 21:30:41,B,212,868,708,8536
2026-07-14 21:30:41,F,168,1378,708,8536
2026-07-14 21:30:41,E,117,1228,708,8536
2026-07-14 21:30:41,A,81,3144,708,8536
2026-07-14 21:30:41,C,130,1918,708,8536
2026-07-14 21:53:28,B,188,892,648,8596
2026-07-14 21:53:28,F,161,1385,648,8596
2026-07-14 21:53:28,E,105,1240,648,8596
2026-07-14 21:53:28,A,75,3150,648,8596
2026-07-14 21:53:28,C,119,1929,648,8596
2026-07-14 22:00:50,B,182,898,630,8614
2026-07-14 22:00:50,F,159,1387,630,8614
2026-07-14 22:00:50,E,100,1245,630,8614
2026-07-14 22:00:50,A,72,3153,630,8614
2026-07-14 22:00:50,C,117,1931,630,8614
2026-07-14 22:30:42,B,166,914,559,8685
2026-07-14 22:30:42,F,143,1403,559,8685
2026-07-14 22:30:42,E,77,1268,559,8685
2026-07-14 22:30:42,A,67,3158,559,8685
2026-07-14 22:30:42,C,106,1942,559,8685
2026-07-14 22:57:52,B,149,931,521,8723
2026-07-14 22:57:52,F,138,1408,521,8723
2026-07-14 22:57:52,E,70,1275,521,8723
2026-07-14 22:57:52,A,63,3162,521,8723
2026-07-14 22:57:52,C,101,1947,521,8723
2026-07-14 23:00:49,B,145,935,516,8728
2026-07-14 23:00:49,F,136,1410,516,8728
2026-07-14 23:00:49,E,72,1273,516,8728
2026-07-14 23:00:49,A,62,3163,516,8728
2026-07-14 23:00:49,C,101,1947,516,8728
2026-07-14 23:30:43,B,111,969,463,8781
2026-07-14 23:30:43,F,126,1420,463,8781
2026-07-14 23:30:43,E,69,1276,463,8781
2026-07-14 23:30:43,A,61,3164,463,8781
2026-07-14 23:30:43,C,96,1952,463,8781
2026-07-15 00:00:52,B,79,1001,436,8808
2026-07-15 00:00:52,F,127,1419,436,8808
2026-07-15 00:00:52,E,63,1282,436,8808
2026-07-15 00:00:52,A,61,3164,436,8808
2026-07-15 00:00:52,C,106,1942,436,8808
2026-07-15 00:30:48,B,67,1013,427,8817
2026-07-15 00:30:48,F,136,1410,427,8817
2026-07-15 00:30:48,E,60,1285,427,8817
2026-07-15 00:30:48,A,60,3165,427,8817
2026-07-15 00:30:48,C,104,1944,427,8817
2026-07-15 00:44:43,B,50,1030,405,8839
2026-07-15 00:44:43,F,133,1413,405,8839
2026-07-15 00:44:43,E,59,1286,405,8839
2026-07-15 00:44:43,A,62,3163,405,8839
2026-07-15 00:44:43,C,101,1947,405,8839
2026-07-15 01:00:46,B,44,1036,396,8848
2026-07-15 01:00:46,F,133,1413,396,8848
2026-07-15 01:00:46,E,57,1288,396,8848
2026-07-15 01:00:46,A,60,3165,396,8848
2026-07-15 01:00:46,C,102,1946,396,8848
2026-07-15 01:30:45,B,41,1039,392,8852
2026-07-15 01:30:45,F,132,1414,392,8852
2026-07-15 01:30:45,E,57,1288,392,8852
2026-07-15 01:30:45,A,60,3165,392,8852
2026-07-15 01:30:45,C,102,1946,392,8852
2026-07-15 02:00:47,B,41,1039,391,8853
2026-07-15 02:00:47,F,132,1414,391,8853
2026-07-15 02:00:47,E,57,1288,391,8853
2026-07-15 02:00:47,A,60,3165,391,8853
2026-07-15 02:00:47,C,101,1947,391,8853
2026-07-15 02:06:09,B,41,1039,391,8853
2026-07-15 02:06:09,F,132,1414,391,8853
2026-07-15 02:06:09,E,57,1288,391,8853
2026-07-15 02:06:09,A,59,3166,391,8853
2026-07-15 02:06:09,C,102,1946,391,8853
2026-07-15 02:30:47,B,42,1038,393,8851
2026-07-15 02:30:47,F,132,1414,393,8851
2026-07-15 02:30:47,E,55,1290,393,8851
2026-07-15 02:30:47,A,59,3166,393,8851
2026-07-15 02:30:47,C,105,1943,393,8851
2026-07-15 03:00:50,B,41,1039,391,8853
2026-07-15 03:00:50,F,132,1414,391,8853
2026-07-15 03:00:50,E,57,1288,391,8853
2026-07-15 03:00:50,A,60,3165,391,8853
2026-07-15 03:00:50,C,101,1947,391,8853
2026-07-15 03:30:42,B,42,1038,387,8857
2026-07-15 03:30:42,F,133,1413,387,8857
2026-07-15 03:30:42,E,53,1292,387,8857
2026-07-15 03:30:42,A,60,3165,387,8857
2026-07-15 03:30:42,C,99,1949,387,8857
2026-07-15 03:37:42,B,41,1039,389,8855
2026-07-15 03:37:42,F,134,1412,389,8855
2026-07-15 03:37:42,E,53,1292,389,8855
2026-07-15 03:37:42,A,60,3165,389,8855
2026-07-15 03:37:42,C,101,1947,389,8855
2026-07-15 04:00:51,B,41,1039,388,8856
2026-07-15 04:00:51,F,133,1413,388,8856
2026-07-15 04:00:51,E,54,1291,388,8856
2026-07-15 04:00:51,A,59,3166,388,8856
2026-07-15 04:00:51,C,101,1947,388,8856
2026-07-15 04:30:42,B,41,1039,387,8857
2026-07-15 04:30:42,F,132,1414,387,8857
2026-07-15 04:30:42,E,52,1293,387,8857
2026-07-15 04:30:42,A,59,3166,387,8857
2026-07-15 04:30:42,C,103,1945,387,8857
2026-07-15 04:55:53,B,41,1039,387,8857
2026-07-15 04:55:53,F,132,1414,387,8857
2026-07-15 04:55:53,E,54,1291,387,8857
2026-07-15 04:55:53,A,59,3166,387,8857
2026-07-15 04:55:53,C,101,1947,387,8857
2026-07-15 05:00:49,B,41,1039,389,8855
2026-07-15 05:00:49,F,132,1414,389,8855
2026-07-15 05:00:49,E,53,1292,389,8855
2026-07-15 05:00:49,A,61,3164,389,8855
2026-07-15 05:00:49,C,102,1946,389,8855
2026-07-15 05:30:42,B,41,1039,396,8848
2026-07-15 05:30:42,F,133,1413,396,8848
2026-07-15 05:30:42,E,56,1289,396,8848
2026-07-15 05:30:42,A,61,3164,396,8848
2026-07-15 05:30:42,C,105,1943,396,8848
2026-07-15 06:00:52,B,41,1039,465,8779
2026-07-15 06:00:52,F,161,1385,465,8779
2026-07-15 06:00:52,E,67,1278,465,8779
2026-07-15 06:00:52,A,70,3155,465,8779
2026-07-15 06:00:52,C,126,1922,465,8779
2026-07-15 06:04:01,B,41,1039,470,8774
2026-07-15 06:04:01,F,164,1382,470,8774
2026-07-15 06:04:01,E,67,1278,470,8774
2026-07-15 06:04:01,A,70,3155,470,8774
2026-07-15 06:04:01,C,128,1920,470,8774
2026-07-15 06:30:45,B,42,1038,540,8704
2026-07-15 06:30:45,F,183,1363,540,8704
2026-07-15 06:30:45,E,91,1254,540,8704
2026-07-15 06:30:45,A,80,3145,540,8704
2026-07-15 06:30:45,C,144,1904,540,8704
2026-07-15 07:00:46,B,41,1039,712,8532
2026-07-15 07:00:46,F,225,1321,712,8532
2026-07-15 07:00:46,E,122,1223,712,8532
2026-07-15 07:00:46,A,122,3103,712,8532
2026-07-15 07:00:46,C,202,1846,712,8532
2026-07-15 07:27:12,B,41,1039,812,8432
2026-07-15 07:27:12,F,243,1303,812,8432
2026-07-15 07:27:12,E,134,1211,812,8432
2026-07-15 07:27:12,A,149,3076,812,8432
2026-07-15 07:27:12,C,245,1803,812,8432
2026-07-15 07:30:46,B,41,1039,831,8413
2026-07-15 07:30:46,F,245,1301,831,8413
2026-07-15 07:30:46,E,134,1211,831,8413
2026-07-15 07:30:46,A,155,3070,831,8413
2026-07-15 07:30:46,C,256,1792,831,8413
2026-07-15 08:00:50,B,42,1038,1110,8134
2026-07-15 08:00:50,F,311,1235,1110,8134
2026-07-15 08:00:50,E,180,1165,1110,8134
2026-07-15 08:00:50,A,198,3027,1110,8134
2026-07-15 08:00:50,C,379,1669,1110,8134
2026-07-15 08:28:15,B,42,1038,1496,7748
2026-07-15 08:28:15,F,382,1164,1496,7748
2026-07-15 08:28:15,E,261,1084,1496,7748
2026-07-15 08:28:15,A,271,2954,1496,7748
2026-07-15 08:28:15,C,540,1508,1496,7748
2026-07-15 08:30:45,B,42,1038,1539,7705
2026-07-15 08:30:45,F,390,1156,1539,7705
2026-07-15 08:30:45,E,267,1078,1539,7705
2026-07-15 08:30:45,A,276,2949,1539,7705
2026-07-15 08:30:45,C,564,1484,1539,7705
2026-07-15 09:00:48,B,111,969,2380,6864
2026-07-15 09:00:48,F,593,953,2380,6864
2026-07-15 09:00:48,E,423,922,2380,6864
2026-07-15 09:00:48,A,438,2787,2380,6864
2026-07-15 09:00:48,C,815,1233,2380,6864
2026-07-15 09:23:46,B,228,852,3173,6071
2026-07-15 09:23:46,F,748,798,3173,6071
2026-07-15 09:23:46,E,561,784,3173,6071
2026-07-15 09:23:46,A,629,2596,3173,6071
2026-07-15 09:23:46,C,1007,1041,3173,6071
2026-07-15 09:30:42,B,265,815,3407,5837
2026-07-15 09:30:42,F,798,748,3407,5837
2026-07-15 09:30:42,E,586,759,3407,5837
2026-07-15 09:30:42,A,708,2517,3407,5837
2026-07-15 09:30:42,C,1050,998,3407,5837
2026-07-15 10:00:50,B,389,691,4131,5113
2026-07-15 10:00:50,F,952,594,4131,5113
2026-07-15 10:00:50,E,699,646,4131,5113
2026-07-15 10:00:50,A,912,2313,4131,5113
2026-07-15 10:00:50,C,1179,869,4131,5113
2026-07-15 10:10:29,B,429,651,4341,4903
2026-07-15 10:10:29,F,995,551,4341,4903
2026-07-15 10:10:29,E,741,604,4341,4903
2026-07-15 10:10:29,A,963,2262,4341,4903
2026-07-15 10:10:29,C,1213,835,4341,4903
2026-07-15 10:30:41,B,519,561,4689,4555
2026-07-15 10:30:41,F,1064,482,4689,4555
2026-07-15 10:30:41,E,786,559,4689,4555
2026-07-15 10:30:41,A,1061,2164,4689,4555
2026-07-15 10:30:41,C,1259,789,4689,4555
2026-07-15 11:00:43,B,649,431,5251,3993
2026-07-15 11:00:43,F,1175,371,5251,3993
2026-07-15 11:00:43,E,865,480,5251,3993
2026-07-15 11:00:43,A,1211,2014,5251,3993
2026-07-15 11:00:43,C,1351,697,5251,3993
2026-07-15 11:30:43,B,730,350,5654,3590
2026-07-15 11:30:43,F,1247,299,5654,3590
2026-07-15 11:30:43,E,906,439,5654,3590
2026-07-15 11:30:43,A,1352,1873,5654,3590
2026-07-15 11:30:43,C,1419,629,5654,3590
2026-07-15 12:00:46,B,806,274,6036,3208
2026-07-15 12:00:46,F,1305,241,6036,3208
2026-07-15 12:00:46,E,942,403,6036,3208
2026-07-15 12:00:46,A,1484,1741,6036,3208
2026-07-15 12:00:46,C,1499,549,6036,3208
2026-07-15 12:30:41,B,888,192,6316,2928
2026-07-15 12:30:41,F,1315,231,6316,2928
2026-07-15 12:30:41,E,998,347,6316,2928
2026-07-15 12:30:41,A,1566,1659,6316,2928
2026-07-15 12:30:41,C,1549,499,6316,2928
2026-07-15 13:00:47,B,919,161,6454,2790
2026-07-15 13:00:47,F,1317,229,6454,2790
2026-07-15 13:00:47,E,1027,318,6454,2790
2026-07-15 13:00:47,A,1605,1620,6454,2790
2026-07-15 13:00:47,C,1586,462,6454,2790
2026-07-15 13:30:42,B,917,163,6452,2792
2026-07-15 13:30:42,F,1315,231,6452,2792
2026-07-15 13:30:42,E,1018,327,6452,2792
2026-07-15 13:30:42,A,1644,1581,6452,2792
2026-07-15 13:30:42,C,1558,490,6452,2792
2026-07-15 13:41:44,B,909,171,6415,2829
2026-07-15 13:41:44,F,1313,233,6415,2829
2026-07-15 13:41:44,E,1024,321,6415,2829
2026-07-15 13:41:44,A,1621,1604,6415,2829
2026-07-15 13:41:44,C,1548,500,6415,2829
2026-07-15 14:00:47,B,896,184,6320,2924
2026-07-15 14:00:47,F,1295,251,6320,2924
2026-07-15 14:00:47,E,1008,337,6320,2924
2026-07-15 14:00:47,A,1600,1625,6320,2924
2026-07-15 14:00:47,C,1521,527,6320,2924
2026-07-15 14:30:41,B,840,240,6094,3150
2026-07-15 14:30:41,F,1248,298,6094,3150
2026-07-15 14:30:41,E,958,387,6094,3150
2026-07-15 14:30:41,A,1541,1684,6094,3150
2026-07-15 14:30:41,C,1507,541,6094,3150
2026-07-15 15:00:46,B,781,299,5710,3534
2026-07-15 15:00:46,F,1189,357,5710,3534
2026-07-15 15:00:46,E,888,457,5710,3534
2026-07-15 15:00:46,A,1422,1803,5710,3534
2026-07-15 15:00:46,C,1430,618,5710,3534
2026-07-15 15:30:41,B,719,361,5294,3950
2026-07-15 15:30:41,F,1111,435,5294,3950
2026-07-15 15:30:41,E,834,511,5294,3950
2026-07-15 15:30:41,A,1292,1933,5294,3950
2026-07-15 15:30:41,C,1338,710,5294,3950
2026-07-15 16:00:47,B,689,391,4936,4308
2026-07-15 16:00:47,F,1051,495,4936,4308
2026-07-15 16:00:47,E,784,561,4936,4308
2026-07-15 16:00:47,A,1156,2069,4936,4308
2026-07-15 16:00:47,C,1256,792,4936,4308
2026-07-15 16:03:55,B,684,396,4902,4342
2026-07-15 16:03:55,F,1042,504,4902,4342
2026-07-15 16:03:55,E,779,566,4902,4342
2026-07-15 16:03:55,A,1151,2074,4902,4342
2026-07-15 16:03:55,C,1246,802,4902,4342
2026-07-15 16:30:41,B,652,428,4482,4762
2026-07-15 16:30:41,F,959,587,4482,4762
2026-07-15 16:30:41,E,736,609,4482,4762
2026-07-15 16:30:41,A,1019,2206,4482,4762
2026-07-15 16:30:41,C,1116,932,4482,4762
2026-07-15 17:00:49,B,635,445,3985,5259
2026-07-15 17:00:49,F,881,665,3985,5259
2026-07-15 17:00:49,E,664,681,3985,5259
2026-07-15 17:00:49,A,844,2381,3985,5259
2026-07-15 17:00:49,C,961,1087,3985,5259
2026-07-15 17:30:41,B,530,550,3044,6200
2026-07-15 17:30:41,F,727,819,3044,6200
2026-07-15 17:30:41,E,482,863,3044,6200
2026-07-15 17:30:41,A,604,2621,3044,6200
2026-07-15 17:30:41,C,701,1347,3044,6200
2026-07-15 18:30:45,B,383,697,1630,7614
2026-07-15 18:30:45,F,372,1174,1630,7614
2026-07-15 18:30:45,E,333,1012,1630,7614
2026-07-15 18:30:45,A,195,3030,1630,7614
2026-07-15 18:30:45,C,347,1701,1630,7614
2026-07-15 18:39:18,B,376,704,1555,7689
2026-07-15 18:39:18,F,352,1194,1555,7689
2026-07-15 18:39:18,E,328,1017,1555,7689
2026-07-15 18:39:18,A,182,3043,1555,7689
2026-07-15 18:39:18,C,317,1731,1555,7689
2026-07-15 19:00:49,B,393,687,1507,7737
2026-07-15 19:00:49,F,336,1210,1507,7737
2026-07-15 19:00:49,E,322,1023,1507,7737
2026-07-15 19:00:49,A,152,3073,1507,7737
2026-07-15 19:00:49,C,304,1744,1507,7737
2026-07-15 19:30:42,B,367,713,1318,7926
2026-07-15 19:30:42,F,296,1250,1318,7926
2026-07-15 19:30:42,E,254,1091,1318,7926
2026-07-15 19:30:42,A,142,3083,1318,7926
2026-07-15 19:30:42,C,259,1789,1318,7926
2026-07-15 20:00:49,B,330,750,1151,8093
2026-07-15 20:00:49,F,255,1291,1151,8093
2026-07-15 20:00:49,E,212,1133,1151,8093
2026-07-15 20:00:49,A,131,3094,1151,8093
2026-07-15 20:00:49,C,223,1825,1151,8093
2026-07-15 20:30:43,B,274,806,975,8269
2026-07-15 20:30:43,F,232,1314,975,8269
2026-07-15 20:30:43,E,178,1167,975,8269
2026-07-15 20:30:43,A,96,3129,975,8269
2026-07-15 20:30:43,C,195,1853,975,8269
2026-07-15 20:30:58,B,274,806,974,8270
2026-07-15 20:30:58,F,231,1315,974,8270
2026-07-15 20:30:58,E,178,1167,974,8270
2026-07-15 20:30:58,A,96,3129,974,8270
2026-07-15 20:30:58,C,195,1853,974,8270
2026-07-15 21:00:50,B,203,877,780,8464
2026-07-15 21:00:50,F,204,1342,780,8464
2026-07-15 21:00:50,E,149,1196,780,8464
2026-07-15 21:00:50,A,82,3143,780,8464
2026-07-15 21:00:50,C,142,1906,780,8464
2026-07-15 21:30:45,B,149,931,636,8608
2026-07-15 21:30:45,F,181,1365,636,8608
2026-07-15 21:30:45,E,104,1241,636,8608
2026-07-15 21:30:45,A,74,3151,636,8608
2026-07-15 21:30:45,C,128,1920,636,8608
2026-07-15 22:00:49,B,131,949,559,8685
2026-07-15 22:00:49,F,164,1382,559,8685
2026-07-15 22:00:49,E,74,1271,559,8685
2026-07-15 22:00:49,A,72,3153,559,8685
2026-07-15 22:00:49,C,118,1930,559,8685
2026-07-15 22:08:06,B,130,950,542,8702
2026-07-15 22:08:06,F,161,1385,542,8702
2026-07-15 22:08:06,E,70,1275,542,8702
2026-07-15 22:08:06,A,71,3154,542,8702
2026-07-15 22:08:06,C,110,1938,542,8702
2026-07-15 22:30:46,B,113,967,488,8756
2026-07-15 22:30:46,F,156,1390,488,8756
2026-07-15 22:30:46,E,56,1289,488,8756
2026-07-15 22:30:46,A,65,3160,488,8756
2026-07-15 22:30:46,C,98,1950,488,8756
2026-07-15 23:00:49,B,101,979,465,8779
2026-07-15 23:00:49,F,151,1395,465,8779
2026-07-15 23:00:49,E,54,1291,465,8779
2026-07-15 23:00:49,A,66,3159,465,8779
2026-07-15 23:00:49,C,93,1955,465,8779
2026-07-15 23:30:44,B,90,990,434,8810
2026-07-15 23:30:44,F,137,1409,434,8810
2026-07-15 23:30:44,E,54,1291,434,8810
2026-07-15 23:30:44,A,63,3162,434,8810
2026-07-15 23:30:44,C,90,1958,434,8810
2026-07-16 00:16:23,B,117,963,468,8776
2026-07-16 00:16:23,F,139,1407,468,8776
2026-07-16 00:16:23,E,51,1294,468,8776
2026-07-16 00:16:23,A,63,3162,468,8776
2026-07-16 00:16:23,C,98,1950,468,8776
2026-07-16 00:30:47,B,114,966,466,8778
2026-07-16 00:30:47,F,144,1402,466,8778
2026-07-16 00:30:47,E,51,1294,466,8778
2026-07-16 00:30:47,A,61,3164,466,8778
2026-07-16 00:30:47,C,96,1952,466,8778
2026-07-16 01:00:54,B,94,986,437,8807
2026-07-16 01:00:54,F,140,1406,437,8807
2026-07-16 01:00:54,E,50,1295,437,8807
2026-07-16 01:00:54,A,60,3165,437,8807
2026-07-16 01:00:54,C,93,1955,437,8807
2026-07-16 01:30:50,B,93,987,437,8807
2026-07-16 01:30:50,F,138,1408,437,8807
2026-07-16 01:30:50,E,50,1295,437,8807
2026-07-16 01:30:50,A,61,3164,437,8807
2026-07-16 01:30:50,C,95,1953,437,8807
2026-07-16 01:56:46,B,93,987,434,8810
2026-07-16 01:56:46,F,137,1409,434,8810
2026-07-16 01:56:46,E,48,1297,434,8810
2026-07-16 01:56:46,A,60,3165,434,8810
2026-07-16 01:56:46,C,96,1952,434,8810
2026-07-16 02:00:54,B,94,986,433,8811
2026-07-16 02:00:54,F,137,1409,433,8811
2026-07-16 02:00:54,E,48,1297,433,8811
2026-07-16 02:00:54,A,60,3165,433,8811
2026-07-16 02:00:54,C,94,1954,433,8811
2026-07-16 02:30:43,B,92,988,435,8809
2026-07-16 02:30:43,F,137,1409,435,8809
2026-07-16 02:30:43,E,48,1297,435,8809
2026-07-16 02:30:43,A,60,3165,435,8809
2026-07-16 02:30:43,C,98,1950,435,8809
2026-07-16 03:00:50,B,91,989,440,8804
2026-07-16 03:00:50,F,138,1408,440,8804
2026-07-16 03:00:50,E,48,1297,440,8804
2026-07-16 03:00:50,A,59,3166,440,8804
2026-07-16 03:00:50,C,104,1944,440,8804
2026-07-16 03:06:16,B,93,987,454,8790
2026-07-16 03:06:16,F,138,1408,454,8790
2026-07-16 03:06:16,E,47,1298,454,8790
2026-07-16 03:06:16,A,59,3166,454,8790
2026-07-16 03:06:16,C,117,1931,454,8790
2026-07-16 03:30:44,B,48,1032,386,8858
2026-07-16 03:30:44,F,138,1408,386,8858
2026-07-16 03:30:44,E,48,1297,386,8858
2026-07-16 03:30:44,A,59,3166,386,8858
2026-07-16 03:30:44,C,93,1955,386,8858
2026-07-16 04:00:54,B,40,1040,382,8862
2026-07-16 04:00:54,F,138,1408,382,8862
2026-07-16 04:00:54,E,47,1298,382,8862
2026-07-16 04:00:54,A,59,3166,382,8862
2026-07-16 04:00:54,C,98,1950,382,8862
2026-07-16 04:30:41,B,40,1040,377,8867
2026-07-16 04:30:41,F,136,1410,377,8867
2026-07-16 04:30:41,E,47,1298,377,8867
2026-07-16 04:30:41,A,60,3165,377,8867
2026-07-16 04:30:41,C,94,1954,377,8867
2026-07-16 04:34:52,B,41,1039,378,8866
2026-07-16 04:34:52,F,136,1410,378,8866
2026-07-16 04:34:52,E,47,1298,378,8866
2026-07-16 04:34:52,A,60,3165,378,8866
2026-07-16 04:34:52,C,94,1954,378,8866
2026-07-16 05:00:45,B,41,1039,382,8862
2026-07-16 05:00:45,F,139,1407,382,8862
2026-07-16 05:00:45,E,47,1298,382,8862
2026-07-16 05:00:45,A,59,3166,382,8862
2026-07-16 05:00:45,C,96,1952,382,8862
2026-07-16 05:30:42,B,40,1040,392,8852
2026-07-16 05:30:42,F,141,1405,392,8852
2026-07-16 05:30:42,E,54,1291,392,8852
2026-07-16 05:30:42,A,60,3165,392,8852
2026-07-16 05:30:42,C,97,1951,392,8852
2026-07-16 05:58:38,B,39,1041,434,8810
2026-07-16 05:58:38,F,160,1386,434,8810
2026-07-16 05:58:38,E,66,1279,434,8810
2026-07-16 05:58:38,A,68,3157,434,8810
2026-07-16 05:58:38,C,101,1947,434,8810
2026-07-16 06:00:46,B,41,1039,443,8801
2026-07-16 06:00:46,F,161,1385,443,8801
2026-07-16 06:00:46,E,69,1276,443,8801
2026-07-16 06:00:46,A,68,3157,443,8801
2026-07-16 06:00:46,C,104,1944,443,8801
2026-07-16 06:30:41,B,41,1039,525,8719
2026-07-16 06:30:41,F,180,1366,525,8719
2026-07-16 06:30:41,E,86,1259,525,8719
2026-07-16 06:30:41,A,82,3143,525,8719
2026-07-16 06:30:41,C,136,1912,525,8719
2026-07-16 06:56:43,B,40,1040,659,8585
2026-07-16 06:56:43,F,215,1331,659,8585
2026-07-16 06:56:43,E,108,1237,659,8585
2026-07-16 06:56:43,A,107,3118,659,8585
2026-07-16 06:56:43,C,189,1859,659,8585
2026-07-16 07:00:47,B,40,1040,695,8549
2026-07-16 07:00:47,F,232,1314,695,8549
2026-07-16 07:00:47,E,116,1229,695,8549
2026-07-16 07:00:47,A,113,3112,695,8549
2026-07-16 07:00:47,C,194,1854,695,8549
2026-07-16 07:30:42,B,40,1040,815,8429
2026-07-16 07:30:42,F,255,1291,815,8429
2026-07-16 07:30:42,E,148,1197,815,8429
2026-07-16 07:30:42,A,144,3081,815,8429
2026-07-16 07:30:42,C,228,1820,815,8429
2026-07-16 07:49:22,B,41,1039,930,8314
2026-07-16 07:49:22,F,275,1271,930,8314
2026-07-16 07:49:22,E,162,1183,930,8314
2026-07-16 07:49:22,A,169,3056,930,8314
2026-07-16 07:49:22,C,283,1765,930,8314
2026-07-16 08:00:49,B,41,1039,1054,8190
2026-07-16 08:00:49,F,296,1250,1054,8190
2026-07-16 08:00:49,E,183,1162,1054,8190
2026-07-16 08:00:49,A,192,3033,1054,8190
2026-07-16 08:00:49,C,342,1706,1054,8190
2026-07-16 08:30:40,B,40,1040,1423,7821
2026-07-16 08:30:40,F,377,1169,1423,7821
2026-07-16 08:30:40,E,260,1085,1423,7821
2026-07-16 08:30:40,A,249,2976,1423,7821
2026-07-16 08:30:40,C,497,1551,1423,7821
2026-07-16 08:44:12,B,53,1027,1677,7567
2026-07-16 08:44:12,F,443,1103,1677,7567
2026-07-16 08:44:12,E,292,1053,1677,7567
2026-07-16 08:44:12,A,290,2935,1677,7567
2026-07-16 08:44:12,C,599,1449,1677,7567
2026-07-16 09:00:47,B,113,967,2137,7107
2026-07-16 09:00:47,F,570,976,2137,7107
2026-07-16 09:00:47,E,371,974,2137,7107
2026-07-16 09:00:47,A,369,2856,2137,7107
2026-07-16 09:00:47,C,714,1334,2137,7107
2026-07-16 09:30:42,B,242,838,3060,6184
2026-07-16 09:30:42,F,804,742,3060,6184
2026-07-16 09:30:42,E,514,831,3060,6184
2026-07-16 09:30:42,A,563,2662,3060,6184
2026-07-16 09:30:42,C,937,1111,3060,6184
2026-07-16 09:45:11,B,311,769,3461,5783
2026-07-16 09:45:11,F,891,655,3461,5783
2026-07-16 09:45:11,E,571,774,3461,5783
2026-07-16 09:45:11,A,674,2551,3461,5783
2026-07-16 09:45:11,C,1014,1034,3461,5783
2026-07-16 10:00:48,B,389,691,3849,5395
2026-07-16 10:00:48,F,987,559,3849,5395
2026-07-16 10:00:48,E,624,721,3849,5395
2026-07-16 10:00:48,A,767,2458,3849,5395
2026-07-16 10:00:48,C,1082,966,3849,5395
2026-07-16 10:30:41,B,533,547,4484,4760
2026-07-16 10:30:41,F,1093,453,4484,4760
2026-07-16 10:30:41,E,702,643,4484,4760
2026-07-16 10:30:41,A,957,2268,4484,4760
2026-07-16 10:30:41,C,1199,849,4484,4760
2026-07-16 11:00:47,B,680,400,5169,4075
2026-07-16 11:00:47,F,1201,345,5169,4075
2026-07-16 11:00:47,E,816,529,5169,4075
2026-07-16 11:00:47,A,1186,2039,5169,4075
2026-07-16 11:00:47,C,1286,762,5169,4075
2026-07-16 11:13:54,B,724,356,5381,3863
2026-07-16 11:13:54,F,1234,312,5381,3863
2026-07-16 11:13:54,E,855,490,5381,3863
2026-07-16 11:13:54,A,1260,1965,5381,3863
2026-07-16 11:13:54,C,1308,740,5381,3863
2026-07-16 11:30:41,B,779,301,5657,3587
2026-07-16 11:30:41,F,1262,284,5657,3587
2026-07-16 11:30:41,E,909,436,5657,3587
2026-07-16 11:30:41,A,1357,1868,5657,3587
2026-07-16 11:30:41,C,1350,698,5657,3587
2026-07-16 12:00:44,B,867,213,6046,3198
2026-07-16 12:00:44,F,1304,242,6046,3198
2026-07-16 12:00:44,E,991,354,6046,3198
2026-07-16 12:00:44,A,1449,1776,6046,3198
2026-07-16 12:00:44,C,1435,613,6046,3198
2026-07-16 12:30:42,B,929,151,6393,2851
2026-07-16 12:30:42,F,1319,227,6393,2851
2026-07-16 12:30:42,E,1059,286,6393,2851
2026-07-16 12:30:42,A,1604,1621,6393,2851
2026-07-16 12:30:42,C,1482,566,6393,2851
2026-07-16 13:00:48,B,969,111,6605,2639
2026-07-16 13:00:48,F,1323,223,6605,2639
2026-07-16 13:00:48,E,1071,274,6605,2639
2026-07-16 13:00:48,A,1727,1498,6605,2639
2026-07-16 13:00:48,C,1515,533,6605,2639
2026-07-16 13:30:41,B,985,95,6675,2569
2026-07-16 13:30:41,F,1322,224,6675,2569
2026-07-16 13:30:41,E,1078,267,6675,2569
2026-07-16 13:30:41,A,1753,1472,6675,2569
2026-07-16 13:30:41,C,1537,511,6675,2569
2026-07-16 14:00:45,B,978,102,6613,2631
2026-07-16 14:00:45,F,1325,221,6613,2631
2026-07-16 14:00:45,E,1060,285,6613,2631
2026-07-16 14:00:45,A,1723,1502,6613,2631
2026-07-16 14:00:45,C,1527,521,6613,2631
2026-07-16 14:29:23,B,939,141,6431,2813
2026-07-16 14:29:23,F,1295,251,6431,2813
2026-07-16 14:29:23,E,1023,322,6431,2813
2026-07-16 14:29:23,A,1683,1542,6431,2813
2026-07-16 14:29:23,C,1491,557,6431,2813
2026-07-16 14:30:39,B,936,144,6432,2812
2026-07-16 14:30:39,F,1294,252,6432,2812
2026-07-16 14:30:39,E,1023,322,6432,2812
2026-07-16 14:30:39,A,1687,1538,6432,2812
2026-07-16 14:30:39,C,1492,556,6432,2812
2026-07-16 15:00:48,B,872,208,6110,3134
2026-07-16 15:00:48,F,1252,294,6110,3134
2026-07-16 15:00:48,E,978,367,6110,3134
2026-07-16 15:00:48,A,1595,1630,6110,3134
2026-07-16 15:00:48,C,1413,635,6110,3134
2026-07-16 15:30:42,B,830,250,5736,3508
2026-07-16 15:30:42,F,1214,332,5736,3508
2026-07-16 15:30:42,E,908,437,5736,3508
2026-07-16 15:30:42,A,1444,1781,5736,3508
2026-07-16 15:30:42,C,1340,708,5736,3508
2026-07-16 16:00:46,B,840,240,5551,3693
2026-07-16 16:00:46,F,1196,350,5551,3693
2026-07-16 16:00:46,E,839,506,5551,3693
2026-07-16 16:00:46,A,1369,1856,5551,3693
2026-07-16 16:00:46,C,1307,741,5551,3693
2026-07-16 16:30:45,B,862,218,5368,3876
2026-07-16 16:30:45,F,1145,401,5368,3876
2026-07-16 16:30:45,E,806,539,5368,3876
2026-07-16 16:30:45,A,1281,1944,5368,3876
2026-07-16 16:30:45,C,1274,774,5368,3876
2026-07-16 16:41:46,B,850,230,5257,3987
2026-07-16 16:41:46,F,1113,433,5257,3987
2026-07-16 16:41:46,E,783,562,5257,3987
2026-07-16 16:41:46,A,1257,1968,5257,3987
2026-07-16 16:41:46,C,1254,794,5257,3987
2026-07-16 17:00:48,B,871,209,5158,4086
2026-07-16 17:00:48,F,1088,458,5158,4086
2026-07-16 17:00:48,E,763,582,5158,4086
2026-07-16 17:00:48,A,1244,1981,5158,4086
2026-07-16 17:00:48,C,1192,856,5158,4086
2026-07-16 17:30:42,B,896,184,4938,4306
2026-07-16 17:30:42,F,1025,521,4938,4306
2026-07-16 17:30:42,E,733,612,4938,4306
2026-07-16 17:30:42,A,1192,2033,4938,4306
2026-07-16 17:30:42,C,1092,956,4938,4306
2026-07-16 18:00:44,B,951,129,4972,4272
2026-07-16 18:00:44,F,1035,511,4972,4272
2026-07-16 18:00:44,E,758,587,4972,4272
2026-07-16 18:00:44,A,1194,2031,4972,4272
2026-07-16 18:00:44,C,1034,1014,4972,4272
2026-07-16 18:30:46,B,989,91,5053,4191
2026-07-16 18:30:46,F,1002,544,5053,4191
2026-07-16 18:30:46,E,830,515,5053,4191
2026-07-16 18:30:46,A,1201,2024,5053,4191
2026-07-16 18:30:46,C,1031,1017,5053,4191
2026-07-16 19:00:47,B,987,93,5189,4055
2026-07-16 19:00:47,F,1028,518,5189,4055
2026-07-16 19:00:47,E,855,490,5189,4055
2026-07-16 19:00:47,A,1260,1965,5189,4055
2026-07-16 19:00:47,C,1059,989,5189,4055
2026-07-16 19:06:33,B,991,89,5184,4060
2026-07-16 19:06:33,F,1021,525,5184,4060
2026-07-16 19:06:33,E,863,482,5184,4060
2026-07-16 19:06:33,A,1265,1960,5184,4060
2026-07-16 19:06:33,C,1044,1004,5184,4060
2026-07-16 19:30:43,B,988,92,5102,4142
2026-07-16 19:30:43,F,990,556,5102,4142
2026-07-16 19:30:43,E,875,470,5102,4142
2026-07-16 19:30:43,A,1236,1989,5102,4142
2026-07-16 19:30:43,C,1013,1035,5102,4142
2026-07-16 20:01:54,B,991,89,4727,4517
2026-07-16 20:01:54,F,933,613,4727,4517
2026-07-16 20:01:54,E,784,561,4727,4517
2026-07-16 20:01:54,A,1148,2077,4727,4517
2026-07-16 20:01:54,C,871,1177,4727,4517
2026-07-16 20:30:44,B,920,160,4125,5119
2026-07-16 20:30:44,F,806,740,4125,5119
2026-07-16 20:30:44,E,677,668,4125,5119
2026-07-16 20:30:44,A,1001,2224,4125,5119
2026-07-16 20:30:44,C,721,1327,4125,5119
2026-07-16 21:00:51,B,782,298,3191,6053
2026-07-16 21:00:51,F,636,910,3191,6053
2026-07-16 21:00:51,E,482,863,3191,6053
2026-07-16 21:00:51,A,723,2502,3191,6053
2026-07-16 21:00:51,C,568,1480,3191,6053
2026-07-16 21:14:28,B,660,420,2485,6759
2026-07-16 21:14:28,F,475,1071,2485,6759
2026-07-16 21:14:28,E,350,995,2485,6759
2026-07-16 21:14:28,A,535,2690,2485,6759
2026-07-16 21:14:28,C,465,1583,2485,6759
2026-07-16 21:30:41,B,538,542,1847,7397
2026-07-16 21:30:41,F,363,1183,1847,7397
2026-07-16 21:30:41,E,234,1111,1847,7397
2026-07-16 21:30:41,A,367,2858,1847,7397
2026-07-16 21:30:41,C,345,1703,1847,7397
2026-07-16 22:00:48,B,493,587,1270,7974
2026-07-16 22:00:48,F,239,1307,1270,7974
2026-07-16 22:00:48,E,146,1199,1270,7974
2026-07-16 22:00:48,A,171,3054,1270,7974
2026-07-16 22:00:48,C,221,1827,1270,7974
2026-07-16 22:30:45,B,411,669,956,8288
2026-07-16 22:30:45,F,190,1356,956,8288
2026-07-16 22:30:45,E,91,1254,956,8288
2026-07-16 22:30:45,A,120,3105,956,8288
2026-07-16 22:30:45,C,144,1904,956,8288
2026-07-16 22:56:41,B,385,695,873,8371
2026-07-16 22:56:41,F,169,1377,873,8371
2026-07-16 22:56:41,E,84,1261,873,8371
2026-07-16 22:56:41,A,107,3118,873,8371
2026-07-16 22:56:41,C,128,1920,873,8371
2026-07-16 23:00:47,B,362,718,851,8393
2026-07-16 23:00:47,F,167,1379,851,8393
2026-07-16 23:00:47,E,87,1258,851,8393
2026-07-16 23:00:47,A,106,3119,851,8393
2026-07-16 23:00:47,C,129,1919,851,8393
2026-07-16 23:30:44,B,300,780,724,8520
2026-07-16 23:30:44,F,149,1397,724,8520
2026-07-16 23:30:44,E,77,1268,724,8520
2026-07-16 23:30:44,A,87,3138,724,8520
2026-07-16 23:30:44,C,111,1937,724,8520
2026-07-17 00:00:52,B,275,805,686,8558
2026-07-17 00:00:52,F,152,1394,686,8558
2026-07-17 00:00:52,E,70,1275,686,8558
2026-07-17 00:00:52,A,80,3145,686,8558
2026-07-17 00:00:52,C,109,1939,686,8558
2026-07-17 00:30:46,B,218,862,606,8638
2026-07-17 00:30:46,F,151,1395,606,8638
2026-07-17 00:30:46,E,65,1280,606,8638
2026-07-17 00:30:46,A,74,3151,606,8638
2026-07-17 00:30:46,C,98,1950,606,8638
2026-07-17 00:52:45,B,171,909,557,8687
2026-07-17 00:52:45,F,150,1396,557,8687
2026-07-17 00:52:45,E,68,1277,557,8687
2026-07-17 00:52:45,A,73,3152,557,8687
2026-07-17 00:52:45,C,95,1953,557,8687
2026-07-17 01:00:41,B,93,987,473,8771
2026-07-17 01:00:41,F,148,1398,473,8771
2026-07-17 01:00:41,E,69,1276,473,8771
2026-07-17 01:00:41,A,70,3155,473,8771
2026-07-17 01:00:41,C,93,1955,473,8771
2026-07-17 01:30:36,B,53,1027,411,8833
2026-07-17 01:30:36,F,142,1404,411,8833
2026-07-17 01:30:36,E,64,1281,411,8833
2026-07-17 01:30:36,A,63,3162,411,8833
2026-07-17 01:30:36,C,89,1959,411,8833
2026-07-17 02:00:41,B,48,1032,409,8835
2026-07-17 02:00:41,F,142,1404,409,8835
2026-07-17 02:00:41,E,64,1281,409,8835
2026-07-17 02:00:41,A,63,3162,409,8835
2026-07-17 02:00:41,C,92,1956,409,8835
2026-07-17 02:07:15,B,46,1034,403,8841
2026-07-17 02:07:15,F,141,1405,403,8841
2026-07-17 02:07:15,E,64,1281,403,8841
2026-07-17 02:07:15,A,62,3163,403,8841
2026-07-17 02:07:15,C,90,1958,403,8841
2026-07-17 02:30:32,B,45,1035,402,8842
2026-07-17 02:30:32,F,139,1407,402,8842
2026-07-17 02:30:32,E,62,1283,402,8842
2026-07-17 02:30:32,A,62,3163,402,8842
2026-07-17 02:30:32,C,94,1954,402,8842
2026-07-17 03:00:43,B,45,1035,402,8842
2026-07-17 03:00:43,F,140,1406,402,8842
2026-07-17 03:00:43,E,61,1284,402,8842
2026-07-17 03:00:43,A,64,3161,402,8842
2026-07-17 03:00:43,C,92,1956,402,8842
2026-07-17 03:30:36,B,45,1035,417,8827
2026-07-17 03:30:36,F,140,1406,417,8827
2026-07-17 03:30:36,E,62,1283,417,8827
2026-07-17 03:30:36,A,63,3162,417,8827
2026-07-17 03:30:36,C,107,1941,417,8827
2026-07-17 03:43:29,B,45,1035,421,8823
2026-07-17 03:43:29,F,139,1407,421,8823
2026-07-17 03:43:29,E,62,1283,421,8823
2026-07-17 03:43:29,A,62,3163,421,8823
2026-07-17 03:43:29,C,113,1935,421,8823
2026-07-17 04:00:41,B,45,1035,405,8839
2026-07-17 04:00:41,F,139,1407,405,8839
2026-07-17 04:00:41,E,62,1283,405,8839
2026-07-17 04:00:41,A,63,3162,405,8839
2026-07-17 04:00:41,C,96,1952,405,8839
2026-07-17 04:30:36,B,46,1034,407,8837
2026-07-17 04:30:36,F,140,1406,407,8837
2026-07-17 04:30:36,E,62,1283,407,8837
2026-07-17 04:30:36,A,63,3162,407,8837
2026-07-17 04:30:36,C,96,1952,407,8837
2026-07-17 04:50:55,B,47,1033,409,8835
2026-07-17 04:50:55,F,141,1405,409,8835
2026-07-17 04:50:55,E,62,1283,409,8835
2026-07-17 04:50:55,A,63,3162,409,8835
2026-07-17 04:50:55,C,96,1952,409,8835
2026-07-17 05:00:40,B,46,1034,412,8832
2026-07-17 05:00:40,F,143,1403,412,8832
2026-07-17 05:00:40,E,63,1282,412,8832
2026-07-17 05:00:40,A,64,3161,412,8832
2026-07-17 05:00:40,C,96,1952,412,8832
2026-07-17 05:30:33,B,47,1033,426,8818
2026-07-17 05:30:33,F,148,1398,426,8818
2026-07-17 05:30:33,E,70,1275,426,8818
2026-07-17 05:30:33,A,63,3162,426,8818
2026-07-17 05:30:33,C,98,1950,426,8818
2026-07-17 05:52:41,B,47,1033,465,8779
2026-07-17 05:52:41,F,166,1380,465,8779
2026-07-17 05:52:41,E,75,1270,465,8779
2026-07-17 05:52:41,A,65,3160,465,8779
2026-07-17 05:52:41,C,112,1936,465,8779
2026-07-17 06:00:38,B,47,1033,515,8729
2026-07-17 06:00:38,F,175,1371,515,8729
2026-07-17 06:00:38,E,81,1264,515,8729
2026-07-17 06:00:38,A,67,3158,515,8729
2026-07-17 06:00:38,C,145,1903,515,8729
2026-07-17 06:30:34,B,45,1035,542,8702
2026-07-17 06:30:34,F,197,1349,542,8702
2026-07-17 06:30:34,E,89,1256,542,8702
2026-07-17 06:30:34,A,79,3146,542,8702
2026-07-17 06:30:34,C,132,1916,542,8702
2026-07-17 06:40:04,B,48,1032,571,8673
2026-07-17 06:40:04,F,203,1343,571,8673
2026-07-17 06:40:04,E,97,1248,571,8673
2026-07-17 06:40:04,A,82,3143,571,8673
2026-07-17 06:40:04,C,141,1907,571,8673
2026-07-17 07:00:40,B,47,1033,708,8536
2026-07-17 07:00:40,F,244,1302,708,8536
2026-07-17 07:00:40,E,110,1235,708,8536
2026-07-17 07:00:40,A,109,3116,708,8536
2026-07-17 07:00:40,C,198,1850,708,8536
2026-07-17 07:30:38,B,46,1034,826,8418
2026-07-17 07:30:38,F,271,1275,826,8418
2026-07-17 07:30:38,E,131,1214,826,8418
2026-07-17 07:30:38,A,128,3097,826,8418
2026-07-17 07:30:38,C,250,1798,826,8418
2026-07-17 07:51:38,B,47,1033,951,8293
2026-07-17 07:51:38,F,291,1255,951,8293
2026-07-17 07:51:38,E,157,1188,951,8293
2026-07-17 07:51:38,A,156,3069,951,8293
2026-07-17 07:51:38,C,300,1748,951,8293
2026-07-17 08:00:42,B,47,1033,1018,8226
2026-07-17 08:00:42,F,297,1249,1018,8226
2026-07-17 08:00:42,E,170,1175,1018,8226
2026-07-17 08:00:42,A,173,3052,1018,8226
2026-07-17 08:00:42,C,331,1717,1018,8226
2026-07-17 08:30:37,B,47,1033,1323,7921
2026-07-17 08:30:37,F,359,1187,1323,7921
2026-07-17 08:30:37,E,237,1108,1323,7921
2026-07-17 08:30:37,A,238,2987,1323,7921
2026-07-17 08:30:37,C,442,1606,1323,7921
2026-07-17 08:43:56,B,47,1033,1553,7691
2026-07-17 08:43:56,F,442,1104,1553,7691
2026-07-17 08:43:56,E,270,1075,1553,7691
2026-07-17 08:43:56,A,297,2928,1553,7691
2026-07-17 08:43:56,C,497,1551,1553,7691
2026-07-17 09:00:40,B,98,982,1921,7323
2026-07-17 09:00:40,F,547,999,1921,7323
2026-07-17 09:00:40,E,327,1018,1921,7323
2026-07-17 09:00:40,A,361,2864,1921,7323
2026-07-17 09:00:40,C,588,1460,1921,7323
2026-07-17 09:30:34,B,249,831,2774,6470
2026-07-17 09:30:34,F,767,779,2774,6470
2026-07-17 09:30:34,E,486,859,2774,6470
2026-07-17 09:30:34,A,563,2662,2774,6470
2026-07-17 09:30:34,C,709,1339,2774,6470
2026-07-17 09:44:22,B,304,776,3064,6180
2026-07-17 09:44:22,F,834,712,3064,6180
2026-07-17 09:44:22,E,531,814,3064,6180
2026-07-17 09:44:22,A,636,2589,3064,6180
2026-07-17 09:44:22,C,759,1289,3064,6180
2026-07-17 10:00:42,B,413,667,3475,5769
2026-07-17 10:00:42,F,911,635,3475,5769
2026-07-17 10:00:42,E,578,767,3475,5769
2026-07-17 10:00:42,A,756,2469,3475,5769
2026-07-17 10:00:42,C,817,1231,3475,5769
2026-07-17 10:30:34,B,557,523,4093,5151
2026-07-17 10:30:34,F,1032,514,4093,5151
2026-07-17 10:30:34,E,685,660,4093,5151
2026-07-17 10:30:34,A,903,2322,4093,5151
2026-07-17 10:30:34,C,916,1132,4093,5151
2026-07-17 11:00:40,B,688,392,4728,4516
2026-07-17 11:00:40,F,1147,399,4728,4516
2026-07-17 11:00:40,E,745,600,4728,4516
2026-07-17 11:00:40,A,1093,2132,4728,4516
2026-07-17 11:00:40,C,1055,993,4728,4516
2026-07-17 11:17:35,B,730,350,5044,4200
2026-07-17 11:17:35,F,1184,362,5044,4200
2026-07-17 11:17:35,E,794,551,5044,4200
2026-07-17 11:17:35,A,1238,1987,5044,4200
2026-07-17 11:17:35,C,1098,950,5044,4200
2026-07-17 11:30:34,B,758,322,5225,4019
2026-07-17 11:30:34,F,1214,332,5225,4019
2026-07-17 11:30:34,E,827,518,5225,4019
2026-07-17 11:30:34,A,1294,1931,5225,4019
2026-07-17 11:30:34,C,1132,916,5225,4019
2026-07-17 12:00:39,B,851,229,5703,3541
2026-07-17 12:00:39,F,1285,261,5703,3541
2026-07-17 12:00:39,E,910,435,5703,3541
2026-07-17 12:00:39,A,1441,1784,5703,3541
2026-07-17 12:00:39,C,1216,832,5703,3541
2026-07-17 12:30:34,B,902,178,5993,3251
2026-07-17 12:30:34,F,1314,232,5993,3251
2026-07-17 12:30:34,E,968,377,5993,3251
2026-07-17 12:30:34,A,1557,1668,5993,3251
2026-07-17 12:30:34,C,1252,796,5993,3251
2026-07-17 13:00:39,B,966,114,6282,2962
2026-07-17 13:00:39,F,1324,222,6282,2962
2026-07-17 13:00:39,E,1038,307,6282,2962
2026-07-17 13:00:39,A,1662,1563,6282,2962
2026-07-17 13:00:39,C,1292,756,6282,2962
2026-07-17 13:30:34,B,970,110,6346,2898
2026-07-17 13:30:34,F,1309,237,6346,2898
2026-07-17 13:30:34,E,1076,269,6346,2898
2026-07-17 13:30:34,A,1699,1526,6346,2898
2026-07-17 13:30:34,C,1292,756,6346,2898
2026-07-17 14:00:40,B,944,136,6246,2998
2026-07-17 14:00:40,F,1287,259,6246,2998
2026-07-17 14:00:40,E,1022,323,6246,2998
2026-07-17 14:00:40,A,1721,1504,6246,2998
2026-07-17 14:00:40,C,1272,776,6246,2998
2026-07-17 14:30:32,B,921,159,5982,3262
2026-07-17 14:30:32,F,1273,273,5982,3262
2026-07-17 14:30:32,E,959,386,5982,3262
2026-07-17 14:30:32,A,1615,1610,5982,3262
2026-07-17 14:30:32,C,1214,834,5982,3262
2026-07-17 14:31:16,B,920,160,5982,3262
2026-07-17 14:31:16,F,1276,270,5982,3262
2026-07-17 14:31:16,E,961,384,5982,3262
2026-07-17 14:31:16,A,1615,1610,5982,3262
2026-07-17 14:31:16,C,1210,838,5982,3262
2026-07-17 15:00:42,B,867,213,5670,3574
2026-07-17 15:00:42,F,1248,298,5670,3574
2026-07-17 15:00:42,E,896,449,5670,3574
2026-07-17 15:00:42,A,1491,1734,5670,3574
2026-07-17 15:00:42,C,1168,880,5670,3574
2026-07-17 15:30:32,B,822,258,5301,3943
2026-07-17 15:30:32,F,1197,349,5301,3943
2026-07-17 15:30:32,E,828,517,5301,3943
2026-07-17 15:30:32,A,1365,1860,5301,3943
2026-07-17 15:30:32,C,1089,959,5301,3943
2026-07-17 16:00:37,B,800,280,5203,4041
2026-07-17 16:00:37,F,1191,355,5203,4041
2026-07-17 16:00:37,E,818,527,5203,4041
2026-07-17 16:00:37,A,1331,1894,5203,4041
2026-07-17 16:00:37,C,1063,985,5203,4041
2026-07-17 16:30:32,B,809,271,5021,4223
2026-07-17 16:30:32,F,1153,393,5021,4223
2026-07-17 16:30:32,E,774,571,5021,4223
2026-07-17 16:30:32,A,1282,1943,5021,4223
2026-07-17 16:30:32,C,1003,1045,5021,4223
2026-07-17 17:00:41,B,876,204,4981,4263
2026-07-17 17:00:41,F,1125,421,4981,4263
2026-07-17 17:00:41,E,740,605,4981,4263
2026-07-17 17:00:41,A,1254,1971,4981,4263
2026-07-17 17:00:41,C,986,1062,4981,4263
2026-07-17 17:06:39,B,900,180,4982,4262
2026-07-17 17:06:39,F,1118,428,4982,4262
2026-07-17 17:06:39,E,736,609,4982,4262
2026-07-17 17:06:39,A,1258,1967,4982,4262
2026-07-17 17:06:39,C,970,1078,4982,4262
2026-07-17 17:30:31,B,913,167,4963,4281
2026-07-17 17:30:31,F,1096,450,4963,4281
2026-07-17 17:30:31,E,752,593,4963,4281
2026-07-17 17:30:31,A,1248,1977,4963,4281
2026-07-17 17:30:31,C,954,1094,4963,4281
2026-07-17 18:00:36,B,983,97,5165,4079
2026-07-17 18:00:36,F,1108,438,5165,4079
2026-07-17 18:00:36,E,787,558,5165,4079
2026-07-17 18:00:36,A,1325,1900,5165,4079
2026-07-17 18:00:36,C,962,1086,5165,4079
2026-07-17 18:30:33,B,994,86,5542,3702
2026-07-17 18:30:33,F,1166,380,5542,3702
2026-07-17 18:30:33,E,866,479,5542,3702
2026-07-17 18:30:33,A,1486,1739,5542,3702
2026-07-17 18:30:33,C,1030,1018,5542,3702
2026-07-17 19:00:41,B,991,89,5903,3341
2026-07-17 19:00:41,F,1232,314,5903,3341
2026-07-17 19:00:41,E,912,433,5903,3341
2026-07-17 19:00:41,A,1636,1589,5903,3341
2026-07-17 19:00:41,C,1132,916,5903,3341
2026-07-17 19:24:42,B,989,91,6034,3210
2026-07-17 19:24:42,F,1254,292,6034,3210
2026-07-17 19:24:42,E,939,406,6034,3210
2026-07-17 19:24:42,A,1687,1538,6034,3210
2026-07-17 19:24:42,C,1165,883,6034,3210
2026-07-17 19:30:33,B,991,89,6048,3196
2026-07-17 19:30:33,F,1249,297,6048,3196
2026-07-17 19:30:33,E,945,400,6048,3196
2026-07-17 19:30:33,A,1684,1541,6048,3196
2026-07-17 19:30:33,C,1179,869,6048,3196
2026-07-17 20:00:37,B,996,84,5851,3393
2026-07-17 20:00:37,F,1171,375,5851,3393
2026-07-17 20:00:37,E,904,441,5851,3393
2026-07-17 20:00:37,A,1656,1569,5851,3393
2026-07-17 20:00:37,C,1124,924,5851,3393
2026-07-17 20:30:33,B,994,86,5288,3956
2026-07-17 20:30:33,F,1061,485,5288,3956
2026-07-17 20:30:33,E,777,568,5288,3956
2026-07-17 20:30:33,A,1452,1773,5288,3956
2026-07-17 20:30:33,C,1004,1044,5288,3956
2026-07-17 21:00:24,B,961,119,4329,4915
2026-07-17 21:00:24,F,880,666,4329,4915
2026-07-17 21:00:24,E,568,777,4329,4915
2026-07-17 21:00:24,A,1110,2115,4329,4915
2026-07-17 21:00:24,C,810,1238,4329,4915
2026-07-17 21:30:32,B,675,405,2493,6751
2026-07-17 21:30:32,F,500,1046,2493,6751
2026-07-17 21:30:32,E,329,1016,2493,6751
2026-07-17 21:30:32,A,545,2680,2493,6751
2026-07-17 21:30:32,C,444,1604,2493,6751
2026-07-17 22:00:41,B,614,466,1744,7500
2026-07-17 22:00:41,F,304,1242,1744,7500
2026-07-17 22:00:41,E,186,1159,1744,7500
2026-07-17 22:00:41,A,339,2886,1744,7500
2026-07-17 22:00:41,C,301,1747,1744,7500
2026-07-17 22:30:32,B,489,591,1311,7933
2026-07-17 22:30:32,F,237,1309,1311,7933
2026-07-17 22:30:32,E,137,1208,1311,7933
2026-07-17 22:30:32,A,247,2978,1311,7933
2026-07-17 22:30:32,C,201,1847,1311,7933
2026-07-17 22:38:52,B,473,607,1236,8008
2026-07-17 22:38:52,F,223,1323,1236,8008
2026-07-17 22:38:52,E,126,1219,1236,8008
2026-07-17 22:38:52,A,231,2994,1236,8008
2026-07-17 22:38:52,C,183,1865,1236,8008
2026-07-17 23:00:39,B,446,634,1139,8105
2026-07-17 23:00:39,F,213,1333,1139,8105
2026-07-17 23:00:39,E,109,1236,1139,8105
2026-07-17 23:00:39,A,204,3021,1139,8105
2026-07-17 23:00:39,C,167,1881,1139,8105
2026-07-17 23:30:31,B,401,679,971,8273
2026-07-17 23:30:31,F,177,1369,971,8273
2026-07-17 23:30:31,E,101,1244,971,8273
2026-07-17 23:30:31,A,158,3067,971,8273
2026-07-17 23:30:31,C,134,1914,971,8273
2026-07-18 00:00:43,B,357,723,885,8359
2026-07-18 00:00:43,F,170,1376,885,8359
2026-07-18 00:00:43,E,92,1253,885,8359
2026-07-18 00:00:43,A,143,3082,885,8359
2026-07-18 00:00:43,C,123,1925,885,8359
2026-07-18 00:22:05,B,268,812,725,8519
2026-07-18 00:22:05,F,158,1388,725,8519
2026-07-18 00:22:05,E,84,1261,725,8519
2026-07-18 00:22:05,A,116,3109,725,8519
2026-07-18 00:22:05,C,99,1949,725,8519
2026-07-18 00:30:34,B,252,828,689,8555
2026-07-18 00:30:34,F,155,1391,689,8555
2026-07-18 00:30:34,E,80,1265,689,8555
2026-07-18 00:30:34,A,110,3115,689,8555
2026-07-18 00:30:34,C,92,1956,689,8555
2026-07-18 01:00:45,B,107,973,499,8745
2026-07-18 01:00:45,F,147,1399,499,8745
2026-07-18 01:00:45,E,76,1269,499,8745
2026-07-18 01:00:45,A,98,3127,499,8745
2026-07-18 01:00:45,C,71,1977,499,8745
2026-07-18 01:30:34,B,51,1029,399,8845
2026-07-18 01:30:34,F,141,1405,399,8845
2026-07-18 01:30:34,E,71,1274,399,8845
2026-07-18 01:30:34,A,75,3150,399,8845
2026-07-18 01:30:34,C,61,1987,399,8845
2026-07-18 01:50:49,B,44,1036,397,8847
2026-07-18 01:50:49,F,141,1405,397,8847
2026-07-18 01:50:49,E,72,1273,397,8847
2026-07-18 01:50:49,A,72,3153,397,8847
2026-07-18 01:50:49,C,68,1980,397,8847
2026-07-18 02:00:39,B,44,1036,389,8855
2026-07-18 02:00:39,F,141,1405,389,8855
2026-07-18 02:00:39,E,71,1274,389,8855
2026-07-18 02:00:39,A,71,3154,389,8855
2026-07-18 02:00:39,C,62,1986,389,8855
2026-07-18 02:30:34,B,41,1039,386,8858
2026-07-18 02:30:34,F,140,1406,386,8858
2026-07-18 02:30:34,E,69,1276,386,8858
2026-07-18 02:30:34,A,72,3153,386,8858
2026-07-18 02:30:34,C,64,1984,386,8858
2026-07-18 02:55:15,B,40,1040,382,8862
2026-07-18 02:55:15,F,140,1406,382,8862
2026-07-18 02:55:15,E,69,1276,382,8862
2026-07-18 02:55:15,A,71,3154,382,8862
2026-07-18 02:55:15,C,62,1986,382,8862
2026-07-18 03:00:40,B,41,1039,388,8856
2026-07-18 03:00:40,F,139,1407,388,8856
2026-07-18 03:00:40,E,69,1276,388,8856
2026-07-18 03:00:40,A,72,3153,388,8856
2026-07-18 03:00:40,C,67,1981,388,8856
2026-07-18 03:30:34,B,39,1041,380,8864
2026-07-18 03:30:34,F,139,1407,380,8864
2026-07-18 03:30:34,E,69,1276,380,8864
2026-07-18 03:30:34,A,68,3157,380,8864
2026-07-18 03:30:34,C,65,1983,380,8864
2026-07-18 03:53:53,B,40,1040,383,8861
2026-07-18 03:53:53,F,137,1409,383,8861
2026-07-18 03:53:53,E,70,1275,383,8861
2026-07-18 03:53:53,A,70,3155,383,8861
2026-07-18 03:53:53,C,66,1982,383,8861
2026-07-18 04:00:39,B,39,1041,383,8861
2026-07-18 04:00:39,F,137,1409,383,8861
2026-07-18 04:00:39,E,70,1275,383,8861
2026-07-18 04:00:39,A,70,3155,383,8861
2026-07-18 04:00:39,C,67,1981,383,8861
2026-07-18 04:30:32,B,39,1041,384,8860
2026-07-18 04:30:32,F,138,1408,384,8860
2026-07-18 04:30:32,E,69,1276,384,8860
2026-07-18 04:30:32,A,70,3155,384,8860
2026-07-18 04:30:32,C,68,1980,384,8860
2026-07-18 04:46:48,B,39,1041,384,8860
2026-07-18 04:46:48,F,138,1408,384,8860
2026-07-18 04:46:48,E,70,1275,384,8860
2026-07-18 04:46:48,A,70,3155,384,8860
2026-07-18 04:46:48,C,67,1981,384,8860
2026-07-18 05:00:39,B,41,1039,385,8859
2026-07-18 05:00:39,F,138,1408,385,8859
2026-07-18 05:00:39,E,70,1275,385,8859
2026-07-18 05:00:39,A,70,3155,385,8859
2026-07-18 05:00:39,C,66,1982,385,8859
2026-07-18 05:30:32,B,40,1040,388,8856
2026-07-18 05:30:32,F,138,1408,388,8856
2026-07-18 05:30:32,E,72,1273,388,8856
2026-07-18 05:30:32,A,70,3155,388,8856
2026-07-18 05:30:32,C,68,1980,388,8856
2026-07-18 05:54:28,B,39,1041,401,8843
2026-07-18 05:54:28,F,148,1398,401,8843
2026-07-18 05:54:28,E,73,1272,401,8843
2026-07-18 05:54:28,A,70,3155,401,8843
2026-07-18 05:54:28,C,71,1977,401,8843
2026-07-18 06:00:38,B,39,1041,410,8834
2026-07-18 06:00:38,F,151,1395,410,8834
2026-07-18 06:00:38,E,74,1271,410,8834
2026-07-18 06:00:38,A,71,3154,410,8834
2026-07-18 06:00:38,C,75,1973,410,8834
2026-07-18 06:30:35,B,39,1041,440,8804
2026-07-18 06:30:35,F,155,1391,440,8804
2026-07-18 06:30:35,E,86,1259,440,8804
2026-07-18 06:30:35,A,76,3149,440,8804
2026-07-18 06:30:35,C,84,1964,440,8804
2026-07-18 06:39:42,B,39,1041,450,8794
2026-07-18 06:39:42,F,157,1389,450,8794
2026-07-18 06:39:42,E,87,1258,450,8794
2026-07-18 06:39:42,A,77,3148,450,8794
2026-07-18 06:39:42,C,90,1958,450,8794
2026-07-18 07:00:37,B,42,1038,499,8745
2026-07-18 07:00:37,F,170,1376,499,8745
2026-07-18 07:00:37,E,98,1247,499,8745
2026-07-18 07:00:37,A,88,3137,499,8745
2026-07-18 07:00:37,C,101,1947,499,8745
2026-07-18 07:30:35,B,40,1040,567,8677
2026-07-18 07:30:35,F,179,1367,567,8677
2026-07-18 07:30:35,E,115,1230,567,8677
2026-07-18 07:30:35,A,103,3122,567,8677
2026-07-18 07:30:35,C,130,1918,567,8677
2026-07-18 07:38:03,B,40,1040,575,8669
2026-07-18 07:38:03,F,179,1367,575,8669
2026-07-18 07:38:03,E,119,1226,575,8669
2026-07-18 07:38:03,A,104,3121,575,8669
2026-07-18 07:38:03,C,133,1915,575,8669
2026-07-18 08:00:39,B,40,1040,690,8554
2026-07-18 08:00:39,F,206,1340,690,8554
2026-07-18 08:00:39,E,151,1194,690,8554
2026-07-18 08:00:39,A,117,3108,690,8554
2026-07-18 08:00:39,C,176,1872,690,8554
2026-07-18 08:30:33,B,41,1039,920,8324
2026-07-18 08:30:33,F,249,1297,920,8324
2026-07-18 08:30:33,E,198,1147,920,8324
2026-07-18 08:30:33,A,168,3057,920,8324
2026-07-18 08:30:33,C,264,1784,920,8324
2026-07-18 08:35:43,B,42,1038,988,8256
2026-07-18 08:35:43,F,272,1274,988,8256
2026-07-18 08:35:43,E,211,1134,988,8256
2026-07-18 08:35:43,A,185,3040,988,8256
2026-07-18 08:35:43,C,278,1770,988,8256
2026-07-18 09:30:35,B,281,799,2465,6779
2026-07-18 09:30:35,F,560,986,2465,6779
2026-07-18 09:30:35,E,496,849,2465,6779
2026-07-18 09:30:35,A,539,2686,2465,6779
2026-07-18 09:30:35,C,589,1459,2465,6779
2026-07-18 09:39:00,B,318,762,2697,6547
2026-07-18 09:39:00,F,608,938,2697,6547
2026-07-18 09:39:00,E,521,824,2697,6547
2026-07-18 09:39:00,A,616,2609,2697,6547
2026-07-18 09:39:00,C,634,1414,2697,6547
2026-07-18 10:00:40,B,447,633,3327,5917
2026-07-18 10:00:40,F,755,791,3327,5917
2026-07-18 10:00:40,E,606,739,3327,5917
2026-07-18 10:00:40,A,765,2460,3327,5917
2026-07-18 10:00:40,C,754,1294,3327,5917
2026-07-18 10:30:30,B,648,432,4155,5089
2026-07-18 10:30:30,F,910,636,4155,5089
2026-07-18 10:30:30,E,755,590,4155,5089
2026-07-18 10:30:30,A,978,2247,4155,5089
2026-07-18 10:30:30,C,864,1184,4155,5089
2026-07-18 11:00:39,B,746,334,4784,4460
2026-07-18 11:00:39,F,1043,503,4784,4460
2026-07-18 11:00:39,E,848,497,4784,4460
2026-07-18 11:00:39,A,1188,2037,4784,4460
2026-07-18 11:00:39,C,959,1089,4784,4460
2026-07-18 11:09:52,B,763,317,4938,4306
2026-07-18 11:09:52,F,1070,476,4938,4306
2026-07-18 11:09:52,E,889,456,4938,4306
2026-07-18 11:09:52,A,1236,1989,4938,4306
2026-07-18 11:09:52,C,980,1068,4938,4306
2026-07-18 11:30:31,B,822,258,5244,4000
2026-07-18 11:30:31,F,1139,407,5244,4000
2026-07-18 11:30:31,E,904,441,5244,4000
2026-07-18 11:30:31,A,1321,1904,5244,4000
2026-07-18 11:30:31,C,1058,990,5244,4000
2026-07-18 12:00:35,B,945,135,6000,3244
2026-07-18 12:00:35,F,1269,277,6000,3244
2026-07-18 12:00:35,E,1006,339,6000,3244
2026-07-18 12:00:35,A,1587,1638,6000,3244
2026-07-18 12:00:35,C,1193,855,6000,3244
2026-07-18 12:30:32,B,970,110,6415,2829
2026-07-18 12:30:32,F,1306,240,6415,2829
2026-07-18 12:30:32,E,1062,283,6415,2829
2026-07-18 12:30:32,A,1770,1455,6415,2829
2026-07-18 12:30:32,C,1307,741,6415,2829
2026-07-18 13:00:35,B,990,90,6803,2441
2026-07-18 13:00:35,F,1319,227,6803,2441
2026-07-18 13:00:35,E,1119,226,6803,2441
2026-07-18 13:00:35,A,1967,1258,6803,2441
2026-07-18 13:00:35,C,1408,640,6803,2441
2026-07-18 13:30:30,B,1004,76,7090,2154
2026-07-18 13:30:30,F,1323,223,7090,2154
2026-07-18 13:30:30,E,1144,201,7090,2154
2026-07-18 13:30:30,A,2133,1092,7090,2154
2026-07-18 13:30:30,C,1486,562,7090,2154
2026-07-18 14:00:35,B,1000,80,7227,2017
2026-07-18 14:00:35,F,1322,224,7227,2017
2026-07-18 14:00:35,E,1115,230,7227,2017
2026-07-18 14:00:35,A,2255,970,7227,2017
2026-07-18 14:00:35,C,1535,513,7227,2017
2026-07-18 14:18:03,B,1004,76,7334,1910
2026-07-18 14:18:03,F,1321,225,7334,1910
2026-07-18 14:18:03,E,1120,225,7334,1910
2026-07-18 14:18:03,A,2339,886,7334,1910
2026-07-18 14:18:03,C,1550,498,7334,1910
2026-07-18 14:30:29,B,1003,77,7364,1880
2026-07-18 14:30:29,F,1323,223,7364,1880
2026-07-18 14:30:29,E,1117,228,7364,1880
2026-07-18 14:30:29,A,2364,861,7364,1880
2026-07-18 14:30:29,C,1557,491,7364,1880
2026-07-18 15:00:34,B,998,82,7419,1825
2026-07-18 15:00:34,F,1324,222,7419,1825
2026-07-18 15:00:34,E,1136,209,7419,1825
2026-07-18 15:00:34,A,2385,840,7419,1825
2026-07-18 15:00:34,C,1576,472,7419,1825
2026-07-18 15:30:29,B,995,85,7335,1909
2026-07-18 15:30:29,F,1312,234,7335,1909
2026-07-18 15:30:29,E,1121,224,7335,1909
2026-07-18 15:30:29,A,2350,875,7335,1909
2026-07-18 15:30:29,C,1557,491,7335,1909
2026-07-18 16:00:34,B,1001,79,7225,2019
2026-07-18 16:00:34,F,1312,234,7225,2019
2026-07-18 16:00:34,E,1087,258,7225,2019
2026-07-18 16:00:34,A,2295,930,7225,2019
2026-07-18 16:00:34,C,1530,518,7225,2019
2026-07-18 16:25:40,B,1000,80,6991,2253
2026-07-18 16:25:40,F,1294,252,6991,2253
2026-07-18 16:25:40,E,1050,295,6991,2253
2026-07-18 16:25:40,A,2174,1051,6991,2253
2026-07-18 16:25:40,C,1473,575,6991,2253
2026-07-18 16:30:31,B,1003,77,6899,2345
2026-07-18 16:30:31,F,1283,263,6899,2345
2026-07-18 16:30:31,E,1028,317,6899,2345
2026-07-18 16:30:31,A,2129,1096,6899,2345
2026-07-18 16:30:31,C,1456,592,6899,2345
2026-07-18 17:00:35,B,996,84,6643,2601
2026-07-18 17:00:35,F,1263,283,6643,2601
2026-07-18 17:00:35,E,990,355,6643,2601
2026-07-18 17:00:35,A,2024,1201,6643,2601
2026-07-18 17:00:35,C,1370,678,6643,2601
2026-07-18 17:30:29,B,993,87,6237,3007
2026-07-18 17:30:29,F,1178,368,6237,3007
2026-07-18 17:30:29,E,936,409,6237,3007
2026-07-18 17:30:29,A,1860,1365,6237,3007
2026-07-18 17:30:29,C,1270,778,6237,3007
2026-07-18 18:00:35,B,996,84,6012,3232
2026-07-18 18:00:35,F,1147,399,6012,3232
2026-07-18 18:00:35,E,911,434,6012,3232
2026-07-18 18:00:35,A,1731,1494,6012,3232
2026-07-18 18:00:35,C,1227,821,6012,3232
2026-07-18 18:14:10,B,994,86,5930,3314
2026-07-18 18:14:10,F,1122,424,5930,3314
2026-07-18 18:14:10,E,920,425,5930,3314
2026-07-18 18:14:10,A,1691,1534,5930,3314
2026-07-18 18:14:10,C,1203,845,5930,3314
2026-07-18 18:30:31,B,1003,77,5818,3426
2026-07-18 18:30:31,F,1105,441,5818,3426
2026-07-18 18:30:31,E,922,423,5818,3426
2026-07-18 18:30:31,A,1603,1622,5818,3426
2026-07-18 18:30:31,C,1185,863,5818,3426
2026-07-18 19:00:36,B,1007,73,5758,3486
2026-07-18 19:00:36,F,1103,443,5758,3486
2026-07-18 19:00:36,E,923,422,5758,3486
2026-07-18 19:00:36,A,1566,1659,5758,3486
2026-07-18 19:00:36,C,1159,889,5758,3486
2026-07-18 19:30:30,B,1000,80,5398,3846
2026-07-18 19:30:30,F,1027,519,5398,3846
2026-07-18 19:30:30,E,851,494,5398,3846
2026-07-18 19:30:30,A,1425,1800,5398,3846
2026-07-18 19:30:30,C,1095,953,5398,3846
2026-07-18 19:51:20,B,998,82,5125,4119
2026-07-18 19:51:20,F,962,584,5125,4119
2026-07-18 19:51:20,E,805,540,5125,4119
2026-07-18 19:51:20,A,1314,1911,5125,4119
2026-07-18 19:51:20,C,1046,1002,5125,4119
2026-07-18 20:00:36,B,998,82,5012,4232
2026-07-18 20:00:36,F,919,627,5012,4232
2026-07-18 20:00:36,E,786,559,5012,4232
2026-07-18 20:00:36,A,1303,1922,5012,4232
2026-07-18 20:00:36,C,1006,1042,5012,4232
2026-07-18 20:30:30,B,966,114,4429,4815
2026-07-18 20:30:30,F,818,728,4429,4815
2026-07-18 20:30:30,E,658,687,4429,4815
2026-07-18 20:30:30,A,1113,2112,4429,4815
2026-07-18 20:30:30,C,874,1174,4429,4815
2026-07-18 20:53:29,B,876,204,3763,5481
2026-07-18 20:53:29,F,712,834,3763,5481
2026-07-18 20:53:29,E,548,797,3763,5481
2026-07-18 20:53:29,A,906,2319,3763,5481
2026-07-18 20:53:29,C,721,1327,3763,5481
2026-07-18 21:00:35,B,832,248,3467,5777
2026-07-18 21:00:35,F,657,889,3467,5777
2026-07-18 21:00:35,E,490,855,3467,5777
2026-07-18 21:00:35,A,826,2399,3467,5777
2026-07-18 21:00:35,C,662,1386,3467,5777
2026-07-18 21:30:53,B,653,427,2186,7058
2026-07-18 21:30:53,F,408,1138,2186,7058
2026-07-18 21:30:53,E,302,1043,2186,7058
2026-07-18 21:30:53,A,438,2787,2186,7058
2026-07-18 21:30:53,C,385,1663,2186,7058
2026-07-18 21:40:49,B,621,459,1926,7318
2026-07-18 21:40:49,F,358,1188,1926,7318
2026-07-18 21:40:49,E,259,1086,1926,7318
2026-07-18 21:40:49,A,368,2857,1926,7318
2026-07-18 21:40:49,C,320,1728,1926,7318
2026-07-18 22:00:36,B,591,489,1609,7635
2026-07-18 22:00:36,F,289,1257,1609,7635
2026-07-18 22:00:36,E,201,1144,1609,7635
2026-07-18 22:00:36,A,283,2942,1609,7635
2026-07-18 22:00:36,C,245,1803,1609,7635
2026-07-18 22:31:00,B,507,573,1234,8010
2026-07-18 22:31:00,F,226,1320,1234,8010
2026-07-18 22:31:00,E,132,1213,1234,8010
2026-07-18 22:31:00,A,206,3019,1234,8010
2026-07-18 22:31:00,C,163,1885,1234,8010
2026-07-18 22:41:29,B,503,577,1183,8061
2026-07-18 22:41:29,F,216,1330,1183,8061
2026-07-18 22:41:29,E,116,1229,1183,8061
2026-07-18 22:41:29,A,196,3029,1183,8061
2026-07-18 22:41:29,C,152,1896,1183,8061
2026-07-18 23:00:36,B,466,614,1089,8155
2026-07-18 23:00:36,F,200,1346,1089,8155
2026-07-18 23:00:36,E,107,1238,1089,8155
2026-07-18 23:00:36,A,173,3052,1089,8155
2026-07-18 23:00:36,C,143,1905,1089,8155
2026-07-18 23:30:29,B,404,676,918,8326
2026-07-18 23:30:29,F,169,1377,918,8326
2026-07-18 23:30:29,E,93,1252,918,8326
2026-07-18 23:30:29,A,139,3086,918,8326
2026-07-18 23:30:29,C,113,1935,918,8326
2026-07-19 00:00:36,B,380,700,865,8379
2026-07-19 00:00:36,F,160,1386,865,8379
2026-07-19 00:00:36,E,88,1257,865,8379
2026-07-19 00:00:36,A,127,3098,865,8379
2026-07-19 00:00:36,C,110,1938,865,8379
2026-07-19 00:12:14,B,376,704,863,8381
2026-07-19 00:12:14,F,164,1382,863,8381
2026-07-19 00:12:14,E,89,1256,863,8381
2026-07-19 00:12:14,A,126,3099,863,8381
2026-07-19 00:12:14,C,108,1940,863,8381
2026-07-19 00:30:29,B,309,771,756,8488
2026-07-19 00:30:29,F,155,1391,756,8488
2026-07-19 00:30:29,E,81,1264,756,8488
2026-07-19 00:30:29,A,109,3116,756,8488
2026-07-19 00:30:29,C,102,1946,756,8488
2026-07-19 01:01:14,B,74,1006,425,8819
2026-07-19 01:01:14,F,140,1406,425,8819
2026-07-19 01:01:14,E,71,1274,425,8819
2026-07-19 01:01:14,A,74,3151,425,8819
2026-07-19 01:01:14,C,66,1982,425,8819
2026-07-19 01:26:02,B,58,1022,392,8852
2026-07-19 01:26:02,F,140,1406,392,8852
2026-07-19 01:26:02,E,69,1276,392,8852
2026-07-19 01:26:02,A,66,3159,392,8852
2026-07-19 01:26:02,C,59,1989,392,8852
2026-07-19 01:30:29,B,55,1025,389,8855
2026-07-19 01:30:29,F,140,1406,389,8855
2026-07-19 01:30:29,E,69,1276,389,8855
2026-07-19 01:30:29,A,66,3159,389,8855
2026-07-19 01:30:29,C,59,1989,389,8855
2026-07-19 02:00:35,B,53,1027,375,8869
2026-07-19 02:00:35,F,138,1408,375,8869
2026-07-19 02:00:35,E,67,1278,375,8869
2026-07-19 02:00:35,A,59,3166,375,8869
2026-07-19 02:00:35,C,58,1990,375,8869
2026-07-19 02:24:09,B,53,1027,371,8873
2026-07-19 02:24:09,F,137,1409,371,8873
2026-07-19 02:24:09,E,67,1278,371,8873
2026-07-19 02:24:09,A,56,3169,371,8873
2026-07-19 02:24:09,C,58,1990,371,8873
2026-07-19 02:30:31,B,52,1028,370,8874
2026-07-19 02:30:31,F,137,1409,370,8874
2026-07-19 02:30:31,E,67,1278,370,8874
2026-07-19 02:30:31,A,56,3169,370,8874
2026-07-19 02:30:31,C,58,1990,370,8874
2026-07-19 03:00:34,B,51,1029,367,8877
2026-07-19 03:00:34,F,137,1409,367,8877
2026-07-19 03:00:34,E,68,1277,367,8877
2026-07-19 03:00:34,A,53,3172,367,8877
2026-07-19 03:00:34,C,58,1990,367,8877
2026-07-19 03:26:46,B,50,1030,368,8876
2026-07-19 03:26:46,F,138,1408,368,8876
2026-07-19 03:26:46,E,69,1276,368,8876
2026-07-19 03:26:46,A,53,3172,368,8876
2026-07-19 03:26:46,C,58,1990,368,8876
2026-07-19 03:30:29,B,50,1030,365,8879
2026-07-19 03:30:29,F,138,1408,365,8879
2026-07-19 03:30:29,E,68,1277,365,8879
2026-07-19 03:30:29,A,51,3174,365,8879
2026-07-19 03:30:29,C,58,1990,365,8879
2026-07-19 04:00:35,B,50,1030,366,8878
2026-07-19 04:00:35,F,137,1409,366,8878
2026-07-19 04:00:35,E,68,1277,366,8878
2026-07-19 04:00:35,A,52,3173,366,8878
2026-07-19 04:00:35,C,59,1989,366,8878
2026-07-19 04:13:44,B,50,1030,366,8878
2026-07-19 04:13:44,F,137,1409,366,8878
2026-07-19 04:13:44,E,68,1277,366,8878
2026-07-19 04:13:44,A,52,3173,366,8878
2026-07-19 04:13:44,C,59,1989,366,8878
2026-07-19 04:30:31,B,50,1030,367,8877
2026-07-19 04:30:31,F,137,1409,367,8877
2026-07-19 04:30:31,E,68,1277,367,8877
2026-07-19 04:30:31,A,52,3173,367,8877
2026-07-19 04:30:31,C,60,1988,367,8877
2026-07-19 05:00:36,B,51,1029,370,8874
2026-07-19 05:00:36,F,140,1406,370,8874
2026-07-19 05:00:36,E,68,1277,370,8874
2026-07-19 05:00:36,A,52,3173,370,8874
2026-07-19 05:00:36,C,59,1989,370,8874
2026-07-19 05:30:32,B,50,1030,372,8872
2026-07-19 05:30:32,F,138,1408,372,8872
2026-07-19 05:30:32,E,70,1275,372,8872
2026-07-19 05:30:32,A,52,3173,372,8872
2026-07-19 05:30:32,C,62,1986,372,8872
2026-07-19 05:37:21,B,51,1029,374,8870
2026-07-19 05:37:21,F,139,1407,374,8870
2026-07-19 05:37:21,E,70,1275,374,8870
2026-07-19 05:37:21,A,52,3173,374,8870
2026-07-19 05:37:21,C,62,1986,374,8870
2026-07-19 06:00:33,B,49,1031,380,8864
2026-07-19 06:00:33,F,138,1408,380,8864
2026-07-19 06:00:33,E,73,1272,380,8864
2026-07-19 06:00:33,A,53,3172,380,8864
2026-07-19 06:00:33,C,67,1981,380,8864
2026-07-19 06:30:49,B,49,1031,404,8840
2026-07-19 06:30:49,F,146,1400,404,8840
2026-07-19 06:30:49,E,81,1264,404,8840
2026-07-19 06:30:49,A,56,3169,404,8840
2026-07-19 06:30:49,C,72,1976,404,8840
2026-07-19 06:34:19,B,49,1031,404,8840
2026-07-19 06:34:19,F,146,1400,404,8840
2026-07-19 06:34:19,E,81,1264,404,8840
2026-07-19 06:34:19,A,56,3169,404,8840
2026-07-19 06:34:19,C,72,1976,404,8840
2026-07-19 07:00:35,B,48,1032,426,8818
2026-07-19 07:00:35,F,151,1395,426,8818
2026-07-19 07:00:35,E,87,1258,426,8818
2026-07-19 07:00:35,A,57,3168,426,8818
2026-07-19 07:00:35,C,83,1965,426,8818
2026-07-19 07:30:30,B,51,1029,457,8787
2026-07-19 07:30:30,F,154,1392,457,8787
2026-07-19 07:30:30,E,93,1252,457,8787
2026-07-19 07:30:30,A,58,3167,457,8787
2026-07-19 07:30:30,C,101,1947,457,8787
2026-07-19 07:37:12,B,51,1029,468,8776
2026-07-19 07:37:12,F,154,1392,468,8776
2026-07-19 07:37:12,E,97,1248,468,8776
2026-07-19 07:37:12,A,62,3163,468,8776
2026-07-19 07:37:12,C,104,1944,468,8776
2026-07-19 08:00:39,B,52,1028,546,8698
2026-07-19 08:00:39,F,171,1375,546,8698
2026-07-19 08:00:39,E,116,1229,546,8698
2026-07-19 08:00:39,A,69,3156,546,8698
2026-07-19 08:00:39,C,138,1910,546,8698
2026-07-19 08:30:32,B,50,1030,606,8638
2026-07-19 08:30:32,F,176,1370,606,8638
2026-07-19 08:30:32,E,132,1213,606,8638
2026-07-19 08:30:32,A,79,3146,606,8638
2026-07-19 08:30:32,C,169,1879,606,8638
2026-07-19 08:34:39,B,49,1031,618,8626
2026-07-19 08:34:39,F,180,1366,618,8626
2026-07-19 08:34:39,E,134,1211,618,8626
2026-07-19 08:34:39,A,81,3144,618,8626
2026-07-19 08:34:39,C,174,1874,618,8626
2026-07-19 09:00:38,B,72,1008,846,8398
2026-07-19 09:00:38,F,234,1312,846,8398
2026-07-19 09:00:38,E,186,1159,846,8398
2026-07-19 09:00:38,A,108,3117,846,8398
2026-07-19 09:00:38,C,246,1802,846,8398
2026-07-19 09:30:32,B,190,890,1346,7898
2026-07-19 09:30:32,F,339,1207,1346,7898
2026-07-19 09:30:32,E,262,1083,1346,7898
2026-07-19 09:30:32,A,184,3041,1346,7898
2026-07-19 09:30:32,C,371,1677,1346,7898
2026-07-19 09:38:54,B,253,827,1590,7654
2026-07-19 09:38:54,F,384,1162,1590,7654
2026-07-19 09:38:54,E,308,1037,1590,7654
2026-07-19 09:38:54,A,223,3002,1590,7654
2026-07-19 09:38:54,C,422,1626,1590,7654
2026-07-19 10:00:43,B,476,604,2550,6694
2026-07-19 10:00:43,F,588,958,2550,6694
2026-07-19 10:00:43,E,451,894,2550,6694
2026-07-19 10:00:43,A,447,2778,2550,6694
2026-07-19 10:00:43,C,588,1460,2550,6694
2026-07-19 10:30:33,B,714,366,3751,5493
2026-07-19 10:30:33,F,815,731,3751,5493
2026-07-19 10:30:33,E,609,736,3751,5493
2026-07-19 10:30:33,A,811,2414,3751,5493
2026-07-19 10:30:33,C,802,1246,3751,5493
2026-07-19 11:00:37,B,877,203,4623,4621
2026-07-19 11:00:37,F,958,588,4623,4621
2026-07-19 11:00:37,E,745,600,4623,4621
2026-07-19 11:00:37,A,1101,2124,4623,4621
2026-07-19 11:00:37,C,942,1106,4623,4621
2026-07-19 11:14:46,B,909,171,4954,4290
2026-07-19 11:14:46,F,1024,522,4954,4290
2026-07-19 11:14:46,E,788,557,4954,4290
2026-07-19 11:14:46,A,1208,2017,4954,4290
2026-07-19 11:14:46,C,1025,1023,4954,4290
2026-07-19 11:30:32,B,954,126,5274,3970
2026-07-19 11:30:32,F,1076,470,5274,3970
2026-07-19 11:30:32,E,828,517,5274,3970
2026-07-19 11:30:32,A,1335,1890,5274,3970
2026-07-19 11:30:32,C,1081,967,5274,3970
2026-07-19 12:30:30,B,994,86,6159,3085
2026-07-19 12:30:30,F,1240,306,6159,3085
2026-07-19 12:30:30,E,933,412,6159,3085
2026-07-19 12:30:30,A,1733,1492,6159,3085
2026-07-19 12:30:30,C,1259,789,6159,3085
2026-07-19 13:00:37,B,993,87,6526,2718
2026-07-19 13:00:37,F,1290,256,6526,2718
2026-07-19 13:00:37,E,999,346,6526,2718
2026-07-19 13:00:37,A,1913,1312,6526,2718
2026-07-19 13:00:37,C,1331,717,6526,2718
2026-07-19 13:30:33,B,996,84,6796,2448
2026-07-19 13:30:33,F,1310,236,6796,2448
2026-07-19 13:30:33,E,1033,312,6796,2448
2026-07-19 13:30:33,A,2058,1167,6796,2448
2026-07-19 13:30:33,C,1399,649,6796,2448
2026-07-19 14:00:39,B,1001,79,7059,2185
2026-07-19 14:00:39,F,1307,239,7059,2185
2026-07-19 14:00:39,E,1070,275,7059,2185
2026-07-19 14:00:39,A,2205,1020,7059,2185
2026-07-19 14:00:39,C,1476,572,7059,2185
2026-07-19 14:30:32,B,999,81,7107,2137
2026-07-19 14:30:32,F,1309,237,7107,2137
2026-07-19 14:30:32,E,1093,252,7107,2137
2026-07-19 14:30:32,A,2213,1012,7107,2137
2026-07-19 14:30:32,C,1493,555,7107,2137
2026-07-19 14:40:16,B,999,81,7128,2116
2026-07-19 14:40:16,F,1296,250,7128,2116
2026-07-19 14:40:16,E,1101,244,7128,2116
2026-07-19 14:40:16,A,2225,1000,7128,2116
2026-07-19 14:40:16,C,1507,541,7128,2116
2026-07-19 15:00:37,B,1002,78,7066,2178
2026-07-19 15:00:37,F,1299,247,7066,2178
2026-07-19 15:00:37,E,1084,261,7066,2178
2026-07-19 15:00:37,A,2193,1032,7066,2178
2026-07-19 15:00:37,C,1488,560,7066,2178
2026-07-19 15:30:30,B,995,85,6913,2331
2026-07-19 15:30:30,F,1277,269,6913,2331
2026-07-19 15:30:30,E,1075,270,6913,2331
2026-07-19 15:30:30,A,2119,1106,6913,2331
2026-07-19 15:30:30,C,1447,601,6913,2331
2026-07-19 16:00:33,B,996,84,6733,2511
2026-07-19 16:00:33,F,1259,287,6733,2511
2026-07-19 16:00:33,E,1072,273,6733,2511
2026-07-19 16:00:33,A,2005,1220,6733,2511
2026-07-19 16:00:33,C,1401,647,6733,2511
2026-07-19 16:30:29,B,992,88,6320,2924
2026-07-19 16:30:29,F,1199,347,6320,2924
2026-07-19 16:30:29,E,976,369,6320,2924
2026-07-19 16:30:29,A,1821,1404,6320,2924
2026-07-19 16:30:29,C,1332,716,6320,2924
2026-07-19 17:00:36,B,987,93,5947,3297
2026-07-19 17:00:36,F,1167,379,5947,3297
2026-07-19 17:00:36,E,905,440,5947,3297
2026-07-19 17:00:36,A,1647,1578,5947,3297
2026-07-19 17:00:36,C,1241,807,5947,3297
2026-07-19 17:18:49,B,970,110,5565,3679
2026-07-19 17:18:49,F,1095,451,5565,3679
2026-07-19 17:18:49,E,865,480,5565,3679
2026-07-19 17:18:49,A,1480,1745,5565,3679
2026-07-19 17:18:49,C,1155,893,5565,3679
2026-07-19 17:30:30,B,961,119,5333,3911
2026-07-19 17:30:30,F,1051,495,5333,3911
2026-07-19 17:30:30,E,850,495,5333,3911
2026-07-19 17:30:30,A,1362,1863,5333,3911
2026-07-19 17:30:30,C,1109,939,5333,3911
2026-07-19 18:00:35,B,982,98,4861,4383
2026-07-19 18:00:35,F,964,582,4861,4383
2026-07-19 18:00:35,E,794,551,4861,4383
2026-07-19 18:00:35,A,1134,2091,4861,4383
2026-07-19 18:00:35,C,987,1061,4861,4383
2026-07-19 18:30:57,B,928,152,4101,5143
2026-07-19 18:30:57,F,800,746,4101,5143
2026-07-19 18:30:57,E,677,668,4101,5143
2026-07-19 18:30:57,A,877,2348,4101,5143
2026-07-19 18:30:57,C,819,1229,4101,5143
2026-07-19 19:00:36,B,843,237,3354,5890
2026-07-19 19:00:36,F,677,869,3354,5890
2026-07-19 19:00:36,E,523,822,3354,5890
2026-07-19 19:00:36,A,667,2558,3354,5890
2026-07-19 19:00:36,C,644,1404,3354,5890
2026-07-19 19:23:04,B,694,386,2415,6829
2026-07-19 19:23:04,F,488,1058,2415,6829
2026-07-19 19:23:04,E,381,964,2415,6829
2026-07-19 19:23:04,A,402,2823,2415,6829
2026-07-19 19:23:04,C,450,1598,2415,6829
2026-07-19 19:30:30,B,672,408,2253,6991
2026-07-19 19:30:30,F,444,1102,2253,6991
2026-07-19 19:30:30,E,349,996,2253,6991
2026-07-19 19:30:30,A,363,2862,2253,6991
2026-07-19 19:30:30,C,425,1623,2253,6991
2026-07-19 20:00:35,B,608,472,1695,7549
2026-07-19 20:00:35,F,297,1249,1695,7549
2026-07-19 20:00:35,E,257,1088,1695,7549
2026-07-19 20:00:35,A,239,2986,1695,7549
2026-07-19 20:00:35,C,294,1754,1695,7549
2026-07-19 20:30:28,B,531,549,1402,7842
2026-07-19 20:30:28,F,251,1295,1402,7842
2026-07-19 20:30:28,E,205,1140,1402,7842
2026-07-19 20:30:28,A,180,3045,1402,7842
2026-07-19 20:30:28,C,235,1813,1402,7842
2026-07-19 20:48:51,B,513,567,1297,7947
2026-07-19 20:48:51,F,245,1301,1297,7947
2026-07-19 20:48:51,E,168,1177,1297,7947
2026-07-19 20:48:51,A,166,3059,1297,7947
2026-07-19 20:48:51,C,205,1843,1297,7947
2026-07-19 21:00:35,B,466,614,1200,8044
2026-07-19 21:00:35,F,226,1320,1200,8044
2026-07-19 21:00:35,E,158,1187,1200,8044
2026-07-19 21:00:35,A,155,3070,1200,8044
2026-07-19 21:00:35,C,195,1853,1200,8044
2026-07-19 21:30:30,B,418,662,976,8268
2026-07-19 21:30:30,F,177,1369,976,8268
2026-07-19 21:30:30,E,120,1225,976,8268
2026-07-19 21:30:30,A,106,3119,976,8268
2026-07-19 21:30:30,C,155,1893,976,8268
2026-07-19 21:46:33,B,428,652,947,8297
2026-07-19 21:46:33,F,160,1386,947,8297
2026-07-19 21:46:33,E,114,1231,947,8297
2026-07-19 21:46:33,A,100,3125,947,8297
2026-07-19 21:46:33,C,145,1903,947,8297
2026-07-19 22:00:34,B,432,648,921,8323
2026-07-19 22:00:34,F,152,1394,921,8323
2026-07-19 22:00:34,E,108,1237,921,8323
2026-07-19 22:00:34,A,91,3134,921,8323
2026-07-19 22:00:34,C,138,1910,921,8323
2026-07-19 22:30:30,B,353,727,787,8457
2026-07-19 22:30:30,F,139,1407,787,8457
2026-07-19 22:30:30,E,94,1251,787,8457
2026-07-19 22:30:30,A,85,3140,787,8457
2026-07-19 22:30:30,C,116,1932,787,8457
2026-07-19 22:43:00,B,340,740,747,8497
2026-07-19 22:43:00,F,135,1411,747,8497
2026-07-19 22:43:00,E,86,1259,747,8497
2026-07-19 22:43:00,A,78,3147,747,8497
2026-07-19 22:43:00,C,108,1940,747,8497
2026-07-19 23:00:33,B,310,770,700,8544
2026-07-19 23:00:33,F,130,1416,700,8544
2026-07-19 23:00:33,E,79,1266,700,8544
2026-07-19 23:00:33,A,76,3149,700,8544
2026-07-19 23:00:33,C,105,1943,700,8544
2026-07-19 23:30:27,B,253,827,613,8631
2026-07-19 23:30:27,F,120,1426,613,8631
2026-07-19 23:30:27,E,71,1274,613,8631
2026-07-19 23:30:27,A,68,3157,613,8631
2026-07-19 23:30:27,C,101,1947,613,8631
2026-07-20 00:00:36,B,237,843,603,8641
2026-07-20 00:00:36,F,121,1425,603,8641
2026-07-20 00:00:36,E,70,1275,603,8641
2026-07-20 00:00:36,A,66,3159,603,8641
2026-07-20 00:00:36,C,109,1939,603,8641
2026-07-20 00:16:55,B,203,877,561,8683
2026-07-20 00:16:55,F,123,1423,561,8683
2026-07-20 00:16:55,E,68,1277,561,8683
2026-07-20 00:16:55,A,61,3164,561,8683
2026-07-20 00:16:55,C,106,1942,561,8683
2026-07-20 00:30:30,B,191,889,547,8697
2026-07-20 00:30:30,F,122,1424,547,8697
2026-07-20 00:30:30,E,70,1275,547,8697
2026-07-20 00:30:30,A,61,3164,547,8697
2026-07-20 00:30:30,C,103,1945,547,8697
2026-07-20 01:00:36,B,55,1025,376,8868
2026-07-20 01:00:36,F,114,1432,376,8868
2026-07-20 01:00:36,E,64,1281,376,8868
2026-07-20 01:00:36,A,57,3168,376,8868
2026-07-20 01:00:36,C,86,1962,376,8868
2026-07-20 01:28:24,B,45,1035,363,8881
2026-07-20 01:28:24,F,114,1432,363,8881
2026-07-20 01:28:24,E,63,1282,363,8881
2026-07-20 01:28:24,A,57,3168,363,8881
2026-07-20 01:28:24,C,84,1964,363,8881
2026-07-20 01:30:29,B,43,1037,361,8883
2026-07-20 01:30:29,F,114,1432,361,8883
2026-07-20 01:30:29,E,63,1282,361,8883
2026-07-20 01:30:29,A,57,3168,361,8883
2026-07-20 01:30:29,C,84,1964,361,8883
2026-07-20 02:00:35,B,39,1041,358,8886
2026-07-20 02:00:35,F,114,1432,358,8886
2026-07-20 02:00:35,E,65,1280,358,8886
2026-07-20 02:00:35,A,56,3169,358,8886
2026-07-20 02:00:35,C,84,1964,358,8886
2026-07-20 02:25:36,B,38,1042,354,8890
2026-07-20 02:25:36,F,114,1432,354,8890
2026-07-20 02:25:36,E,62,1283,354,8890
2026-07-20 02:25:36,A,56,3169,354,8890
2026-07-20 02:25:36,C,84,1964,354,8890
2026-07-20 02:30:29,B,38,1042,353,8891
2026-07-20 02:30:29,F,113,1433,353,8891
2026-07-20 02:30:29,E,63,1282,353,8891
2026-07-20 02:30:29,A,55,3170,353,8891
2026-07-20 02:30:29,C,84,1964,353,8891
2026-07-20 03:00:34,B,38,1042,353,8891
2026-07-20 03:00:34,F,112,1434,353,8891
2026-07-20 03:00:34,E,63,1282,353,8891
2026-07-20 03:00:34,A,55,3170,353,8891
2026-07-20 03:00:34,C,85,1963,353,8891
2026-07-20 03:29:27,B,38,1042,354,8890
2026-07-20 03:29:27,F,113,1433,354,8890
2026-07-20 03:29:27,E,63,1282,354,8890
2026-07-20 03:29:27,A,55,3170,354,8890
2026-07-20 03:29:27,C,85,1963,354,8890
2026-07-20 03:30:28,B,38,1042,352,8892
2026-07-20 03:30:28,F,113,1433,352,8892
2026-07-20 03:30:28,E,62,1283,352,8892
2026-07-20 03:30:28,A,54,3171,352,8892
2026-07-20 03:30:28,C,85,1963,352,8892
2026-07-20 04:00:36,B,39,1041,353,8891
2026-07-20 04:00:36,F,113,1433,353,8891
2026-07-20 04:00:36,E,62,1283,353,8891
2026-07-20 04:00:36,A,53,3172,353,8891
2026-07-20 04:00:36,C,86,1962,353,8891
2026-07-20 04:26:21,B,39,1041,357,8887
2026-07-20 04:26:21,F,114,1432,357,8887
2026-07-20 04:26:21,E,63,1282,357,8887
2026-07-20 04:26:21,A,54,3171,357,8887
2026-07-20 04:26:21,C,87,1961,357,8887
2026-07-20 04:30:29,B,39,1041,358,8886
2026-07-20 04:30:29,F,115,1431,358,8886
2026-07-20 04:30:29,E,63,1282,358,8886
2026-07-20 04:30:29,A,54,3171,358,8886
2026-07-20 04:30:29,C,87,1961,358,8886
2026-07-20 05:00:36,B,40,1040,360,8884
2026-07-20 05:00:36,F,116,1430,360,8884
2026-07-20 05:00:36,E,63,1282,360,8884
2026-07-20 05:00:36,A,55,3170,360,8884
2026-07-20 05:00:36,C,86,1962,360,8884
2026-07-20 05:30:29,B,41,1039,370,8874
2026-07-20 05:30:29,F,117,1429,370,8874
2026-07-20 05:30:29,E,68,1277,370,8874
2026-07-20 05:30:29,A,55,3170,370,8874
2026-07-20 05:30:29,C,89,1959,370,8874
2026-07-20 05:37:52,B,42,1038,379,8865
2026-07-20 05:37:52,F,123,1423,379,8865
2026-07-20 05:37:52,E,68,1277,379,8865
2026-07-20 05:37:52,A,55,3170,379,8865
2026-07-20 05:37:52,C,91,1957,379,8865
2026-07-20 06:00:36,B,41,1039,431,8813
2026-07-20 06:00:36,F,145,1401,431,8813
2026-07-20 06:00:36,E,76,1269,431,8813
2026-07-20 06:00:36,A,65,3160,431,8813
2026-07-20 06:00:36,C,104,1944,431,8813
2026-07-20 06:30:30,B,41,1039,480,8764
2026-07-20 06:30:30,F,160,1386,480,8764
2026-07-20 06:30:30,E,92,1253,480,8764
2026-07-20 06:30:30,A,74,3151,480,8764
2026-07-20 06:30:30,C,113,1935,480,8764
2026-07-20 06:34:46,B,41,1039,498,8746
2026-07-20 06:34:46,F,164,1382,498,8746
2026-07-20 06:34:46,E,97,1248,498,8746
2026-07-20 06:34:46,A,77,3148,498,8746
2026-07-20 06:34:46,C,119,1929,498,8746
2026-07-20 07:00:35,B,41,1039,665,8579
2026-07-20 07:00:35,F,204,1342,665,8579
2026-07-20 07:00:35,E,126,1219,665,8579
2026-07-20 07:00:35,A,109,3116,665,8579
2026-07-20 07:00:35,C,185,1863,665,8579
2026-07-20 07:30:30,B,40,1040,815,8429
2026-07-20 07:30:30,F,234,1312,815,8429
2026-07-20 07:30:30,E,152,1193,815,8429
2026-07-20 07:30:30,A,132,3093,815,8429
2026-07-20 07:30:30,C,257,1791,815,8429
2026-07-20 07:38:24,B,41,1039,850,8394
2026-07-20 07:38:24,F,239,1307,850,8394
2026-07-20 07:38:24,E,156,1189,850,8394
2026-07-20 07:38:24,A,138,3087,850,8394
2026-07-20 07:38:24,C,276,1772,850,8394
2026-07-20 08:00:37,B,39,1041,1103,8141
2026-07-20 08:00:37,F,290,1256,1103,8141
2026-07-20 08:00:37,E,205,1140,1103,8141
2026-07-20 08:00:37,A,170,3055,1103,8141
2026-07-20 08:00:37,C,399,1649,1103,8141
2026-07-20 08:30:31,B,39,1041,1515,7729
2026-07-20 08:30:31,F,378,1168,1515,7729
2026-07-20 08:30:31,E,274,1071,1515,7729
2026-07-20 08:30:31,A,239,2986,1515,7729
2026-07-20 08:30:31,C,585,1463,1515,7729
2026-07-20 08:37:24,B,40,1040,1661,7583
2026-07-20 08:37:24,F,421,1125,1661,7583
2026-07-20 08:37:24,E,304,1041,1661,7583
2026-07-20 08:37:24,A,267,2958,1661,7583
2026-07-20 08:37:24,C,629,1419,1661,7583
2026-07-20 09:00:38,B,92,988,2275,6969
2026-07-20 09:00:38,F,578,968,2275,6969
2026-07-20 09:00:38,E,425,920,2275,6969
2026-07-20 09:00:38,A,394,2831,2275,6969
2026-07-20 09:00:38,C,786,1262,2275,6969
2026-07-20 09:30:30,B,210,870,3210,6034
2026-07-20 09:30:30,F,845,701,3210,6034
2026-07-20 09:30:30,E,592,753,3210,6034
2026-07-20 09:30:30,A,601,2624,3210,6034
2026-07-20 09:30:30,C,962,1086,3210,6034
2026-07-20 09:43:00,B,257,823,3512,5732
2026-07-20 09:43:00,F,916,630,3512,5732
2026-07-20 09:43:00,E,619,726,3512,5732
2026-07-20 09:43:00,A,684,2541,3512,5732
2026-07-20 09:43:00,C,1036,1012,3512,5732
2026-07-20 10:00:48,B,368,712,3978,5266
2026-07-20 10:00:48,F,1013,533,3978,5266
2026-07-20 10:00:48,E,692,653,3978,5266
2026-07-20 10:00:48,A,784,2441,3978,5266
2026-07-20 10:00:48,C,1121,927,3978,5266
2026-07-20 10:30:32,B,474,606,4494,4750
2026-07-20 10:30:32,F,1115,431,4494,4750
2026-07-20 10:30:32,E,764,581,4494,4750
2026-07-20 10:30:32,A,928,2297,4494,4750
2026-07-20 10:30:32,C,1213,835,4494,4750
2026-07-20 11:18:05,B,637,443,5211,4033
2026-07-20 11:18:05,F,1223,323,5211,4033
2026-07-20 11:18:05,E,845,500,5211,4033
2026-07-20 11:18:05,A,1159,2066,5211,4033
2026-07-20 11:18:05,C,1347,701,5211,4033
2026-07-20 11:30:33,B,662,418,5360,3884
2026-07-20 11:30:33,F,1252,294,5360,3884
2026-07-20 11:30:33,E,865,480,5360,3884
2026-07-20 11:30:33,A,1201,2024,5360,3884
2026-07-20 11:30:33,C,1380,668,5360,3884
2026-07-20 12:00:37,B,744,336,5699,3545
2026-07-20 12:00:37,F,1290,256,5699,3545
2026-07-20 12:00:37,E,911,434,5699,3545
2026-07-20 12:00:37,A,1288,1937,5699,3545
2026-07-20 12:00:37,C,1466,582,5699,3545
2026-07-20 12:30:32,B,797,283,5866,3378
2026-07-20 12:30:32,F,1309,237,5866,3378
2026-07-20 12:30:32,E,945,400,5866,3378
2026-07-20 12:30:32,A,1332,1893,5866,3378
2026-07-20 12:30:32,C,1483,565,5866,3378
2026-07-20 13:00:38,B,834,246,6029,3215
2026-07-20 13:00:38,F,1311,235,6029,3215
2026-07-20 13:00:38,E,982,363,6029,3215
2026-07-20 13:00:38,A,1403,1822,6029,3215
2026-07-20 13:00:38,C,1499,549,6029,3215
2026-07-20 13:30:30,B,857,223,6079,3165
2026-07-20 13:30:30,F,1307,239,6079,3165
2026-07-20 13:30:30,E,1006,339,6079,3165
2026-07-20 13:30:30,A,1407,1818,6079,3165
2026-07-20 13:30:30,C,1502,546,6079,3165
2026-07-20 14:00:37,B,845,235,5918,3326
2026-07-20 14:00:37,F,1288,258,5918,3326
2026-07-20 14:00:37,E,986,359,5918,3326
2026-07-20 14:00:37,A,1346,1879,5918,3326
2026-07-20 14:00:37,C,1453,595,5918,3326
2026-07-20 14:30:48,B,809,271,5673,3571
2026-07-20 14:30:48,F,1252,294,5673,3571
2026-07-20 14:30:48,E,946,399,5673,3571
2026-07-20 14:30:48,A,1252,1973,5673,3571
2026-07-20 14:30:48,C,1414,634,5673,3571
2026-07-20 14:57:05,B,750,330,5391,3853
2026-07-20 14:57:05,F,1204,342,5391,3853
2026-07-20 14:57:05,E,901,444,5391,3853
2026-07-20 14:57:05,A,1175,2050,5391,3853
2026-07-20 14:57:05,C,1361,687,5391,3853
2026-07-20 15:00:36,B,751,329,5354,3890
2026-07-20 15:00:36,F,1191,355,5354,3890
2026-07-20 15:00:36,E,897,448,5354,3890
2026-07-20 15:00:36,A,1162,2063,5354,3890
2026-07-20 15:00:36,C,1353,695,5354,3890
2026-07-20 15:30:30,B,691,389,5008,4236
2026-07-20 15:30:30,F,1134,412,5008,4236
2026-07-20 15:30:30,E,833,512,5008,4236
2026-07-20 15:30:30,A,1063,2162,5008,4236
2026-07-20 15:30:30,C,1287,761,5008,4236
2026-07-20 16:00:38,B,662,418,4781,4463
2026-07-20 16:00:38,F,1075,471,4781,4463
2026-07-20 16:00:38,E,829,516,4781,4463
2026-07-20 16:00:38,A,962,2263,4781,4463
2026-07-20 16:00:38,C,1253,795,4781,4463
2026-07-20 16:30:29,B,601,479,4304,4940
2026-07-20 16:30:29,F,973,573,4304,4940
2026-07-20 16:30:29,E,759,586,4304,4940
2026-07-20 16:30:29,A,849,2376,4304,4940
2026-07-20 16:30:29,C,1122,926,4304,4940
2026-07-20 17:00:35,B,600,480,3842,5402
2026-07-20 17:00:35,F,893,653,3842,5402
2026-07-20 17:00:35,E,673,672,3842,5402
2026-07-20 17:00:35,A,712,2513,3842,5402
2026-07-20 17:00:35,C,964,1084,3842,5402
2026-07-20 17:30:29,B,577,503,3008,6236
2026-07-20 17:30:29,F,704,842,3008,6236
2026-07-20 17:30:29,E,517,828,3008,6236
2026-07-20 17:30:29,A,529,2696,3008,6236
2026-07-20 17:30:29,C,681,1367,3008,6236
2026-07-20 17:53:00,B,508,572,2268,6976
2026-07-20 17:53:00,F,460,1086,2268,6976
2026-07-20 17:53:00,E,429,916,2268,6976
2026-07-20 17:53:00,A,350,2875,2268,6976
2026-07-20 17:53:00,C,521,1527,2268,6976
2026-07-20 18:30:31,B,479,601,1640,7604
2026-07-20 18:30:31,F,301,1245,1640,7604
2026-07-20 18:30:31,E,338,1007,1640,7604
2026-07-20 18:30:31,A,169,3056,1640,7604
2026-07-20 18:30:31,C,353,1695,1640,7604
2026-07-20 19:00:39,B,469,611,1483,7761
2026-07-20 19:00:39,F,267,1279,1483,7761
2026-07-20 19:00:39,E,317,1028,1483,7761
2026-07-20 19:00:39,A,132,3093,1483,7761
2026-07-20 19:00:39,C,298,1750,1483,7761
2026-07-20 19:30:29,B,448,632,1331,7913
2026-07-20 19:30:29,F,250,1296,1331,7913
2026-07-20 19:30:29,E,251,1094,1331,7913
2026-07-20 19:30:29,A,116,3109,1331,7913
2026-07-20 19:30:29,C,266,1782,1331,7913
2026-07-20 20:00:42,B,448,632,1250,7994
2026-07-20 20:00:42,F,241,1305,1250,7994
2026-07-20 20:00:42,E,227,1118,1250,7994
2026-07-20 20:00:42,A,94,3131,1250,7994
2026-07-20 20:00:42,C,240,1808,1250,7994
2026-07-20 20:30:29,B,427,653,1115,8129
2026-07-20 20:30:29,F,206,1340,1115,8129
2026-07-20 20:30:29,E,199,1146,1115,8129
2026-07-20 20:30:29,A,84,3141,1115,8129
2026-07-20 20:30:29,C,199,1849,1115,8129
2026-07-20 20:36:07,B,424,656,1098,8146
2026-07-20 20:36:07,F,205,1341,1098,8146
2026-07-20 20:36:07,E,193,1152,1098,8146
2026-07-20 20:36:07,A,80,3145,1098,8146
2026-07-20 20:36:07,C,196,1852,1098,8146
2026-07-20 21:00:41,B,399,681,988,8256
2026-07-20 21:00:41,F,185,1361,988,8256
2026-07-20 21:00:41,E,149,1196,988,8256
2026-07-20 21:00:41,A,74,3151,988,8256
2026-07-20 21:00:41,C,181,1867,988,8256
2026-07-20 21:30:29,B,295,785,780,8464
2026-07-20 21:30:29,F,161,1385,780,8464
2026-07-20 21:30:29,E,88,1257,780,8464
2026-07-20 21:30:29,A,68,3157,780,8464
2026-07-20 21:30:29,C,168,1880,780,8464
2026-07-20 22:00:39,B,321,759,765,8479
2026-07-20 22:00:39,F,152,1394,765,8479
2026-07-20 22:00:39,E,69,1276,765,8479
2026-07-20 22:00:39,A,65,3160,765,8479
2026-07-20 22:00:39,C,158,1890,765,8479
2026-07-20 22:30:30,B,286,794,676,8568
2026-07-20 22:30:30,F,138,1408,676,8568
2026-07-20 22:30:30,E,60,1285,676,8568
2026-07-20 22:30:30,A,61,3164,676,8568
2026-07-20 22:30:30,C,131,1917,676,8568
2026-07-20 22:58:32,B,260,820,638,8606
2026-07-20 22:58:32,F,136,1410,638,8606
2026-07-20 22:58:32,E,57,1288,638,8606
2026-07-20 22:58:32,A,56,3169,638,8606
2026-07-20 22:58:32,C,129,1919,638,8606
2026-07-20 23:00:40,B,256,824,632,8612
2026-07-20 23:00:40,F,134,1412,632,8612
2026-07-20 23:00:40,E,57,1288,632,8612
2026-07-20 23:00:40,A,56,3169,632,8612
2026-07-20 23:00:40,C,129,1919,632,8612
2026-07-20 23:30:31,B,206,874,545,8699
2026-07-20 23:30:31,F,123,1423,545,8699
2026-07-20 23:30:31,E,50,1295,545,8699
2026-07-20 23:30:31,A,55,3170,545,8699
2026-07-20 23:30:31,C,111,1937,545,8699
2026-07-21 00:00:43,B,185,895,531,8713
2026-07-21 00:00:43,F,121,1425,531,8713
2026-07-21 00:00:43,E,51,1294,531,8713
2026-07-21 00:00:43,A,55,3170,531,8713
2026-07-21 00:00:43,C,119,1929,531,8713
2026-07-21 00:30:29,B,151,929,489,8755
2026-07-21 00:30:29,F,128,1418,489,8755
2026-07-21 00:30:29,E,47,1298,489,8755
2026-07-21 00:30:29,A,50,3175,489,8755
2026-07-21 00:30:29,C,113,1935,489,8755
2026-07-21 01:00:50,B,92,988,427,8817
2026-07-21 01:00:50,F,128,1418,427,8817
2026-07-21 01:00:50,E,46,1299,427,8817
2026-07-21 01:00:50,A,49,3176,427,8817
2026-07-21 01:00:50,C,112,1936,427,8817
2026-07-21 01:08:07,B,63,1017,393,8851
2026-07-21 01:08:07,F,127,1419,393,8851
2026-07-21 01:08:07,E,45,1300,393,8851
2026-07-21 01:08:07,A,49,3176,393,8851
2026-07-21 01:08:07,C,109,1939,393,8851
2026-07-21 01:30:34,B,35,1045,362,8882
2026-07-21 01:30:34,F,124,1422,362,8882
2026-07-21 01:30:34,E,44,1301,362,8882
2026-07-21 01:30:34,A,50,3175,362,8882
2026-07-21 01:30:34,C,109,1939,362,8882
2026-07-21 02:00:42,B,33,1047,359,8885
2026-07-21 02:00:42,F,122,1424,359,8885
2026-07-21 02:00:42,E,44,1301,359,8885
2026-07-21 02:00:42,A,50,3175,359,8885
2026-07-21 02:00:42,C,110,1938,359,8885
2026-07-21 02:30:35,B,33,1047,359,8885
2026-07-21 02:30:35,F,121,1425,359,8885
2026-07-21 02:30:35,E,44,1301,359,8885
2026-07-21 02:30:35,A,51,3174,359,8885
2026-07-21 02:30:35,C,110,1938,359,8885
2026-07-21 02:49:42,B,33,1047,360,8884
2026-07-21 02:49:42,F,121,1425,360,8884
2026-07-21 02:49:42,E,45,1300,360,8884
2026-07-21 02:49:42,A,51,3174,360,8884
2026-07-21 02:49:42,C,110,1938,360,8884
2026-07-21 03:30:32,B,33,1047,363,8881
2026-07-21 03:30:32,F,122,1424,363,8881
2026-07-21 03:30:32,E,47,1298,363,8881
2026-07-21 03:30:32,A,50,3175,363,8881
2026-07-21 03:30:32,C,111,1937,363,8881
2026-07-21 04:30:31,B,34,1046,357,8887
2026-07-21 04:30:31,F,120,1426,357,8887
2026-07-21 04:30:31,E,46,1299,357,8887
2026-07-21 04:30:31,A,50,3175,357,8887
2026-07-21 04:30:31,C,107,1941,357,8887
2026-07-21 04:46:44,B,34,1046,360,8884
2026-07-21 04:46:44,F,123,1423,360,8884
2026-07-21 04:46:44,E,46,1299,360,8884
2026-07-21 04:46:44,A,50,3175,360,8884
2026-07-21 04:46:44,C,107,1941,360,8884
2026-07-21 05:00:42,B,34,1046,363,8881
2026-07-21 05:00:42,F,123,1423,363,8881
2026-07-21 05:00:42,E,48,1297,363,8881
2026-07-21 05:00:42,A,50,3175,363,8881
2026-07-21 05:00:42,C,108,1940,363,8881
2026-07-21 05:30:31,B,35,1045,371,8873
2026-07-21 05:30:31,F,125,1421,371,8873
2026-07-21 05:30:31,E,53,1292,371,8873
2026-07-21 05:30:31,A,49,3176,371,8873
2026-07-21 05:30:31,C,109,1939,371,8873
2026-07-21 06:14:38,B,35,1045,467,8777
2026-07-21 06:14:38,F,155,1391,467,8777
2026-07-21 06:14:38,E,75,1270,467,8777
2026-07-21 06:14:38,A,62,3163,467,8777
2026-07-21 06:14:38,C,140,1908,467,8777
2026-07-21 06:30:33,B,34,1046,516,8728
2026-07-21 06:30:33,F,163,1383,516,8728
2026-07-21 06:30:33,E,91,1254,516,8728
2026-07-21 06:30:33,A,66,3159,516,8728
2026-07-21 06:30:33,C,162,1886,516,8728
2026-07-21 07:00:41,B,35,1045,673,8571
2026-07-21 07:00:41,F,205,1341,673,8571
2026-07-21 07:00:41,E,114,1231,673,8571
2026-07-21 07:00:41,A,96,3129,673,8571
2026-07-21 07:00:41,C,223,1825,673,8571
2026-07-21 07:30:32,B,33,1047,819,8425
2026-07-21 07:30:32,F,241,1305,819,8425
2026-07-21 07:30:32,E,138,1207,819,8425
2026-07-21 07:30:32,A,128,3097,819,8425
2026-07-21 07:30:32,C,279,1769,819,8425
2026-07-21 07:37:08,B,34,1046,864,8380
2026-07-21 07:37:08,F,246,1300,864,8380
2026-07-21 07:37:08,E,152,1193,864,8380
2026-07-21 07:37:08,A,131,3094,864,8380
2026-07-21 07:37:08,C,301,1747,864,8380
2026-07-21 08:00:38,B,34,1046,1122,8122
2026-07-21 08:00:38,F,288,1258,1122,8122
2026-07-21 08:00:38,E,199,1146,1122,8122
2026-07-21 08:00:38,A,164,3061,1122,8122
2026-07-21 08:00:38,C,437,1611,1122,8122
2026-07-21 08:30:31,B,34,1046,1599,7645
2026-07-21 08:30:31,F,402,1144,1599,7645
2026-07-21 08:30:31,E,260,1085,1599,7645
2026-07-21 08:30:31,A,246,2979,1599,7645
2026-07-21 08:30:31,C,657,1391,1599,7645
2026-07-21 08:43:06,B,46,1034,1825,7419
2026-07-21 08:43:06,F,455,1091,1825,7419
2026-07-21 08:43:06,E,302,1043,1825,7419
2026-07-21 08:43:06,A,302,2923,1825,7419
2026-07-21 08:43:06,C,720,1328,1825,7419
2026-07-21 09:00:37,B,88,992,2310,6934
2026-07-21 09:00:37,F,583,963,2310,6934
2026-07-21 09:00:37,E,396,949,2310,6934
2026-07-21 09:00:37,A,394,2831,2310,6934
2026-07-21 09:00:37,C,849,1199,2310,6934
2026-07-21 09:30:29,B,213,867,3309,5935
2026-07-21 09:30:29,F,821,725,3309,5935
2026-07-21 09:30:29,E,584,761,3309,5935
2026-07-21 09:30:29,A,645,2580,3309,5935
2026-07-21 09:30:29,C,1046,1002,3309,5935
2026-07-21 09:43:35,B,279,801,3667,5577
2026-07-21 09:43:35,F,892,654,3667,5577
2026-07-21 09:43:35,E,643,702,3667,5577
2026-07-21 09:43:35,A,733,2492,3667,5577
2026-07-21 09:43:35,C,1120,928,3667,5577
2026-07-21 10:00:37,B,371,709,4056,5188
2026-07-21 10:00:37,F,994,552,4056,5188
2026-07-21 10:00:37,E,686,659,4056,5188
2026-07-21 10:00:37,A,824,2401,4056,5188
2026-07-21 10:00:37,C,1181,867,4056,5188
2026-07-21 10:30:28,B,505,575,4581,4663
2026-07-21 10:30:28,F,1083,463,4581,4663
2026-07-21 10:30:28,E,753,592,4581,4663
2026-07-21 10:30:28,A,972,2253,4581,4663
2026-07-21 10:30:28,C,1268,780,4581,4663
2026-07-21 11:00:38,B,605,475,5064,4180
2026-07-21 11:00:38,F,1161,385,5064,4180
2026-07-21 11:00:38,E,818,527,5064,4180
2026-07-21 11:00:38,A,1124,2101,5064,4180
2026-07-21 11:00:38,C,1356,692,5064,4180
2026-07-21 11:15:11,B,653,427,5301,3943
2026-07-21 11:15:11,F,1207,339,5301,3943
2026-07-21 11:15:11,E,859,486,5301,3943
2026-07-21 11:15:11,A,1192,2033,5301,3943
2026-07-21 11:15:11,C,1390,658,5301,3943
2026-07-21 11:30:30,B,684,396,5470,3774
2026-07-21 11:30:30,F,1241,305,5470,3774
2026-07-21 11:30:30,E,880,465,5470,3774
2026-07-21 11:30:30,A,1246,1979,5470,3774
2026-07-21 11:30:30,C,1419,629,5470,3774
2026-07-21 12:00:34,B,768,312,5751,3493
2026-07-21 12:00:34,F,1277,269,5751,3493
2026-07-21 12:00:34,E,920,425,5751,3493
2026-07-21 12:00:34,A,1336,1889,5751,3493
2026-07-21 12:00:34,C,1450,598,5751,3493
2026-07-21 12:30:32,B,831,249,5958,3286
2026-07-21 12:30:32,F,1302,244,5958,3286
2026-07-21 12:30:32,E,946,399,5958,3286
2026-07-21 12:30:32,A,1389,1836,5958,3286
2026-07-21 12:30:32,C,1490,558,5958,3286
2026-07-21 13:30:30,B,861,219,6046,3198
2026-07-21 13:30:30,F,1294,252,6046,3198
2026-07-21 13:30:30,E,992,353,6046,3198
2026-07-21 13:30:30,A,1419,1806,6046,3198
2026-07-21 13:30:30,C,1480,568,6046,3198
2026-07-21 14:00:34,B,849,231,5978,3266
2026-07-21 14:00:34,F,1283,263,5978,3266
2026-07-21 14:00:34,E,971,374,5978,3266
2026-07-21 14:00:34,A,1411,1814,5978,3266
2026-07-21 14:00:34,C,1464,584,5978,3266
2026-07-21 14:30:28,B,830,250,5850,3394
2026-07-21 14:30:28,F,1263,283,5850,3394
2026-07-21 14:30:28,E,958,387,5850,3394
2026-07-21 14:30:28,A,1340,1885,5850,3394
2026-07-21 14:30:28,C,1459,589,5850,3394
2026-07-21 14:38:41,B,817,263,5775,3469
2026-07-21 14:38:41,F,1250,296,5775,3469
2026-07-21 14:38:41,E,948,397,5775,3469
2026-07-21 14:38:41,A,1310,1915,5775,3469
2026-07-21 14:38:41,C,1450,598,5775,3469
2026-07-21 15:00:38,B,754,326,5495,3749
2026-07-21 15:00:38,F,1217,329,5495,3749
2026-07-21 15:00:38,E,895,450,5495,3749
2026-07-21 15:00:38,A,1239,1986,5495,3749
2026-07-21 15:00:38,C,1390,658,5495,3749
2026-07-21 15:30:29,B,691,389,5025,4219
2026-07-21 15:30:29,F,1121,425,5025,4219
2026-07-21 15:30:29,E,813,532,5025,4219
2026-07-21 15:30:29,A,1116,2109,5025,4219
2026-07-21 15:30:29,C,1284,764,5025,4219
2026-07-21 16:00:38,B,678,402,4772,4472
2026-07-21 16:00:38,F,1064,482,4772,4472
2026-07-21 16:00:38,E,794,551,4772,4472
2026-07-21 16:00:38,A,1001,2224,4772,4472
2026-07-21 16:00:38,C,1235,813,4772,4472
2026-07-21 16:30:28,B,680,400,4417,4827
2026-07-21 16:30:28,F,998,548,4417,4827
2026-07-21 16:30:28,E,752,593,4417,4827
2026-07-21 16:30:28,A,880,2345,4417,4827
2026-07-21 16:30:28,C,1107,941,4417,4827
2026-07-21 17:00:42,B,656,424,3929,5315
2026-07-21 17:00:42,F,875,671,3929,5315
2026-07-21 17:00:42,E,660,685,3929,5315
2026-07-21 17:00:42,A,772,2453,3929,5315
2026-07-21 17:00:42,C,966,1082,3929,5315
2026-07-21 17:24:36,B,654,426,3372,5872
2026-07-21 17:24:36,F,754,792,3372,5872
2026-07-21 17:24:36,E,575,770,3372,5872
2026-07-21 17:24:36,A,631,2594,3372,5872
2026-07-21 17:24:36,C,758,1290,3372,5872
2026-07-21 17:30:30,B,649,431,3234,6010
2026-07-21 17:30:30,F,732,814,3234,6010
2026-07-21 17:30:30,E,556,789,3234,6010
2026-07-21 17:30:30,A,598,2627,3234,6010
2026-07-21 17:30:30,C,699,1349,3234,6010
2026-07-21 18:30:32,B,612,468,1847,7397
2026-07-21 18:30:32,F,337,1209,1847,7397
2026-07-21 18:30:32,E,355,990,1847,7397
2026-07-21 18:30:32,A,181,3044,1847,7397
2026-07-21 18:30:32,C,362,1686,1847,7397
2026-07-21 19:00:41,B,639,441,1704,7540
2026-07-21 19:00:41,F,313,1233,1704,7540
2026-07-21 19:00:41,E,310,1035,1704,7540
2026-07-21 19:00:41,A,131,3094,1704,7540
2026-07-21 19:00:41,C,311,1737,1704,7540
2026-07-21 19:30:34,B,674,406,1624,7620
2026-07-21 19:30:34,F,298,1248,1624,7620
2026-07-21 19:30:34,E,267,1078,1624,7620
2026-07-21 19:30:34,A,124,3101,1624,7620
2026-07-21 19:30:34,C,261,1787,1624,7620
2026-07-21 19:56:17,B,680,400,1559,7685
2026-07-21 19:56:17,F,277,1269,1559,7685
2026-07-21 19:56:17,E,245,1100,1559,7685
2026-07-21 19:56:17,A,116,3109,1559,7685
2026-07-21 19:56:17,C,241,1807,1559,7685
2026-07-21 20:00:44,B,681,399,1540,7704
2026-07-21 20:00:44,F,271,1275,1540,7704
2026-07-21 20:00:44,E,236,1109,1540,7704
2026-07-21 20:00:44,A,114,3111,1540,7704
2026-07-21 20:00:44,C,238,1810,1540,7704
2026-07-21 20:30:32,B,650,430,1418,7826
2026-07-21 20:30:32,F,247,1299,1418,7826
2026-07-21 20:30:32,E,190,1155,1418,7826
2026-07-21 20:30:32,A,117,3108,1418,7826
2026-07-21 20:30:32,C,214,1834,1418,7826
2026-07-21 21:00:38,B,630,450,1325,7919
2026-07-21 21:00:38,F,226,1320,1325,7919
2026-07-21 21:00:38,E,162,1183,1325,7919
2026-07-21 21:00:38,A,108,3117,1325,7919
2026-07-21 21:00:38,C,199,1849,1325,7919
2026-07-21 21:30:35,B,458,622,1002,8242
2026-07-21 21:30:35,F,186,1360,1002,8242
2026-07-21 21:30:35,E,100,1245,1002,8242
2026-07-21 21:30:35,A,81,3144,1002,8242
2026-07-21 21:30:35,C,177,1871,1002,8242
2026-07-21 21:41:29,B,430,650,948,8296
2026-07-21 21:41:29,F,177,1369,948,8296
2026-07-21 21:41:29,E,95,1250,948,8296
2026-07-21 21:41:29,A,80,3145,948,8296
2026-07-21 21:41:29,C,166,1882,948,8296
2026-07-21 22:00:43,B,415,665,902,8342
2026-07-21 22:00:43,F,172,1374,902,8342
2026-07-21 22:00:43,E,85,1260,902,8342
2026-07-21 22:00:43,A,74,3151,902,8342
2026-07-21 22:00:43,C,156,1892,902,8342
2026-07-21 22:30:34,B,359,721,781,8463
2026-07-21 22:30:34,F,157,1389,781,8463
2026-07-21 22:30:34,E,65,1280,781,8463
2026-07-21 22:30:34,A,72,3153,781,8463
2026-07-21 22:30:34,C,128,1920,781,8463
2026-07-21 23:00:44,B,324,756,714,8530
2026-07-21 23:00:44,F,145,1401,714,8530
2026-07-21 23:00:44,E,62,1283,714,8530
2026-07-21 23:00:44,A,66,3159,714,8530
2026-07-21 23:00:44,C,117,1931,714,8530
2026-07-21 23:07:29,B,296,784,675,8569
2026-07-21 23:07:29,F,140,1406,675,8569
2026-07-21 23:07:29,E,61,1284,675,8569
2026-07-21 23:07:29,A,64,3161,675,8569
2026-07-21 23:07:29,C,114,1934,675,8569
2026-07-21 23:30:30,B,277,803,636,8608
2026-07-21 23:30:30,F,130,1416,636,8608
2026-07-21 23:30:30,E,57,1288,636,8608
2026-07-21 23:30:30,A,63,3162,636,8608
2026-07-21 23:30:30,C,109,1939,636,8608
2026-07-22 00:00:42,B,229,851,594,8650
2026-07-22 00:00:42,F,135,1411,594,8650
2026-07-22 00:00:42,E,52,1293,594,8650
2026-07-22 00:00:42,A,62,3163,594,8650
2026-07-22 00:00:42,C,116,1932,594,8650
2026-07-22 00:30:34,B,178,902,521,8723
2026-07-22 00:30:34,F,136,1410,521,8723
2026-07-22 00:30:34,E,48,1297,521,8723
2026-07-22 00:30:34,A,58,3167,521,8723
2026-07-22 00:30:34,C,101,1947,521,8723
2026-07-22 01:00:42,B,77,1003,411,8833
2026-07-22 01:00:42,F,134,1412,411,8833
2026-07-22 01:00:42,E,46,1299,411,8833
2026-07-22 01:00:42,A,57,3168,411,8833
2026-07-22 01:00:42,C,97,1951,411,8833
2026-07-22 01:19:29,B,42,1038,363,8881
2026-07-22 01:19:29,F,133,1413,363,8881
2026-07-22 01:19:29,E,40,1305,363,8881
2026-07-22 01:19:29,A,56,3169,363,8881
2026-07-22 01:19:29,C,92,1956,363,8881
2026-07-22 01:30:40,B,38,1042,364,8880
2026-07-22 01:30:40,F,133,1413,364,8880
2026-07-22 01:30:40,E,42,1303,364,8880
2026-07-22 01:30:40,A,57,3168,364,8880
2026-07-22 01:30:40,C,94,1954,364,8880
2026-07-22 02:30:33,B,34,1046,355,8889
2026-07-22 02:30:33,F,127,1419,355,8889
2026-07-22 02:30:33,E,38,1307,355,8889
2026-07-22 02:30:33,A,55,3170,355,8889
2026-07-22 02:30:33,C,101,1947,355,8889
2026-07-22 02:50:36,B,34,1046,357,8887
2026-07-22 02:50:36,F,128,1418,357,8887
2026-07-22 02:50:36,E,39,1306,357,8887
2026-07-22 02:50:36,A,54,3171,357,8887
2026-07-22 02:50:36,C,102,1946,357,8887
2026-07-22 03:00:45,B,34,1046,353,8891
2026-07-22 03:00:45,F,126,1420,353,8891
2026-07-22 03:00:45,E,41,1304,353,8891
2026-07-22 03:00:45,A,53,3172,353,8891
2026-07-22 03:00:45,C,99,1949,353,8891
2026-07-22 03:30:29,B,34,1046,346,8898
2026-07-22 03:30:29,F,125,1421,346,8898
2026-07-22 03:30:29,E,40,1305,346,8898
2026-07-22 03:30:29,A,52,3173,346,8898
2026-07-22 03:30:29,C,95,1953,346,8898
2026-07-22 04:00:36,B,34,1046,345,8899
2026-07-22 04:00:36,F,125,1421,345,8899
2026-07-22 04:00:36,E,39,1306,345,8899
2026-07-22 04:00:36,A,53,3172,345,8899
2026-07-22 04:00:36,C,94,1954,345,8899
2026-07-22 04:05:13,B,34,1046,342,8902
2026-07-22 04:05:13,F,124,1422,342,8902
2026-07-22 04:05:13,E,39,1306,342,8902
2026-07-22 04:05:13,A,51,3174,342,8902
2026-07-22 04:05:13,C,94,1954,342,8902
2026-07-22 04:30:32,B,34,1046,342,8902
2026-07-22 04:30:32,F,125,1421,342,8902
2026-07-22 04:30:32,E,39,1306,342,8902
2026-07-22 04:30:32,A,51,3174,342,8902
2026-07-22 04:30:32,C,93,1955,342,8902
2026-07-22 05:00:42,B,34,1046,350,8894
2026-07-22 05:00:42,F,128,1418,350,8894
2026-07-22 05:00:42,E,39,1306,350,8894
2026-07-22 05:00:42,A,51,3174,350,8894
2026-07-22 05:00:42,C,98,1950,350,8894
2026-07-22 05:30:35,B,34,1046,352,8892
2026-07-22 05:30:35,F,127,1419,352,8892
2026-07-22 05:30:35,E,42,1303,352,8892
2026-07-22 05:30:35,A,51,3174,352,8892
2026-07-22 05:30:35,C,98,1950,352,8892
2026-07-22 05:57:16,B,34,1046,422,8822
2026-07-22 05:57:16,F,148,1398,422,8822
2026-07-22 05:57:16,E,57,1288,422,8822
2026-07-22 05:57:16,A,56,3169,422,8822
2026-07-22 05:57:16,C,127,1921,422,8822
2026-07-22 06:00:38,B,34,1046,423,8821
2026-07-22 06:00:38,F,151,1395,423,8821
2026-07-22 06:00:38,E,60,1285,423,8821
2026-07-22 06:00:38,A,57,3168,423,8821
2026-07-22 06:00:38,C,121,1927,423,8821
2026-07-22 06:30:32,B,36,1044,497,8747
2026-07-22 06:30:32,F,165,1381,497,8747
2026-07-22 06:30:32,E,84,1261,497,8747
2026-07-22 06:30:32,A,66,3159,497,8747
2026-07-22 06:30:32,C,146,1902,497,8747
2026-07-22 06:59:13,B,35,1045,655,8589
2026-07-22 06:59:13,F,210,1336,655,8589
2026-07-22 06:59:13,E,105,1240,655,8589
2026-07-22 06:59:13,A,96,3129,655,8589
2026-07-22 06:59:13,C,209,1839,655,8589
2026-07-22 07:00:40,B,35,1045,657,8587
2026-07-22 07:00:40,F,212,1334,657,8587
2026-07-22 07:00:40,E,106,1239,657,8587
2026-07-22 07:00:40,A,98,3127,657,8587
2026-07-22 07:00:40,C,206,1842,657,8587
2026-07-22 07:30:32,B,35,1045,809,8435
2026-07-22 07:30:32,F,243,1303,809,8435
2026-07-22 07:30:32,E,126,1219,809,8435
2026-07-22 07:30:32,A,134,3091,809,8435
2026-07-22 07:30:32,C,271,1777,809,8435
2026-07-22 08:00:38,B,34,1046,1114,8130
2026-07-22 08:00:38,F,311,1235,1114,8130
2026-07-22 08:00:38,E,189,1156,1114,8130
2026-07-22 08:00:38,A,181,3044,1114,8130
2026-07-22 08:00:38,C,399,1649,1114,8130
2026-07-22 08:01:48,B,34,1046,1136,8108
2026-07-22 08:01:48,F,313,1233,1136,8108
2026-07-22 08:01:48,E,196,1149,1136,8108
2026-07-22 08:01:48,A,187,3038,1136,8108
2026-07-22 08:01:48,C,406,1642,1136,8108
2026-07-22 08:30:31,B,34,1046,1526,7718
2026-07-22 08:30:31,F,381,1165,1526,7718
2026-07-22 08:30:31,E,264,1081,1526,7718
2026-07-22 08:30:31,A,244,2981,1526,7718
2026-07-22 08:30:31,C,603,1445,1526,7718
2026-07-22 09:00:36,B,85,995,2272,6972
2026-07-22 09:00:36,F,562,984,2272,6972
2026-07-22 09:00:36,E,412,933,2272,6972
2026-07-22 09:00:36,A,385,2840,2272,6972
2026-07-22 09:00:36,C,828,1220,2272,6972
2026-07-22 09:24:54,B,204,876,3147,6097
2026-07-22 09:24:54,F,753,793,3147,6097
2026-07-22 09:24:54,E,582,763,3147,6097
2026-07-22 09:24:54,A,567,2658,3147,6097
2026-07-22 09:24:54,C,1041,1007,3147,6097
2026-07-22 09:30:30,B,230,850,3358,5886
2026-07-22 09:30:30,F,804,742,3358,5886
2026-07-22 09:30:30,E,618,727,3358,5886
2026-07-22 09:30:30,A,621,2604,3358,5886
2026-07-22 09:30:30,C,1085,963,3358,5886
2026-07-22 10:00:40,B,395,685,4027,5217
2026-07-22 10:00:40,F,960,586,4027,5217
2026-07-22 10:00:40,E,692,653,4027,5217
2026-07-22 10:00:40,A,799,2426,4027,5217
2026-07-22 10:00:40,C,1181,867,4027,5217
2026-07-22 10:12:44,B,451,629,4297,4947
2026-07-22 10:12:44,F,1012,534,4297,4947
2026-07-22 10:12:44,E,729,616,4297,4947
2026-07-22 10:12:44,A,872,2353,4297,4947
2026-07-22 10:12:44,C,1233,815,4297,4947
2026-07-22 10:30:30,B,545,535,4654,4590
2026-07-22 10:30:30,F,1078,468,4654,4590
2026-07-22 10:30:30,E,754,591,4654,4590
2026-07-22 10:30:30,A,988,2237,4654,4590
2026-07-22 10:30:30,C,1289,759,4654,4590
2026-07-22 11:00:39,B,645,435,5171,4073
2026-07-22 11:00:39,F,1179,367,5171,4073
2026-07-22 11:00:39,E,831,514,5171,4073
2026-07-22 11:00:39,A,1170,2055,5171,4073
2026-07-22 11:00:39,C,1346,702,5171,4073
2026-07-22 11:30:30,B,695,385,5599,3645
2026-07-22 11:30:30,F,1263,283,5599,3645
2026-07-22 11:30:30,E,906,439,5599,3645
2026-07-22 11:30:30,A,1313,1912,5599,3645
2026-07-22 11:30:30,C,1422,626,5599,3645
2026-07-22 12:00:36,B,752,328,5851,3393
2026-07-22 12:00:36,F,1293,253,5851,3393
2026-07-22 12:00:36,E,954,391,5851,3393
2026-07-22 12:00:36,A,1407,1818,5851,3393
2026-07-22 12:00:36,C,1445,603,5851,3393
2026-07-22 12:30:31,B,797,283,6035,3209
2026-07-22 12:30:31,F,1298,248,6035,3209
2026-07-22 12:30:31,E,1003,342,6035,3209
2026-07-22 12:30:31,A,1461,1764,6035,3209
2026-07-22 12:30:31,C,1476,572,6035,3209
2026-07-22 13:00:38,B,857,223,6208,3036
2026-07-22 13:00:38,F,1299,247,6208,3036
2026-07-22 13:00:38,E,1032,313,6208,3036
2026-07-22 13:00:38,A,1503,1722,6208,3036
2026-07-22 13:00:38,C,1517,531,6208,3036
2026-07-22 13:30:30,B,852,228,6203,3041
2026-07-22 13:30:30,F,1295,251,6203,3041
2026-07-22 13:30:30,E,1040,305,6203,3041
2026-07-22 13:30:30,A,1505,1720,6203,3041
2026-07-22 13:30:30,C,1511,537,6203,3041
2026-07-22 13:53:10,B,854,226,6147,3097
2026-07-22 13:53:10,F,1291,255,6147,3097
2026-07-22 13:53:10,E,1021,324,6147,3097
2026-07-22 13:53:10,A,1495,1730,6147,3097
2026-07-22 13:53:10,C,1486,562,6147,3097
2026-07-22 14:30:29,B,787,293,5816,3428
2026-07-22 14:30:29,F,1242,304,5816,3428
2026-07-22 14:30:29,E,954,391,5816,3428
2026-07-22 14:30:29,A,1404,1821,5816,3428
2026-07-22 14:30:29,C,1429,619,5816,3428
2026-07-22 15:30:29,B,669,411,5087,4157
2026-07-22 15:30:29,F,1108,438,5087,4157
2026-07-22 15:30:29,E,833,512,5087,4157
2026-07-22 15:30:29,A,1186,2039,5087,4157
2026-07-22 15:30:29,C,1291,757,5087,4157
2026-07-22 16:00:37,B,646,434,4866,4378
2026-07-22 16:00:37,F,1079,467,4866,4378
2026-07-22 16:00:37,E,799,546,4866,4378
2026-07-22 16:00:37,A,1096,2129,4866,4378
2026-07-22 16:00:37,C,1246,802,4866,4378
2026-07-22 16:18:22,B,623,457,4579,4665
2026-07-22 16:18:22,F,1036,510,4579,4665
2026-07-22 16:18:22,E,755,590,4579,4665
2026-07-22 16:18:22,A,1006,2219,4579,4665
2026-07-22 16:18:22,C,1159,889,4579,4665
2026-07-22 16:30:30,B,622,458,4420,4824
2026-07-22 16:30:30,F,1011,535,4420,4824
2026-07-22 16:30:30,E,743,602,4420,4824
2026-07-22 16:30:30,A,949,2276,4420,4824
2026-07-22 16:30:30,C,1095,953,4420,4824
2026-07-22 17:00:40,B,608,472,3952,5292
2026-07-22 17:00:40,F,918,628,3952,5292
2026-07-22 17:00:40,E,656,689,3952,5292
2026-07-22 17:00:40,A,815,2410,3952,5292
2026-07-22 17:00:40,C,955,1093,3952,5292
2026-07-22 17:30:31,B,542,538,3200,6044
2026-07-22 17:30:31,F,757,789,3200,6044
2026-07-22 17:30:31,E,543,802,3200,6044
2026-07-22 17:30:31,A,619,2606,3200,6044
2026-07-22 17:30:31,C,739,1309,3200,6044
2026-07-22 18:00:37,B,496,584,2283,6961
2026-07-22 18:00:37,F,486,1060,2283,6961
2026-07-22 18:00:37,E,399,946,2283,6961
2026-07-22 18:00:37,A,398,2827,2283,6961
2026-07-22 18:00:37,C,504,1544,2283,6961
2026-07-22 18:30:32,B,524,556,1835,7409
2026-07-22 18:30:32,F,378,1168,1835,7409
2026-07-22 18:30:32,E,325,1020,1835,7409
2026-07-22 18:30:32,A,247,2978,1835,7409
2026-07-22 18:30:32,C,361,1687,1835,7409
2026-07-22 19:00:39,B,552,528,1678,7566
2026-07-22 19:00:39,F,339,1207,1678,7566
2026-07-22 19:00:39,E,301,1044,1678,7566
2026-07-22 19:00:39,A,182,3043,1678,7566
2026-07-22 19:00:39,C,304,1744,1678,7566
2026-07-22 19:05:02,B,557,523,1668,7576
2026-07-22 19:05:02,F,334,1212,1668,7576
2026-07-22 19:05:02,E,299,1046,1668,7576
2026-07-22 19:05:02,A,182,3043,1668,7576
2026-07-22 19:05:02,C,296,1752,1668,7576
2026-07-22 19:30:29,B,530,550,1524,7720
2026-07-22 19:30:29,F,307,1239,1524,7720
2026-07-22 19:30:29,E,270,1075,1524,7720
2026-07-22 19:30:29,A,168,3057,1524,7720
2026-07-22 19:30:29,C,249,1799,1524,7720
2026-07-22 20:00:39,B,530,550,1405,7839
2026-07-22 20:00:39,F,279,1267,1405,7839
2026-07-22 20:00:39,E,227,1118,1405,7839
2026-07-22 20:00:39,A,141,3084,1405,7839
2026-07-22 20:00:39,C,228,1820,1405,7839
2026-07-22 20:30:33,B,502,578,1290,7954
2026-07-22 20:30:33,F,257,1289,1290,7954
2026-07-22 20:30:33,E,200,1145,1290,7954
2026-07-22 20:30:33,A,117,3108,1290,7954
2026-07-22 20:30:33,C,214,1834,1290,7954
2026-07-22 21:00:39,B,452,628,1059,8185
2026-07-22 21:00:39,F,213,1333,1059,8185
2026-07-22 21:00:39,E,137,1208,1059,8185
2026-07-22 21:00:39,A,92,3133,1059,8185
2026-07-22 21:00:39,C,165,1883,1059,8185
2026-07-22 21:22:50,B,356,724,871,8373
2026-07-22 21:22:50,F,179,1367,871,8373
2026-07-22 21:22:50,E,117,1228,871,8373
2026-07-22 21:22:50,A,76,3149,871,8373
2026-07-22 21:22:50,C,143,1905,871,8373
2026-07-22 21:30:29,B,345,735,851,8393
2026-07-22 21:30:29,F,179,1367,851,8393
2026-07-22 21:30:29,E,110,1235,851,8393
2026-07-22 21:30:29,A,75,3150,851,8393
2026-07-22 21:30:29,C,142,1906,851,8393
2026-07-22 22:30:30,B,283,797,696,8548
2026-07-22 22:30:30,F,148,1398,696,8548
2026-07-22 22:30:30,E,78,1267,696,8548
2026-07-22 22:30:30,A,64,3161,696,8548
2026-07-22 22:30:30,C,123,1925,696,8548
2026-07-22 22:52:31,B,268,812,657,8587
2026-07-22 22:52:31,F,141,1405,657,8587
2026-07-22 22:52:31,E,73,1272,657,8587
2026-07-22 22:52:31,A,58,3167,657,8587
2026-07-22 22:52:31,C,117,1931,657,8587
2026-07-22 23:00:43,B,245,835,637,8607
2026-07-22 23:00:43,F,143,1403,637,8607
2026-07-22 23:00:43,E,74,1271,637,8607
2026-07-22 23:00:43,A,57,3168,637,8607
2026-07-22 23:00:43,C,118,1930,637,8607
2026-07-22 23:30:30,B,184,896,550,8694
2026-07-22 23:30:30,F,131,1415,550,8694
2026-07-22 23:30:30,E,70,1275,550,8694
2026-07-22 23:30:30,A,53,3172,550,8694
2026-07-22 23:30:30,C,112,1936,550,8694
2026-07-23 00:00:43,B,172,908,544,8700
2026-07-23 00:00:43,F,129,1417,544,8700
2026-07-23 00:00:43,E,65,1280,544,8700
2026-07-23 00:00:43,A,52,3173,544,8700
2026-07-23 00:00:43,C,126,1922,544,8700
2026-07-23 00:30:32,B,145,935,512,8732
2026-07-23 00:30:32,F,131,1415,512,8732
2026-07-23 00:30:32,E,61,1284,512,8732
2026-07-23 00:30:32,A,52,3173,512,8732
2026-07-23 00:30:32,C,123,1925,512,8732
2026-07-23 00:50:51,B,144,936,504,8740
2026-07-23 00:50:51,F,131,1415,504,8740
2026-07-23 00:50:51,E,58,1287,504,8740
2026-07-23 00:50:51,A,52,3173,504,8740
2026-07-23 00:50:51,C,119,1929,504,8740
2026-07-23 01:00:44,B,64,1016,420,8824
2026-07-23 01:00:44,F,131,1415,420,8824
2026-07-23 01:00:44,E,57,1288,420,8824
2026-07-23 01:00:44,A,52,3173,420,8824
2026-07-23 01:00:44,C,116,1932,420,8824
2026-07-23 01:30:30,B,47,1033,384,8860
2026-07-23 01:30:30,F,126,1420,384,8860
2026-07-23 01:30:30,E,52,1293,384,8860
2026-07-23 01:30:30,A,53,3172,384,8860
2026-07-23 01:30:30,C,106,1942,384,8860
2026-07-23 02:00:45,B,45,1035,379,8865
2026-07-23 02:00:45,F,125,1421,379,8865
2026-07-23 02:00:45,E,53,1292,379,8865
2026-07-23 02:00:45,A,52,3173,379,8865
2026-07-23 02:00:45,C,104,1944,379,8865
2026-07-23 02:10:51,B,45,1035,383,8861
2026-07-23 02:10:51,F,125,1421,383,8861
2026-07-23 02:10:51,E,54,1291,383,8861
2026-07-23 02:10:51,A,51,3174,383,8861
2026-07-23 02:10:51,C,108,1940,383,8861
2026-07-23 02:30:35,B,45,1035,387,8857
2026-07-23 02:30:35,F,124,1422,387,8857
2026-07-23 02:30:35,E,54,1291,387,8857
2026-07-23 02:30:35,A,53,3172,387,8857
2026-07-23 02:30:35,C,111,1937,387,8857
2026-07-23 03:00:42,B,45,1035,380,8864
2026-07-23 03:00:42,F,125,1421,380,8864
2026-07-23 03:00:42,E,53,1292,380,8864
2026-07-23 03:00:42,A,51,3174,380,8864
2026-07-23 03:00:42,C,106,1942,380,8864
2026-07-23 03:30:34,B,45,1035,378,8866
2026-07-23 03:30:34,F,126,1420,378,8866
2026-07-23 03:30:34,E,54,1291,378,8866
2026-07-23 03:30:34,A,50,3175,378,8866
2026-07-23 03:30:34,C,103,1945,378,8866
2026-07-23 03:45:28,B,45,1035,376,8868
2026-07-23 03:45:28,F,125,1421,376,8868
2026-07-23 03:45:28,E,53,1292,376,8868
2026-07-23 03:45:28,A,49,3176,376,8868
2026-07-23 03:45:28,C,104,1944,376,8868
2026-07-23 04:00:36,B,45,1035,374,8870
2026-07-23 04:00:36,F,124,1422,374,8870
2026-07-23 04:00:36,E,53,1292,374,8870
2026-07-23 04:00:36,A,49,3176,374,8870
2026-07-23 04:00:36,C,103,1945,374,8870
2026-07-23 04:30:33,B,45,1035,371,8873
2026-07-23 04:30:33,F,125,1421,371,8873
2026-07-23 04:30:33,E,51,1294,371,8873
2026-07-23 04:30:33,A,49,3176,371,8873
2026-07-23 04:30:33,C,101,1947,371,8873
2026-07-23 04:52:10,B,45,1035,377,8867
2026-07-23 04:52:10,F,128,1418,377,8867
2026-07-23 04:52:10,E,52,1293,377,8867
2026-07-23 04:52:10,A,49,3176,377,8867
2026-07-23 04:52:10,C,103,1945,377,8867
2026-07-23 05:00:35,B,45,1035,379,8865
2026-07-23 05:00:35,F,128,1418,379,8865
2026-07-23 05:00:35,E,52,1293,379,8865
2026-07-23 05:00:35,A,50,3175,379,8865
2026-07-23 05:00:35,C,104,1944,379,8865
2026-07-23 05:30:32,B,45,1035,393,8851
2026-07-23 05:30:32,F,130,1416,393,8851
2026-07-23 05:30:32,E,58,1287,393,8851
2026-07-23 05:30:32,A,50,3175,393,8851
2026-07-23 05:30:32,C,110,1938,393,8851
2026-07-23 06:00:37,B,46,1034,467,8777
2026-07-23 06:00:37,F,159,1387,467,8777
2026-07-23 06:00:37,E,74,1271,467,8777
2026-07-23 06:00:37,A,53,3172,467,8777
2026-07-23 06:00:37,C,135,1913,467,8777
2026-07-23 06:03:48,B,46,1034,475,8769
2026-07-23 06:03:48,F,162,1384,475,8769
2026-07-23 06:03:48,E,76,1269,475,8769
2026-07-23 06:03:48,A,55,3170,475,8769
2026-07-23 06:03:48,C,136,1912,475,8769
2026-07-23 06:30:29,B,45,1035,530,8714
2026-07-23 06:30:29,F,180,1366,530,8714
2026-07-23 06:30:29,E,87,1258,530,8714
2026-07-23 06:30:29,A,67,3158,530,8714
2026-07-23 06:30:29,C,151,1897,530,8714
2026-07-23 07:00:39,B,45,1035,683,8561
2026-07-23 07:00:39,F,222,1324,683,8561
2026-07-23 07:00:39,E,116,1229,683,8561
2026-07-23 07:00:39,A,93,3132,683,8561
2026-07-23 07:00:39,C,207,1841,683,8561
2026-07-23 07:30:31,B,45,1035,822,8422
2026-07-23 07:30:31,F,250,1296,822,8422
2026-07-23 07:30:31,E,146,1199,822,8422
2026-07-23 07:30:31,A,126,3099,822,8422
2026-07-23 07:30:31,C,255,1793,822,8422
2026-07-23 07:43:09,B,45,1035,889,8355
2026-07-23 07:43:09,F,253,1293,889,8355
2026-07-23 07:43:09,E,154,1191,889,8355
2026-07-23 07:43:09,A,135,3090,889,8355
2026-07-23 07:43:09,C,302,1746,889,8355
2026-07-23 08:00:39,B,45,1035,1061,8183
2026-07-23 08:00:39,F,287,1259,1061,8183
2026-07-23 08:00:39,E,191,1154,1061,8183
2026-07-23 08:00:39,A,158,3067,1061,8183
2026-07-23 08:00:39,C,380,1668,1061,8183
2026-07-23 08:47:24,B,45,1035,1830,7414
2026-07-23 08:47:24,F,467,1079,1830,7414
2026-07-23 08:47:24,E,349,996,1830,7414
2026-07-23 08:47:24,A,295,2930,1830,7414
2026-07-23 08:47:24,C,674,1374,1830,7414
2026-07-23 09:00:35,B,102,978,2222,7022
2026-07-23 09:00:35,F,570,976,2222,7022
2026-07-23 09:00:35,E,415,930,2222,7022
2026-07-23 09:00:35,A,369,2856,2222,7022
2026-07-23 09:00:35,C,766,1282,2222,7022
2026-07-23 09:30:32,B,250,830,3180,6064
2026-07-23 09:30:32,F,806,740,3180,6064
2026-07-23 09:30:32,E,602,743,3180,6064
2026-07-23 09:30:32,A,562,2663,3180,6064
2026-07-23 09:30:32,C,960,1088,3180,6064
2026-07-23 09:49:48,B,324,756,3619,5625
2026-07-23 09:49:48,F,930,616,3619,5625
2026-07-23 09:49:48,E,645,700,3619,5625
2026-07-23 09:49:48,A,676,2549,3619,5625
2026-07-23 09:49:48,C,1044,1004,3619,5625
2026-07-23 10:00:39,B,396,684,3915,5329
2026-07-23 10:00:39,F,992,554,3915,5329
2026-07-23 10:00:39,E,683,662,3915,5329
2026-07-23 10:00:39,A,759,2466,3915,5329
2026-07-23 10:00:39,C,1085,963,3915,5329
2026-07-23 10:30:30,B,557,523,4648,4596
2026-07-23 10:30:30,F,1151,395,4648,4596
2026-07-23 10:30:30,E,788,557,4648,4596
2026-07-23 10:30:30,A,958,2267,4648,4596
2026-07-23 10:30:30,C,1194,854,4648,4596
2026-07-23 11:00:36,B,701,379,5299,3945
2026-07-23 11:00:36,F,1253,293,5299,3945
2026-07-23 11:00:36,E,896,449,5299,3945
2026-07-23 11:00:36,A,1146,2079,5299,3945
2026-07-23 11:00:36,C,1303,745,5299,3945
2026-07-23 11:20:45,B,776,304,5652,3592
2026-07-23 11:20:45,F,1295,251,5652,3592
2026-07-23 11:20:45,E,959,386,5652,3592
2026-07-23 11:20:45,A,1250,1975,5652,3592
2026-07-23 11:20:45,C,1372,676,5652,3592
2026-07-23 11:30:32,B,804,276,5778,3466
2026-07-23 11:30:32,F,1297,249,5778,3466
2026-07-23 11:30:32,E,983,362,5778,3466
2026-07-23 11:30:32,A,1306,1919,5778,3466
2026-07-23 11:30:32,C,1388,660,5778,3466
2026-07-23 12:00:36,B,886,194,6170,3074
2026-07-23 12:00:36,F,1297,249,6170,3074
2026-07-23 12:00:36,E,1041,304,6170,3074
2026-07-23 12:00:36,A,1462,1763,6170,3074
2026-07-23 12:00:36,C,1484,564,6170,3074
2026-07-23 12:30:30,B,942,138,6491,2753
2026-07-23 12:30:30,F,1298,248,6491,2753
2026-07-23 12:30:30,E,1087,258,6491,2753
2026-07-23 12:30:30,A,1613,1612,6491,2753
2026-07-23 12:30:30,C,1551,497,6491,2753
2026-07-23 13:00:40,B,973,107,6713,2531
2026-07-23 13:00:40,F,1301,245,6713,2531
2026-07-23 13:00:40,E,1119,226,6713,2531
2026-07-23 13:00:40,A,1742,1483,6713,2531
2026-07-23 13:00:40,C,1578,470,6713,2531
2026-07-23 13:30:33,B,997,83,6816,2428
2026-07-23 13:30:33,F,1294,252,6816,2428
2026-07-23 13:30:33,E,1126,219,6816,2428
2026-07-23 13:30:33,A,1810,1415,6816,2428
2026-07-23 13:30:33,C,1589,459,6816,2428
2026-07-23 14:00:34,B,986,94,6787,2457
2026-07-23 14:00:34,F,1300,246,6787,2457
2026-07-23 14:00:34,E,1102,243,6787,2457
2026-07-23 14:00:34,A,1823,1402,6787,2457
2026-07-23 14:00:34,C,1576,472,6787,2457
2026-07-23 14:30:30,B,936,144,6497,2747
2026-07-23 14:30:30,F,1290,256,6497,2747
2026-07-23 14:30:30,E,1063,282,6497,2747
2026-07-23 14:30:30,A,1703,1522,6497,2747
2026-07-23 14:30:30,C,1505,543,6497,2747
2026-07-23 14:42:52,B,929,151,6373,2871
2026-07-23 14:42:52,F,1282,264,6373,2871
2026-07-23 14:42:52,E,1031,314,6373,2871
2026-07-23 14:42:52,A,1672,1553,6373,2871
2026-07-23 14:42:52,C,1459,589,6373,2871
2026-07-23 15:00:36,B,921,159,6204,3040
2026-07-23 15:00:36,F,1251,295,6204,3040
2026-07-23 15:00:36,E,1006,339,6204,3040
2026-07-23 15:00:36,A,1597,1628,6204,3040
2026-07-23 15:00:36,C,1429,619,6204,3040
2026-07-23 15:30:30,B,857,223,5829,3415
2026-07-23 15:30:30,F,1211,335,5829,3415
2026-07-23 15:30:30,E,936,409,5829,3415
2026-07-23 15:30:30,A,1463,1762,5829,3415
2026-07-23 15:30:30,C,1362,686,5829,3415
2026-07-23 16:00:39,B,819,261,5525,3719
2026-07-23 16:00:39,F,1180,366,5525,3719
2026-07-23 16:00:39,E,887,458,5525,3719
2026-07-23 16:00:39,A,1338,1887,5525,3719
2026-07-23 16:00:39,C,1301,747,5525,3719
2026-07-23 16:30:30,B,809,271,5280,3964
2026-07-23 16:30:30,F,1129,417,5280,3964
2026-07-23 16:30:30,E,844,501,5280,3964
2026-07-23 16:30:30,A,1252,1973,5280,3964
2026-07-23 16:30:30,C,1246,802,5280,3964
2026-07-23 17:00:40,B,813,267,5058,4186
2026-07-23 17:00:40,F,1083,463,5058,4186
2026-07-23 17:00:40,E,796,549,5058,4186
2026-07-23 17:00:40,A,1220,2005,5058,4186
2026-07-23 17:00:40,C,1146,902,5058,4186
2026-07-23 17:30:28,B,853,227,4800,4444
2026-07-23 17:30:28,F,1047,499,4800,4444
2026-07-23 17:30:28,E,740,605,4800,4444
2026-07-23 17:30:28,A,1186,2039,4800,4444
2026-07-23 17:30:28,C,974,1074,4800,4444
2026-07-23 18:00:41,B,927,153,4728,4516
2026-07-23 18:00:41,F,994,552,4728,4516
2026-07-23 18:00:41,E,707,638,4728,4516
2026-07-23 18:00:41,A,1180,2045,4728,4516
2026-07-23 18:00:41,C,920,1128,4728,4516
2026-07-23 18:30:29,B,987,93,4868,4376
2026-07-23 18:30:29,F,1011,535,4868,4376
2026-07-23 18:30:29,E,744,601,4868,4376
2026-07-23 18:30:29,A,1199,2026,4868,4376
2026-07-23 18:30:29,C,927,1121,4868,4376
2026-07-23 19:00:40,B,991,89,5036,4208
2026-07-23 19:00:40,F,1037,509,5036,4208
2026-07-23 19:00:40,E,776,569,5036,4208
2026-07-23 19:00:40,A,1262,1963,5036,4208
2026-07-23 19:00:40,C,970,1078,5036,4208
2026-07-23 19:43:31,B,988,92,4865,4379
2026-07-23 19:43:31,F,1011,535,4865,4379
2026-07-23 19:43:31,E,752,593,4865,4379
2026-07-23 19:43:31,A,1182,2043,4865,4379
2026-07-23 19:43:31,C,932,1116,4865,4379
2026-07-23 20:00:40,B,985,95,4683,4561
2026-07-23 20:00:40,F,966,580,4683,4561
2026-07-23 20:00:40,E,716,629,4683,4561
2026-07-23 20:00:40,A,1124,2101,4683,4561
2026-07-23 20:00:40,C,892,1156,4683,4561
2026-07-23 20:30:36,B,943,137,4071,5173
2026-07-23 20:30:36,F,838,708,4071,5173
2026-07-23 20:30:36,E,612,733,4071,5173
2026-07-23 20:30:36,A,934,2291,4071,5173
2026-07-23 20:30:36,C,744,1304,4071,5173
2026-07-23 21:00:41,B,804,276,3170,6074
2026-07-23 21:00:41,F,681,865,3170,6074
2026-07-23 21:00:41,E,430,915,3170,6074
2026-07-23 21:00:41,A,694,2531,3170,6074
2026-07-23 21:00:41,C,561,1487,3170,6074
2026-07-23 21:30:30,B,532,548,1709,7535
2026-07-23 21:30:30,F,352,1194,1709,7535
2026-07-23 21:30:30,E,208,1137,1709,7535
2026-07-23 21:30:30,A,303,2922,1709,7535
2026-07-23 21:30:30,C,314,1734,1709,7535
2026-07-23 21:43:24,B,506,574,1417,7827
2026-07-23 21:43:24,F,266,1280,1417,7827
2026-07-23 21:43:24,E,180,1165,1417,7827
2026-07-23 21:43:24,A,204,3021,1417,7827
2026-07-23 21:43:24,C,261,1787,1417,7827
2026-07-23 22:00:47,B,472,608,1204,8040
2026-07-23 22:00:47,F,220,1326,1204,8040
2026-07-23 22:00:47,E,142,1203,1204,8040
2026-07-23 22:00:47,A,150,3075,1204,8040
2026-07-23 22:00:47,C,220,1828,1204,8040
2026-07-23 22:30:33,B,383,697,922,8322
2026-07-23 22:30:33,F,175,1371,922,8322
2026-07-23 22:30:33,E,93,1252,922,8322
2026-07-23 22:30:33,A,104,3121,922,8322
2026-07-23 22:30:33,C,167,1881,922,8322
2026-07-23 23:00:50,B,340,740,834,8410
2026-07-23 23:00:50,F,163,1383,834,8410
2026-07-23 23:00:50,E,85,1260,834,8410
2026-07-23 23:00:50,A,91,3134,834,8410
2026-07-23 23:00:50,C,155,1893,834,8410
2026-07-23 23:16:08,B,326,754,788,8456
2026-07-23 23:16:08,F,154,1392,788,8456
2026-07-23 23:16:08,E,77,1268,788,8456
2026-07-23 23:16:08,A,87,3138,788,8456
2026-07-23 23:16:08,C,144,1904,788,8456
2026-07-24 00:00:46,B,268,812,691,8553
2026-07-24 00:00:46,F,143,1403,691,8553
2026-07-24 00:00:46,E,67,1278,691,8553
2026-07-24 00:00:46,A,76,3149,691,8553
2026-07-24 00:00:46,C,137,1911,691,8553
2026-07-24 00:30:31,B,232,848,636,8608
2026-07-24 00:30:31,F,141,1405,636,8608
2026-07-24 00:30:31,E,64,1281,636,8608
2026-07-24 00:30:31,A,73,3152,636,8608
2026-07-24 00:30:31,C,126,1922,636,8608
2026-07-24 01:00:48,B,130,950,512,8732
2026-07-24 01:00:48,F,136,1410,512,8732
2026-07-24 01:00:48,E,61,1284,512,8732
2026-07-24 01:00:48,A,69,3156,512,8732
2026-07-24 01:00:48,C,116,1932,512,8732
2026-07-24 01:29:15,B,53,1027,405,8839
2026-07-24 01:29:15,F,128,1418,405,8839
2026-07-24 01:29:15,E,55,1290,405,8839
2026-07-24 01:29:15,A,64,3161,405,8839
2026-07-24 01:29:15,C,105,1943,405,8839
2026-07-24 01:30:34,B,52,1028,404,8840
2026-07-24 01:30:34,F,128,1418,404,8840
2026-07-24 01:30:34,E,55,1290,404,8840
2026-07-24 01:30:34,A,64,3161,404,8840
2026-07-24 01:30:34,C,105,1943,404,8840
2026-07-24 02:00:39,B,44,1036,386,8858
2026-07-24 02:00:39,F,124,1422,386,8858
2026-07-24 02:00:39,E,55,1290,386,8858
2026-07-24 02:00:39,A,63,3162,386,8858
2026-07-24 02:00:39,C,100,1948,386,8858
2026-07-24 02:30:34,B,45,1035,388,8856
2026-07-24 02:30:34,F,123,1423,388,8856
2026-07-24 02:30:34,E,55,1290,388,8856
2026-07-24 02:30:34,A,63,3162,388,8856
2026-07-24 02:30:34,C,102,1946,388,8856
2026-07-24 02:56:41,B,44,1036,384,8860
2026-07-24 02:56:41,F,124,1422,384,8860
2026-07-24 02:56:41,E,55,1290,384,8860
2026-07-24 02:56:41,A,61,3164,384,8860
2026-07-24 02:56:41,C,100,1948,384,8860
2026-07-24 03:00:41,B,44,1036,384,8860
2026-07-24 03:00:41,F,123,1423,384,8860
2026-07-24 03:00:41,E,55,1290,384,8860
2026-07-24 03:00:41,A,60,3165,384,8860
2026-07-24 03:00:41,C,102,1946,384,8860
2026-07-24 03:30:34,B,44,1036,385,8859
2026-07-24 03:30:34,F,125,1421,385,8859
2026-07-24 03:30:34,E,54,1291,385,8859
2026-07-24 03:30:34,A,60,3165,385,8859
2026-07-24 03:30:34,C,102,1946,385,8859
2026-07-24 04:00:40,B,44,1036,383,8861
2026-07-24 04:00:40,F,125,1421,383,8861
2026-07-24 04:00:40,E,54,1291,383,8861
2026-07-24 04:00:40,A,61,3164,383,8861
2026-07-24 04:00:40,C,99,1949,383,8861
2026-07-24 04:07:28,B,44,1036,382,8862
2026-07-24 04:07:28,F,125,1421,382,8862
2026-07-24 04:07:28,E,53,1292,382,8862
2026-07-24 04:07:28,A,61,3164,382,8862
2026-07-24 04:07:28,C,99,1949,382,8862
2026-07-24 04:30:34,B,44,1036,380,8864
2026-07-24 04:30:34,F,124,1422,380,8864
2026-07-24 04:30:34,E,53,1292,380,8864
2026-07-24 04:30:34,A,61,3164,380,8864
2026-07-24 04:30:34,C,98,1950,380,8864
2026-07-24 05:00:39,B,44,1036,389,8855
2026-07-24 05:00:39,F,129,1417,389,8855
2026-07-24 05:00:39,E,55,1290,389,8855
2026-07-24 05:00:39,A,61,3164,389,8855
2026-07-24 05:00:39,C,100,1948,389,8855
2026-07-24 05:30:30,B,44,1036,393,8851
2026-07-24 05:30:30,F,132,1414,393,8851
2026-07-24 05:30:30,E,57,1288,393,8851
2026-07-24 05:30:30,A,61,3164,393,8851
2026-07-24 05:30:30,C,99,1949,393,8851
2026-07-24 05:51:59,B,45,1035,423,8821
2026-07-24 05:51:59,F,148,1398,423,8821
2026-07-24 05:51:59,E,65,1280,423,8821
2026-07-24 05:51:59,A,65,3160,423,8821
2026-07-24 05:51:59,C,100,1948,423,8821
2026-07-24 06:00:37,B,45,1035,452,8792
2026-07-24 06:00:37,F,158,1388,452,8792
2026-07-24 06:00:37,E,70,1275,452,8792
2026-07-24 06:00:37,A,70,3155,452,8792
2026-07-24 06:00:37,C,109,1939,452,8792
2026-07-24 06:47:26,B,45,1035,558,8686
2026-07-24 06:47:26,F,188,1358,558,8686
2026-07-24 06:47:26,E,101,1244,558,8686
2026-07-24 06:47:26,A,83,3142,558,8686
2026-07-24 06:47:26,C,141,1907,558,8686
2026-07-24 07:00:39,B,46,1034,665,8579
2026-07-24 07:00:39,F,211,1335,665,8579
2026-07-24 07:00:39,E,118,1227,665,8579
2026-07-24 07:00:39,A,108,3117,665,8579
2026-07-24 07:00:39,C,182,1866,665,8579
2026-07-24 07:30:32,B,46,1034,758,8486
2026-07-24 07:30:32,F,233,1313,758,8486
2026-07-24 07:30:32,E,135,1210,758,8486
2026-07-24 07:30:32,A,129,3096,758,8486
2026-07-24 07:30:32,C,215,1833,758,8486
2026-07-24 07:51:55,B,47,1033,897,8347
2026-07-24 07:51:55,F,262,1284,897,8347
2026-07-24 07:51:55,E,168,1177,897,8347
2026-07-24 07:51:55,A,150,3075,897,8347
2026-07-24 07:51:55,C,270,1778,897,8347
2026-07-24 08:00:39,B,46,1034,967,8277
2026-07-24 08:00:39,F,276,1270,967,8277
2026-07-24 08:00:39,E,182,1163,967,8277
2026-07-24 08:00:39,A,162,3063,967,8277
2026-07-24 08:00:39,C,301,1747,967,8277
2026-07-24 08:30:30,B,53,1027,1259,7985
2026-07-24 08:30:30,F,331,1215,1259,7985
2026-07-24 08:30:30,E,258,1087,1259,7985
2026-07-24 08:30:30,A,228,2997,1259,7985
2026-07-24 08:30:30,C,389,1659,1259,7985
2026-07-24 08:43:08,B,65,1015,1434,7810
2026-07-24 08:43:08,F,377,1169,1434,7810
2026-07-24 08:43:08,E,288,1057,1434,7810
2026-07-24 08:43:08,A,260,2965,1434,7810
2026-07-24 08:43:08,C,444,1604,1434,7810
2026-07-24 09:00:36,B,130,950,1795,7449
2026-07-24 09:00:36,F,474,1072,1795,7449
2026-07-24 09:00:36,E,346,999,1795,7449
2026-07-24 09:00:36,A,326,2899,1795,7449
2026-07-24 09:00:36,C,519,1529,1795,7449
2026-07-24 09:30:34,B,274,806,2556,6688
2026-07-24 09:30:34,F,647,899,2556,6688
2026-07-24 09:30:34,E,474,871,2556,6688
2026-07-24 09:30:34,A,526,2699,2556,6688
2026-07-24 09:30:34,C,635,1413,2556,6688
2026-07-24 09:45:02,B,354,726,2927,6317
2026-07-24 09:45:02,F,724,822,2927,6317
2026-07-24 09:45:02,E,546,799,2927,6317
2026-07-24 09:45:02,A,597,2628,2927,6317
2026-07-24 09:45:02,C,706,1342,2927,6317
2026-07-24 10:00:42,B,424,656,3359,5885
2026-07-24 10:00:42,F,825,721,3359,5885
2026-07-24 10:00:42,E,602,743,3359,5885
2026-07-24 10:00:42,A,730,2495,3359,5885
2026-07-24 10:00:42,C,778,1270,3359,5885
2026-07-24 11:00:40,B,668,412,4464,4780
2026-07-24 11:00:40,F,1020,526,4464,4780
2026-07-24 11:00:40,E,765,580,4464,4780
2026-07-24 11:00:40,A,1049,2176,4464,4780
2026-07-24 11:00:40,C,962,1086,4464,4780
2026-07-24 11:16:48,B,740,340,4958,4286
2026-07-24 11:16:48,F,1127,419,4958,4286
2026-07-24 11:16:48,E,848,497,4958,4286
2026-07-24 11:16:48,A,1193,2032,4958,4286
2026-07-24 11:16:48,C,1050,998,4958,4286
2026-07-24 11:30:31,B,799,281,5196,4048
2026-07-24 11:30:31,F,1178,368,5196,4048
2026-07-24 11:30:31,E,867,478,5196,4048
2026-07-24 11:30:31,A,1261,1964,5196,4048
2026-07-24 11:30:31,C,1091,957,5196,4048
2026-07-24 12:00:36,B,867,213,5628,3616
2026-07-24 12:00:36,F,1279,267,5628,3616
2026-07-24 12:00:36,E,922,423,5628,3616
2026-07-24 12:00:36,A,1400,1825,5628,3616
2026-07-24 12:00:36,C,1160,888,5628,3616
2026-07-24 12:30:30,B,934,146,5962,3282
2026-07-24 12:30:30,F,1297,249,5962,3282
2026-07-24 12:30:30,E,981,364,5962,3282
2026-07-24 12:30:30,A,1551,1674,5962,3282
2026-07-24 12:30:30,C,1199,849,5962,3282
2026-07-24 13:00:39,B,962,118,6246,2998
2026-07-24 13:00:39,F,1303,243,6246,2998
2026-07-24 13:00:39,E,1032,313,6246,2998
2026-07-24 13:00:39,A,1676,1549,6246,2998
2026-07-24 13:00:39,C,1273,775,6246,2998
2026-07-24 13:30:31,B,963,117,6342,2902
2026-07-24 13:30:31,F,1302,244,6342,2902
2026-07-24 13:30:31,E,1038,307,6342,2902
2026-07-24 13:30:31,A,1723,1502,6342,2902
2026-07-24 13:30:31,C,1316,732,6342,2902
2026-07-24 14:00:37,B,949,131,6214,3030
2026-07-24 14:00:37,F,1289,257,6214,3030
2026-07-24 14:00:37,E,988,357,6214,3030
2026-07-24 14:00:37,A,1694,1531,6214,3030
2026-07-24 14:00:37,C,1294,754,6214,3030
2026-07-24 14:30:28,B,897,183,5967,3277
2026-07-24 14:30:28,F,1284,262,5967,3277
2026-07-24 14:30:28,E,919,426,5967,3277
2026-07-24 14:30:28,A,1612,1613,5967,3277
2026-07-24 14:30:28,C,1255,793,5967,3277
2026-07-24 14:40:08,B,867,213,5844,3400
2026-07-24 14:40:08,F,1263,283,5844,3400
2026-07-24 14:40:08,E,892,453,5844,3400
2026-07-24 14:40:08,A,1599,1626,5844,3400
2026-07-24 14:40:08,C,1223,825,5844,3400
2026-07-24 15:00:37,B,832,248,5644,3600
2026-07-24 15:00:37,F,1228,318,5644,3600
2026-07-24 15:00:37,E,849,496,5644,3600
2026-07-24 15:00:37,A,1555,1670,5644,3600
2026-07-24 15:00:37,C,1180,868,5644,3600
2026-07-24 15:30:29,B,787,293,5256,3988
2026-07-24 15:30:29,F,1175,371,5256,3988
2026-07-24 15:30:29,E,789,556,5256,3988
2026-07-24 15:30:29,A,1426,1799,5256,3988
2026-07-24 15:30:29,C,1079,969,5256,3988
2026-07-24 16:00:39,B,783,297,5108,4136
2026-07-24 16:00:39,F,1147,399,5108,4136
2026-07-24 16:00:39,E,789,556,5108,4136
2026-07-24 16:00:39,A,1352,1873,5108,4136
2026-07-24 16:00:39,C,1037,1011,5108,4136
2026-07-24 16:30:33,B,797,283,5019,4225
2026-07-24 16:30:33,F,1139,407,5019,4225
2026-07-24 16:30:33,E,759,586,5019,4225
2026-07-24 16:30:33,A,1303,1922,5019,4225
2026-07-24 16:30:33,C,1021,1027,5019,4225
2026-07-24 17:00:38,B,857,223,5028,4216
2026-07-24 17:00:38,F,1114,432,5028,4216
2026-07-24 17:00:38,E,778,567,5028,4216
2026-07-24 17:00:38,A,1262,1963,5028,4216
2026-07-24 17:00:38,C,1017,1031,5028,4216
2026-07-24 17:23:25,B,908,172,4966,4278
2026-07-24 17:23:25,F,1098,448,4966,4278
2026-07-24 17:23:25,E,751,594,4966,4278
2026-07-24 17:23:25,A,1222,2003,4966,4278
2026-07-24 17:23:25,C,987,1061,4966,4278
2026-07-24 17:30:29,B,916,164,5003,4241
2026-07-24 17:30:29,F,1098,448,5003,4241
2026-07-24 17:30:29,E,758,587,5003,4241
2026-07-24 17:30:29,A,1225,2000,5003,4241
2026-07-24 17:30:29,C,1006,1042,5003,4241
2026-07-24 18:00:42,B,982,98,5185,4059
2026-07-24 18:00:42,F,1128,418,5185,4059
2026-07-24 18:00:42,E,776,569,5185,4059
2026-07-24 18:00:42,A,1272,1953,5185,4059
2026-07-24 18:00:42,C,1027,1021,5185,4059
2026-07-24 18:30:30,B,984,96,5195,4049
2026-07-24 18:30:30,F,1128,418,5195,4049
2026-07-24 18:30:30,E,779,566,5195,4049
2026-07-24 18:30:30,A,1277,1948,5195,4049
2026-07-24 18:30:30,C,1027,1021,5195,4049
2026-07-24 19:00:45,B,974,106,5234,4010
2026-07-24 19:00:45,F,1128,418,5234,4010
2026-07-24 19:00:45,E,791,554,5234,4010
2026-07-24 19:00:45,A,1291,1934,5234,4010
2026-07-24 19:00:45,C,1050,998,5234,4010
2026-07-24 19:30:31,B,982,98,5388,3856
2026-07-24 19:30:31,F,1163,383,5388,3856
2026-07-24 19:30:31,E,810,535,5388,3856
2026-07-24 19:30:31,A,1381,1844,5388,3856
2026-07-24 19:30:31,C,1052,996,5388,3856
2026-07-24 19:40:37,B,988,92,5451,3793
2026-07-24 19:40:37,F,1186,360,5451,3793
2026-07-24 19:40:37,E,807,538,5451,3793
2026-07-24 19:40:37,A,1405,1820,5451,3793
2026-07-24 19:40:37,C,1065,983,5451,3793
2026-07-24 20:00:41,B,991,89,5541,3703
2026-07-24 20:00:41,F,1180,366,5541,3703
2026-07-24 20:00:41,E,797,548,5541,3703
2026-07-24 20:00:41,A,1475,1750,5541,3703
2026-07-24 20:00:41,C,1098,950,5541,3703
2026-07-24 20:30:32,B,985,95,5157,4087
2026-07-24 20:30:32,F,1094,452,5157,4087
2026-07-24 20:30:32,E,718,627,5157,4087
2026-07-24 20:30:32,A,1341,1884,5157,4087
2026-07-24 20:30:32,C,1019,1029,5157,4087
2026-07-24 21:27:46,B,670,410,2504,6740
2026-07-24 21:27:46,F,555,991,2504,6740
2026-07-24 21:27:46,E,324,1021,2504,6740
2026-07-24 21:27:46,A,485,2740,2504,6740
2026-07-24 21:27:46,C,470,1578,2504,6740
2026-07-24 21:30:31,B,665,415,2437,6807
2026-07-24 21:30:31,F,530,1016,2437,6807
2026-07-24 21:30:31,E,322,1023,2437,6807
2026-07-24 21:30:31,A,471,2754,2437,6807
2026-07-24 21:30:31,C,449,1599,2437,6807
2026-07-24 22:00:46,B,611,469,1732,7512
2026-07-24 22:00:46,F,371,1175,1732,7512
2026-07-24 22:00:46,E,182,1163,1732,7512
2026-07-24 22:00:46,A,284,2941,1732,7512
2026-07-24 22:00:46,C,284,1764,1732,7512
2026-07-24 22:30:33,B,516,564,1292,7952
2026-07-24 22:30:33,F,277,1269,1292,7952
2026-07-24 22:30:33,E,117,1228,1292,7952
2026-07-24 22:30:33,A,192,3033,1292,7952
2026-07-24 22:30:33,C,190,1858,1292,7952
2026-07-24 22:54:06,B,480,600,1166,8078
2026-07-24 22:54:06,F,246,1300,1166,8078
2026-07-24 22:54:06,E,105,1240,1166,8078
2026-07-24 22:54:06,A,164,3061,1166,8078
2026-07-24 22:54:06,C,171,1877,1166,8078
2026-07-24 23:00:45,B,457,623,1110,8134
2026-07-24 23:00:45,F,231,1315,1110,8134
2026-07-24 23:00:45,E,102,1243,1110,8134
2026-07-24 23:00:45,A,155,3070,1110,8134
2026-07-24 23:00:45,C,165,1883,1110,8134
2026-07-24 23:30:29,B,413,667,980,8264
2026-07-24 23:30:29,F,201,1345,980,8264
2026-07-24 23:30:29,E,97,1248,980,8264
2026-07-24 23:30:29,A,128,3097,980,8264
2026-07-24 23:30:29,C,141,1907,980,8264
2026-07-25 00:00:42,B,340,740,844,8400
2026-07-25 00:00:42,F,184,1362,844,8400
2026-07-25 00:00:42,E,88,1257,844,8400
2026-07-25 00:00:42,A,116,3109,844,8400
2026-07-25 00:00:42,C,116,1932,844,8400
2026-07-25 00:30:24,B,315,765,763,8481
2026-07-25 00:30:24,F,172,1374,763,8481
2026-07-25 00:30:24,E,77,1268,763,8481
2026-07-25 00:30:24,A,100,3125,763,8481
2026-07-25 00:30:24,C,99,1949,763,8481
2026-07-25 01:00:38,B,175,905,579,8665
2026-07-25 01:00:38,F,161,1385,579,8665
2026-07-25 01:00:38,E,67,1278,579,8665
2026-07-25 01:00:38,A,86,3139,579,8665
2026-07-25 01:00:38,C,90,1958,579,8665
2026-07-25 01:30:31,B,55,1025,376,8868
2026-07-25 01:30:31,F,147,1399,376,8868
2026-07-25 01:30:31,E,56,1289,376,8868
2026-07-25 01:30:31,A,58,3167,376,8868
2026-07-25 01:30:31,C,60,1988,376,8868
2026-07-25 02:00:39,B,45,1035,359,8885
2026-07-25 02:00:39,F,144,1402,359,8885
2026-07-25 02:00:39,E,54,1291,359,8885
2026-07-25 02:00:39,A,56,3169,359,8885
2026-07-25 02:00:39,C,60,1988,359,8885
2026-07-25 02:30:32,B,45,1035,352,8892
2026-07-25 02:30:32,F,143,1403,352,8892
2026-07-25 02:30:32,E,54,1291,352,8892
2026-07-25 02:30:32,A,53,3172,352,8892
2026-07-25 02:30:32,C,57,1991,352,8892
2026-07-25 03:00:38,B,43,1037,354,8890
2026-07-25 03:00:38,F,141,1405,354,8890
2026-07-25 03:00:38,E,54,1291,354,8890
2026-07-25 03:00:38,A,53,3172,354,8890
2026-07-25 03:00:38,C,63,1985,354,8890
2026-07-25 03:30:28,B,44,1036,346,8898
2026-07-25 03:30:28,F,138,1408,346,8898
2026-07-25 03:30:28,E,55,1290,346,8898
2026-07-25 03:30:28,A,51,3174,346,8898
2026-07-25 03:30:28,C,58,1990,346,8898
2026-07-25 03:56:07,B,44,1036,347,8897
2026-07-25 03:56:07,F,140,1406,347,8897
2026-07-25 03:56:07,E,54,1291,347,8897
2026-07-25 03:56:07,A,51,3174,347,8897
2026-07-25 03:56:07,C,58,1990,347,8897
2026-07-25 04:00:41,B,44,1036,348,8896
2026-07-25 04:00:41,F,140,1406,348,8896
2026-07-25 04:00:41,E,54,1291,348,8896
2026-07-25 04:00:41,A,51,3174,348,8896
2026-07-25 04:00:41,C,59,1989,348,8896
2026-07-25 04:30:31,B,44,1036,347,8897
2026-07-25 04:30:31,F,139,1407,347,8897
2026-07-25 04:30:31,E,55,1290,347,8897
2026-07-25 04:30:31,A,51,3174,347,8897
2026-07-25 04:30:31,C,58,1990,347,8897
2026-07-25 05:00:36,B,44,1036,346,8898
2026-07-25 05:00:36,F,138,1408,346,8898
2026-07-25 05:00:36,E,55,1290,346,8898
2026-07-25 05:00:36,A,50,3175,346,8898
2026-07-25 05:00:36,C,59,1989,346,8898
2026-07-25 05:10:28,B,44,1036,346,8898
2026-07-25 05:10:28,F,137,1409,346,8898
2026-07-25 05:10:28,E,56,1289,346,8898
2026-07-25 05:10:28,A,50,3175,346,8898
2026-07-25 05:10:28,C,59,1989,346,8898
2026-07-25 05:30:27,B,44,1036,352,8892
2026-07-25 05:30:27,F,141,1405,352,8892
2026-07-25 05:30:27,E,56,1289,352,8892
2026-07-25 05:30:27,A,50,3175,352,8892
2026-07-25 05:30:27,C,61,1987,352,8892
2026-07-25 06:00:41,B,44,1036,374,8870
2026-07-25 06:00:41,F,148,1398,374,8870
2026-07-25 06:00:41,E,62,1283,374,8870
2026-07-25 06:00:41,A,52,3173,374,8870
2026-07-25 06:00:41,C,68,1980,374,8870
2026-07-25 06:30:30,B,43,1037,400,8844
2026-07-25 06:30:30,F,160,1386,400,8844
2026-07-25 06:30:30,E,69,1276,400,8844
2026-07-25 06:30:30,A,53,3172,400,8844
2026-07-25 06:30:30,C,75,1973,400,8844
2026-07-25 06:42:54,B,42,1038,426,8818
2026-07-25 06:42:54,F,164,1382,426,8818
2026-07-25 06:42:54,E,75,1270,426,8818
2026-07-25 06:42:54,A,56,3169,426,8818
2026-07-25 06:42:54,C,89,1959,426,8818
2026-07-25 07:00:36,B,41,1039,507,8737
2026-07-25 07:00:36,F,188,1358,507,8737
2026-07-25 07:00:36,E,83,1262,507,8737
2026-07-25 07:00:36,A,78,3147,507,8737
2026-07-25 07:00:36,C,117,1931,507,8737
2026-07-25 07:30:30,B,41,1039,593,8651
2026-07-25 07:30:30,F,197,1349,593,8651
2026-07-25 07:30:30,E,113,1232,593,8651
2026-07-25 07:30:30,A,88,3137,593,8651
2026-07-25 07:30:30,C,154,1894,593,8651
2026-07-25 07:51:08,B,41,1039,665,8579
2026-07-25 07:51:08,F,215,1331,665,8579
2026-07-25 07:51:08,E,131,1214,665,8579
2026-07-25 07:51:08,A,99,3126,665,8579
2026-07-25 07:51:08,C,179,1869,665,8579
2026-07-25 08:00:37,B,41,1039,735,8509
2026-07-25 08:00:37,F,237,1309,735,8509
2026-07-25 08:00:37,E,143,1202,735,8509
2026-07-25 08:00:37,A,111,3114,735,8509
2026-07-25 08:00:37,C,203,1845,735,8509
2026-07-25 08:30:30,B,43,1037,991,8253
2026-07-25 08:30:30,F,313,1233,991,8253
2026-07-25 08:30:30,E,185,1160,991,8253
2026-07-25 08:30:30,A,161,3064,991,8253
2026-07-25 08:30:30,C,289,1759,991,8253
2026-07-25 08:47:40,B,43,1037,1220,8024
2026-07-25 08:47:40,F,363,1183,1220,8024
2026-07-25 08:47:40,E,223,1122,1220,8024
2026-07-25 08:47:40,A,209,3016,1220,8024
2026-07-25 08:47:40,C,382,1666,1220,8024
2026-07-25 09:00:35,B,94,986,1593,7651
2026-07-25 09:00:35,F,438,1108,1593,7651
2026-07-25 09:00:35,E,301,1044,1593,7651
2026-07-25 09:00:35,A,291,2934,1593,7651
2026-07-25 09:00:35,C,469,1579,1593,7651
2026-07-25 09:30:32,B,263,817,2415,6829
2026-07-25 09:30:32,F,597,949,2415,6829
2026-07-25 09:30:32,E,456,889,2415,6829
2026-07-25 09:30:32,A,489,2736,2415,6829
2026-07-25 09:30:32,C,610,1438,2415,6829
2026-07-25 09:50:47,B,387,693,3098,6146
2026-07-25 09:50:47,F,761,785,3098,6146
2026-07-25 09:50:47,E,563,782,3098,6146
2026-07-25 09:50:47,A,649,2576,3098,6146
2026-07-25 09:50:47,C,738,1310,3098,6146
2026-07-25 10:00:39,B,438,642,3357,5887
2026-07-25 10:00:39,F,835,711,3357,5887
2026-07-25 10:00:39,E,594,751,3357,5887
2026-07-25 10:00:39,A,730,2495,3357,5887
2026-07-25 10:00:39,C,760,1288,3357,5887
2026-07-25 10:30:31,B,660,420,4343,4901
2026-07-25 10:30:31,F,1030,516,4343,4901
2026-07-25 10:30:31,E,722,623,4343,4901
2026-07-25 10:30:31,A,967,2258,4343,4901
2026-07-25 10:30:31,C,964,1084,4343,4901
2026-07-25 11:18:11,B,846,234,5450,3794
2026-07-25 11:18:11,F,1199,347,5450,3794
2026-07-25 11:18:11,E,874,471,5450,3794
2026-07-25 11:18:11,A,1303,1922,5450,3794
2026-07-25 11:18:11,C,1228,820,5450,3794
2026-07-25 11:30:32,B,903,177,5867,3377
2026-07-25 11:30:32,F,1272,274,5867,3377
2026-07-25 11:30:32,E,930,415,5867,3377
2026-07-25 11:30:32,A,1447,1778,5867,3377
2026-07-25 11:30:32,C,1315,733,5867,3377
2026-07-25 12:00:36,B,991,89,6498,2746
2026-07-25 12:00:36,F,1307,239,6498,2746
2026-07-25 12:00:36,E,1035,310,6498,2746
2026-07-25 12:00:36,A,1740,1485,6498,2746
2026-07-25 12:00:36,C,1425,623,6498,2746
2026-07-25 12:30:31,B,993,87,6924,2320
2026-07-25 12:30:31,F,1315,231,6924,2320
2026-07-25 12:30:31,E,1115,230,6924,2320
2026-07-25 12:30:31,A,1985,1240,6924,2320
2026-07-25 12:30:31,C,1516,532,6924,2320
2026-07-25 13:00:35,B,995,85,7227,2017
2026-07-25 13:00:35,F,1316,230,7227,2017
2026-07-25 13:00:35,E,1149,196,7227,2017
2026-07-25 13:00:35,A,2179,1046,7227,2017
2026-07-25 13:00:35,C,1588,460,7227,2017
2026-07-25 13:30:30,B,998,82,7461,1783
2026-07-25 13:30:30,F,1317,229,7461,1783
2026-07-25 13:30:30,E,1149,196,7461,1783
2026-07-25 13:30:30,A,2363,862,7461,1783
2026-07-25 13:30:30,C,1634,414,7461,1783
2026-07-25 14:00:35,B,1002,78,7691,1553
2026-07-25 14:00:35,F,1315,231,7691,1553
2026-07-25 14:00:35,E,1139,206,7691,1553
2026-07-25 14:00:35,A,2574,651,7691,1553
2026-07-25 14:00:35,C,1661,387,7691,1553
2026-07-25 14:30:32,B,1002,78,7828,1416
2026-07-25 14:30:32,F,1317,229,7828,1416
2026-07-25 14:30:32,E,1144,201,7828,1416
2026-07-25 14:30:32,A,2690,535,7828,1416
2026-07-25 14:30:32,C,1675,373,7828,1416
2026-07-25 14:34:40,B,998,82,7818,1426
2026-07-25 14:34:40,F,1321,225,7818,1426
2026-07-25 14:34:40,E,1144,201,7818,1426
2026-07-25 14:34:40,A,2689,536,7818,1426
2026-07-25 14:34:40,C,1666,382,7818,1426
2026-07-25 15:00:38,B,1001,79,7893,1351
2026-07-25 15:00:38,F,1311,235,7893,1351
2026-07-25 15:00:38,E,1154,191,7893,1351
2026-07-25 15:00:38,A,2754,471,7893,1351
2026-07-25 15:00:38,C,1673,375,7893,1351
2026-07-25 15:30:30,B,1006,74,7836,1408
2026-07-25 15:30:30,F,1315,231,7836,1408
2026-07-25 15:30:30,E,1130,215,7836,1408
2026-07-25 15:30:30,A,2727,498,7836,1408
2026-07-25 15:30:30,C,1658,390,7836,1408
2026-07-25 16:00:38,B,1000,80,7755,1489
2026-07-25 16:00:38,F,1313,233,7755,1489
2026-07-25 16:00:38,E,1121,224,7755,1489
2026-07-25 16:00:38,A,2696,529,7755,1489
2026-07-25 16:00:38,C,1625,423,7755,1489
2026-07-25 16:30:31,B,999,81,7428,1816
2026-07-25 16:30:31,F,1299,247,7428,1816
2026-07-25 16:30:31,E,1097,248,7428,1816
2026-07-25 16:30:31,A,2489,736,7428,1816
2026-07-25 16:30:31,C,1544,504,7428,1816
2026-07-25 17:00:37,B,996,84,7131,2113
2026-07-25 17:00:37,F,1285,261,7131,2113
2026-07-25 17:00:37,E,1040,305,7131,2113
2026-07-25 17:00:37,A,2337,888,7131,2113
2026-07-25 17:00:37,C,1473,575,7131,2113
2026-07-25 17:06:26,B,992,88,7056,2188
2026-07-25 17:06:26,F,1282,264,7056,2188
2026-07-25 17:06:26,E,1026,319,7056,2188
2026-07-25 17:06:26,A,2302,923,7056,2188
2026-07-25 17:06:26,C,1454,594,7056,2188
2026-07-25 17:30:29,B,984,96,6627,2617
2026-07-25 17:30:29,F,1228,318,6627,2617
2026-07-25 17:30:29,E,994,351,6627,2617
2026-07-25 17:30:29,A,2065,1160,6627,2617
2026-07-25 17:30:29,C,1356,692,6627,2617
2026-07-25 18:00:31,B,994,86,6263,2981
2026-07-25 18:00:31,F,1208,338,6263,2981
2026-07-25 18:00:31,E,987,358,6263,2981
2026-07-25 18:00:31,A,1832,1393,6263,2981
2026-07-25 18:00:31,C,1242,806,6263,2981
2026-07-25 18:30:30,B,990,90,5991,3253
2026-07-25 18:30:30,F,1188,358,5991,3253
2026-07-25 18:30:30,E,966,379,5991,3253
2026-07-25 18:30:30,A,1676,1549,5991,3253
2026-07-25 18:30:30,C,1171,877,5991,3253
2026-07-25 19:00:36,B,997,83,5859,3385
2026-07-25 19:00:36,F,1170,376,5859,3385
2026-07-25 19:00:36,E,932,413,5859,3385
2026-07-25 19:00:36,A,1617,1608,5859,3385
2026-07-25 19:00:36,C,1143,905,5859,3385
2026-07-25 19:15:14,B,996,84,5700,3544
2026-07-25 19:15:14,F,1134,412,5700,3544
2026-07-25 19:15:14,E,921,424,5700,3544
2026-07-25 19:15:14,A,1554,1671,5700,3544
2026-07-25 19:15:14,C,1095,953,5700,3544
2026-07-25 19:30:28,B,986,94,5495,3749
2026-07-25 19:30:28,F,1108,438,5495,3749
2026-07-25 19:30:28,E,878,467,5495,3749
2026-07-25 19:30:28,A,1464,1761,5495,3749
2026-07-25 19:30:28,C,1059,989,5495,3749
2026-07-25 20:00:39,B,964,116,5021,4223
2026-07-25 20:00:39,F,1020,526,5021,4223
2026-07-25 20:00:39,E,804,541,5021,4223
2026-07-25 20:00:39,A,1283,1942,5021,4223
2026-07-25 20:00:39,C,950,1098,5021,4223
2026-07-25 20:30:27,B,916,164,4394,4850
2026-07-25 20:30:27,F,883,663,4394,4850
2026-07-25 20:30:27,E,676,669,4394,4850
2026-07-25 20:30:27,A,1083,2142,4394,4850
2026-07-25 20:30:27,C,836,1212,4394,4850
2026-07-25 20:49:08,B,852,228,3880,5364
2026-07-25 20:49:08,F,783,763,3880,5364
2026-07-25 20:49:08,E,568,777,3880,5364
2026-07-25 20:49:08,A,943,2282,3880,5364
2026-07-25 20:49:08,C,734,1314,3880,5364
2026-07-25 21:00:35,B,829,251,3534,5710
2026-07-25 21:00:35,F,715,831,3534,5710
2026-07-25 21:00:35,E,497,848,3534,5710
2026-07-25 21:00:35,A,823,2402,3534,5710
2026-07-25 21:00:35,C,670,1378,3534,5710
2026-07-25 21:30:29,B,611,469,2185,7059
2026-07-25 21:30:29,F,443,1103,2185,7059
2026-07-25 21:30:29,E,295,1050,2185,7059
2026-07-25 21:30:29,A,436,2789,2185,7059
2026-07-25 21:30:29,C,400,1648,2185,7059
2026-07-25 21:54:21,B,587,493,1660,7584
2026-07-25 21:54:21,F,321,1225,1660,7584
2026-07-25 21:54:21,E,183,1162,1660,7584
2026-07-25 21:54:21,A,298,2927,1660,7584
2026-07-25 21:54:21,C,271,1777,1660,7584
2026-07-25 22:00:37,B,556,524,1539,7705
2026-07-25 22:00:37,F,306,1240,1539,7705
2026-07-25 22:00:37,E,165,1180,1539,7705
2026-07-25 22:00:37,A,276,2949,1539,7705
2026-07-25 22:00:37,C,236,1812,1539,7705
2026-07-25 22:30:32,B,463,617,1188,8056
2026-07-25 22:30:32,F,248,1298,1188,8056
2026-07-25 22:30:32,E,123,1222,1188,8056
2026-07-25 22:30:32,A,190,3035,1188,8056
2026-07-25 22:30:32,C,164,1884,1188,8056
2026-07-25 23:00:35,B,411,669,1032,8212
2026-07-25 23:00:35,F,223,1323,1032,8212
2026-07-25 23:00:35,E,108,1237,1032,8212
2026-07-25 23:00:35,A,162,3063,1032,8212
2026-07-25 23:00:35,C,128,1920,1032,8212
2026-07-25 23:30:30,B,361,719,895,8349
2026-07-25 23:30:30,F,204,1342,895,8349
2026-07-25 23:30:30,E,90,1255,895,8349
2026-07-25 23:30:30,A,129,3096,895,8349
2026-07-25 23:30:30,C,111,1937,895,8349
2026-07-26 00:00:38,B,338,742,838,8406
2026-07-26 00:00:38,F,190,1356,838,8406
2026-07-26 00:00:38,E,86,1259,838,8406
2026-07-26 00:00:38,A,116,3109,838,8406
2026-07-26 00:00:38,C,108,1940,838,8406
2026-07-26 00:23:55,B,274,806,721,8523
2026-07-26 00:23:55,F,183,1363,721,8523
2026-07-26 00:23:55,E,80,1265,721,8523
2026-07-26 00:23:55,A,94,3131,721,8523
2026-07-26 00:23:55,C,90,1958,721,8523
2026-07-26 00:30:29,B,263,817,687,8557
2026-07-26 00:30:29,F,181,1365,687,8557
2026-07-26 00:30:29,E,76,1269,687,8557
2026-07-26 00:30:29,A,86,3139,687,8557
2026-07-26 00:30:29,C,81,1967,687,8557
2026-07-26 01:00:35,B,203,877,613,8631
2026-07-26 01:00:35,F,179,1367,613,8631
2026-07-26 01:00:35,E,73,1272,613,8631
2026-07-26 01:00:35,A,77,3148,613,8631
2026-07-26 01:00:35,C,81,1967,613,8631
2026-07-26 01:30:52,B,62,1018,411,8833
2026-07-26 01:30:52,F,163,1383,411,8833
2026-07-26 01:30:52,E,59,1286,411,8833
2026-07-26 01:30:52,A,60,3165,411,8833
2026-07-26 01:30:52,C,67,1981,411,8833
2026-07-26 01:33:35,B,60,1020,408,8836
2026-07-26 01:33:35,F,163,1383,408,8836
2026-07-26 01:33:35,E,59,1286,408,8836
2026-07-26 01:33:35,A,60,3165,408,8836
2026-07-26 01:33:35,C,66,1982,408,8836
2026-07-26 02:00:37,B,48,1032,388,8856
2026-07-26 02:00:37,F,158,1388,388,8856
2026-07-26 02:00:37,E,58,1287,388,8856
2026-07-26 02:00:37,A,59,3166,388,8856
2026-07-26 02:00:37,C,65,1983,388,8856
2026-07-26 02:30:30,B,48,1032,390,8854
2026-07-26 02:30:30,F,164,1382,390,8854
2026-07-26 02:30:30,E,59,1286,390,8854
2026-07-26 02:30:30,A,54,3171,390,8854
2026-07-26 02:30:30,C,65,1983,390,8854
2026-07-26 02:40:35,B,48,1032,384,8860
2026-07-26 02:40:35,F,159,1387,384,8860
2026-07-26 02:40:35,E,59,1286,384,8860
2026-07-26 02:40:35,A,54,3171,384,8860
2026-07-26 02:40:35,C,64,1984,384,8860
2026-07-26 03:01:06,B,48,1032,384,8860
2026-07-26 03:01:06,F,158,1388,384,8860
2026-07-26 03:01:06,E,60,1285,384,8860
2026-07-26 03:01:06,A,54,3171,384,8860
2026-07-26 03:01:06,C,64,1984,384,8860
2026-07-26 03:30:28,B,48,1032,381,8863
2026-07-26 03:30:28,F,157,1389,381,8863
2026-07-26 03:30:28,E,59,1286,381,8863
2026-07-26 03:30:28,A,53,3172,381,8863
2026-07-26 03:30:28,C,64,1984,381,8863
2026-07-26 03:45:03,B,48,1032,382,8862
2026-07-26 03:45:03,F,157,1389,382,8862
2026-07-26 03:45:03,E,59,1286,382,8862
2026-07-26 03:45:03,A,54,3171,382,8862
2026-07-26 03:45:03,C,64,1984,382,8862
2026-07-26 04:00:34,B,48,1032,382,8862
2026-07-26 04:00:34,F,158,1388,382,8862
2026-07-26 04:00:34,E,58,1287,382,8862
2026-07-26 04:00:34,A,54,3171,382,8862
2026-07-26 04:00:34,C,64,1984,382,8862
2026-07-26 04:30:30,B,48,1032,384,8860
2026-07-26 04:30:30,F,157,1389,384,8860
2026-07-26 04:30:30,E,59,1286,384,8860
2026-07-26 04:30:30,A,55,3170,384,8860
2026-07-26 04:30:30,C,65,1983,384,8860
2026-07-26 04:43:39,B,48,1032,382,8862
2026-07-26 04:43:39,F,158,1388,382,8862
2026-07-26 04:43:39,E,59,1286,382,8862
2026-07-26 04:43:39,A,52,3173,382,8862
2026-07-26 04:43:39,C,65,1983,382,8862
2026-07-26 05:00:34,B,48,1032,385,8859
2026-07-26 05:00:34,F,160,1386,385,8859
2026-07-26 05:00:34,E,58,1287,385,8859
2026-07-26 05:00:34,A,54,3171,385,8859
2026-07-26 05:00:34,C,65,1983,385,8859
2026-07-26 05:30:29,B,48,1032,387,8857
2026-07-26 05:30:29,F,161,1385,387,8857
2026-07-26 05:30:29,E,58,1287,387,8857
2026-07-26 05:30:29,A,54,3171,387,8857
2026-07-26 05:30:29,C,66,1982,387,8857
2026-07-26 06:00:34,B,48,1032,403,8841
2026-07-26 06:00:34,F,167,1379,403,8841
2026-07-26 06:00:34,E,60,1285,403,8841
2026-07-26 06:00:34,A,54,3171,403,8841
2026-07-26 06:00:34,C,74,1974,403,8841
2026-07-26 06:02:10,B,48,1032,406,8838
2026-07-26 06:02:10,F,167,1379,406,8838
2026-07-26 06:02:10,E,61,1284,406,8838
2026-07-26 06:02:10,A,54,3171,406,8838
2026-07-26 06:02:10,C,76,1972,406,8838
2026-07-26 06:30:33,B,47,1033,422,8822
2026-07-26 06:30:33,F,170,1376,422,8822
2026-07-26 06:30:33,E,70,1275,422,8822
2026-07-26 06:30:33,A,56,3169,422,8822
2026-07-26 06:30:33,C,79,1969,422,8822
2026-07-26 07:00:35,B,48,1032,491,8753
2026-07-26 07:00:35,F,181,1365,491,8753
2026-07-26 07:00:35,E,80,1265,491,8753
2026-07-26 07:00:35,A,72,3153,491,8753
2026-07-26 07:00:35,C,110,1938,491,8753
2026-07-26 07:12:40,B,48,1032,511,8733
2026-07-26 07:12:40,F,179,1367,511,8733
2026-07-26 07:12:40,E,81,1264,511,8733
2026-07-26 07:12:40,A,87,3138,511,8733
2026-07-26 07:12:40,C,116,1932,511,8733
2026-07-26 07:30:31,B,49,1031,529,8715
2026-07-26 07:30:31,F,180,1366,529,8715
2026-07-26 07:30:31,E,87,1258,529,8715
2026-07-26 07:30:31,A,90,3135,529,8715
2026-07-26 07:30:31,C,123,1925,529,8715
2026-07-26 08:00:39,B,50,1030,640,8604
2026-07-26 08:00:39,F,201,1345,640,8604
2026-07-26 08:00:39,E,110,1235,640,8604
2026-07-26 08:00:39,A,104,3121,640,8604
2026-07-26 08:00:39,C,175,1873,640,8604
2026-07-26 08:14:26,B,49,1031,680,8564
2026-07-26 08:14:26,F,199,1347,680,8564
2026-07-26 08:14:26,E,127,1218,680,8564
2026-07-26 08:14:26,A,108,3117,680,8564
2026-07-26 08:14:26,C,197,1851,680,8564
2026-07-26 08:30:31,B,50,1030,736,8508
2026-07-26 08:30:31,F,207,1339,736,8508
2026-07-26 08:30:31,E,153,1192,736,8508
2026-07-26 08:30:31,A,110,3115,736,8508
2026-07-26 08:30:31,C,216,1832,736,8508
2026-07-26 09:00:36,B,91,989,986,8258
2026-07-26 09:00:36,F,265,1281,986,8258
2026-07-26 09:00:36,E,199,1146,986,8258
2026-07-26 09:00:36,A,146,3079,986,8258
2026-07-26 09:00:36,C,285,1763,986,8258
2026-07-26 09:25:01,B,161,919,1333,7911
2026-07-26 09:25:01,F,331,1215,1333,7911
2026-07-26 09:25:01,E,275,1070,1333,7911
2026-07-26 09:25:01,A,197,3028,1333,7911
2026-07-26 09:25:01,C,369,1679,1333,7911
2026-07-26 09:30:32,B,190,890,1481,7763
2026-07-26 09:30:32,F,356,1190,1481,7763
2026-07-26 09:30:32,E,302,1043,1481,7763
2026-07-26 09:30:32,A,227,2998,1481,7763
2026-07-26 09:30:32,C,406,1642,1481,7763
2026-07-26 10:00:42,B,429,651,2509,6735
2026-07-26 10:00:42,F,561,985,2509,6735
2026-07-26 10:00:42,E,454,891,2509,6735
2026-07-26 10:00:42,A,482,2743,2509,6735
2026-07-26 10:00:42,C,583,1465,2509,6735
2026-07-26 10:30:30,B,718,362,3866,5378
2026-07-26 10:30:30,F,841,705,3866,5378
2026-07-26 10:30:30,E,649,696,3866,5378
2026-07-26 10:30:30,A,849,2376,3866,5378
2026-07-26 10:30:30,C,809,1239,3866,5378
2026-07-26 11:00:36,B,897,183,4915,4329
2026-07-26 11:00:36,F,1039,507,4915,4329
2026-07-26 11:00:36,E,806,539,4915,4329
2026-07-26 11:00:36,A,1169,2056,4915,4329
2026-07-26 11:00:36,C,1004,1044,4915,4329
2026-07-26 11:02:41,B,902,178,4953,4291
2026-07-26 11:02:41,F,1048,498,4953,4291
2026-07-26 11:02:41,E,815,530,4953,4291
2026-07-26 11:02:41,A,1180,2045,4953,4291
2026-07-26 11:02:41,C,1008,1040,4953,4291
2026-07-26 11:30:34,B,982,98,5496,3748
2026-07-26 11:30:34,F,1124,422,5496,3748
2026-07-26 11:30:34,E,900,445,5496,3748
2026-07-26 11:30:34,A,1341,1884,5496,3748
2026-07-26 11:30:34,C,1149,899,5496,3748
2026-07-26 12:00:36,B,991,89,6072,3172
2026-07-26 12:00:36,F,1221,325,6072,3172
2026-07-26 12:00:36,E,991,354,6072,3172
2026-07-26 12:00:36,A,1593,1632,6072,3172
2026-07-26 12:00:36,C,1276,772,6072,3172
2026-07-26 12:30:30,B,995,85,6621,2623
2026-07-26 12:30:30,F,1288,258,6621,2623
2026-07-26 12:30:30,E,1071,274,6621,2623
2026-07-26 12:30:30,A,1872,1353,6621,2623
2026-07-26 12:30:30,C,1395,653,6621,2623
2026-07-26 13:00:36,B,990,90,6970,2274
2026-07-26 13:00:36,F,1297,249,6970,2274
2026-07-26 13:00:36,E,1133,212,6970,2274
2026-07-26 13:00:36,A,2058,1167,6970,2274
2026-07-26 13:00:36,C,1492,556,6970,2274
2026-07-26 13:30:32,B,996,84,7214,2030
2026-07-26 13:30:32,F,1298,248,7214,2030
2026-07-26 13:30:32,E,1151,194,7214,2030
2026-07-26 13:30:32,A,2239,986,7214,2030
2026-07-26 13:30:32,C,1530,518,7214,2030
2026-07-26 14:00:36,B,995,85,7491,1753
2026-07-26 14:00:36,F,1296,250,7491,1753
2026-07-26 14:00:36,E,1146,199,7491,1753
2026-07-26 14:00:36,A,2452,773,7491,1753
2026-07-26 14:00:36,C,1602,446,7491,1753
2026-07-26 14:30:28,B,994,86,7602,1642
2026-07-26 14:30:28,F,1299,247,7602,1642
2026-07-26 14:30:28,E,1149,196,7602,1642
2026-07-26 14:30:28,A,2554,671,7602,1642
2026-07-26 14:30:28,C,1606,442,7602,1642
2026-07-26 14:48:49,B,990,90,7611,1633
2026-07-26 14:48:49,F,1286,260,7611,1633
2026-07-26 14:48:49,E,1135,210,7611,1633
2026-07-26 14:48:49,A,2564,661,7611,1633
2026-07-26 14:48:49,C,1636,412,7611,1633
2026-07-26 15:00:37,B,995,85,7586,1658
2026-07-26 15:00:37,F,1295,251,7586,1658
2026-07-26 15:00:37,E,1122,223,7586,1658
2026-07-26 15:00:37,A,2555,670,7586,1658
2026-07-26 15:00:37,C,1619,429,7586,1658
2026-07-26 15:30:28,B,984,96,7329,1915
2026-07-26 15:30:28,F,1262,284,7329,1915
2026-07-26 15:30:28,E,1115,230,7329,1915
2026-07-26 15:30:28,A,2405,820,7329,1915
2026-07-26 15:30:28,C,1563,485,7329,1915
2026-07-26 16:00:33,B,984,96,7083,2161
2026-07-26 16:00:33,F,1259,287,7083,2161
2026-07-26 16:00:33,E,1084,261,7083,2161
2026-07-26 16:00:33,A,2249,976,7083,2161
2026-07-26 16:00:33,C,1507,541,7083,2161
2026-07-26 16:30:31,B,980,100,6644,2600
2026-07-26 16:30:31,F,1195,351,6644,2600
2026-07-26 16:30:31,E,1043,302,6644,2600
2026-07-26 16:30:31,A,2029,1196,6644,2600
2026-07-26 16:30:31,C,1397,651,6644,2600
2026-07-26 17:00:37,B,979,101,6119,3125
2026-07-26 17:00:37,F,1162,384,6119,3125
2026-07-26 17:00:37,E,980,365,6119,3125
2026-07-26 17:00:37,A,1749,1476,6119,3125
2026-07-26 17:00:37,C,1249,799,6119,3125
2026-07-26 17:28:14,B,950,130,5591,3653
2026-07-26 17:28:14,F,1086,460,5591,3653
2026-07-26 17:28:14,E,896,449,5591,3653
2026-07-26 17:28:14,A,1492,1733,5591,3653
2026-07-26 17:28:14,C,1167,881,5591,3653
2026-07-26 17:30:29,B,955,125,5556,3688
2026-07-26 17:30:29,F,1082,464,5556,3688
2026-07-26 17:30:29,E,882,463,5556,3688
2026-07-26 17:30:29,A,1470,1755,5556,3688
2026-07-26 17:30:29,C,1167,881,5556,3688
2026-07-26 18:00:33,B,933,147,4903,4341
2026-07-26 18:00:33,F,992,554,4903,4341
2026-07-26 18:00:33,E,770,575,4903,4341
2026-07-26 18:00:33,A,1206,2019,4903,4341
2026-07-26 18:00:33,C,1002,1046,4903,4341
2026-07-26 18:30:27,B,901,179,4187,5057
2026-07-26 18:30:27,F,843,703,4187,5057
2026-07-26 18:30:27,E,647,698,4187,5057
2026-07-26 18:30:27,A,926,2299,4187,5057
2026-07-26 18:30:27,C,870,1178,4187,5057
2026-07-26 19:00:35,B,815,265,3276,5968
2026-07-26 19:00:35,F,640,906,3276,5968
2026-07-26 19:00:35,E,510,835,3276,5968
2026-07-26 19:00:35,A,652,2573,3276,5968
2026-07-26 19:00:35,C,659,1389,3276,5968
2026-07-26 19:30:44,B,635,445,2208,7036
2026-07-26 19:30:44,F,408,1138,2208,7036
2026-07-26 19:30:44,E,356,989,2208,7036
2026-07-26 19:30:44,A,360,2865,2208,7036
2026-07-26 19:30:44,C,449,1599,2208,7036
2026-07-26 19:31:18,B,632,448,2196,7048
2026-07-26 19:31:18,F,406,1140,2196,7048
2026-07-26 19:31:18,E,353,992,2196,7048
2026-07-26 19:31:18,A,359,2866,2196,7048
2026-07-26 19:31:18,C,446,1602,2196,7048
2026-07-26 20:00:34,B,580,500,1623,7621
2026-07-26 20:00:34,F,292,1254,1623,7621
2026-07-26 20:00:34,E,250,1095,1623,7621
2026-07-26 20:00:34,A,214,3011,1623,7621
2026-07-26 20:00:34,C,287,1761,1623,7621
2026-07-26 20:30:28,B,519,561,1315,7929
2026-07-26 20:30:28,F,240,1306,1315,7929
2026-07-26 20:30:28,E,194,1151,1315,7929
2026-07-26 20:30:28,A,153,3072,1315,7929
2026-07-26 20:30:28,C,209,1839,1315,7929
2026-07-26 21:00:33,B,481,599,1140,8104
2026-07-26 21:00:33,F,211,1335,1140,8104
2026-07-26 21:00:33,E,148,1197,1140,8104
2026-07-26 21:00:33,A,124,3101,1140,8104
2026-07-26 21:00:33,C,176,1872,1140,8104
2026-07-26 21:11:10,B,444,636,1082,8162
2026-07-26 21:11:10,F,210,1336,1082,8162
2026-07-26 21:11:10,E,138,1207,1082,8162
2026-07-26 21:11:10,A,115,3110,1082,8162
2026-07-26 21:11:10,C,175,1873,1082,8162
2026-07-26 21:30:29,B,357,723,929,8315
2026-07-26 21:30:29,F,194,1352,929,8315
2026-07-26 21:30:29,E,120,1225,929,8315
2026-07-26 21:30:29,A,91,3134,929,8315
2026-07-26 21:30:29,C,167,1881,929,8315
2026-07-26 22:00:34,B,348,732,837,8407
2026-07-26 22:00:34,F,172,1374,837,8407
2026-07-26 22:00:34,E,100,1245,837,8407
2026-07-26 22:00:34,A,79,3146,837,8407
2026-07-26 22:00:34,C,138,1910,837,8407
2026-07-26 22:30:27,B,311,769,713,8531
2026-07-26 22:30:27,F,144,1402,713,8531
2026-07-26 22:30:27,E,80,1265,713,8531
2026-07-26 22:30:27,A,68,3157,713,8531
2026-07-26 22:30:27,C,110,1938,713,8531
2026-07-26 22:34:22,B,312,768,706,8538
2026-07-26 22:34:22,F,144,1402,706,8538
2026-07-26 22:34:22,E,78,1267,706,8538
2026-07-26 22:34:22,A,66,3159,706,8538
2026-07-26 22:34:22,C,106,1942,706,8538
2026-07-26 23:00:35,B,292,788,668,8576
2026-07-26 23:00:35,F,138,1408,668,8576
2026-07-26 23:00:35,E,75,1270,668,8576
2026-07-26 23:00:35,A,59,3166,668,8576
2026-07-26 23:00:35,C,104,1944,668,8576
2026-07-27 00:00:34,B,218,862,572,8672
2026-07-27 00:00:34,F,125,1421,572,8672
2026-07-27 00:00:34,E,69,1276,572,8672
2026-07-27 00:00:34,A,56,3169,572,8672
2026-07-27 00:00:34,C,104,1944,572,8672
2026-07-27 00:20:24,B,169,911,515,8729
2026-07-27 00:20:24,F,125,1421,515,8729
2026-07-27 00:20:24,E,68,1277,515,8729
2026-07-27 00:20:24,A,54,3171,515,8729
2026-07-27 00:20:24,C,99,1949,515,8729
2026-07-27 00:30:29,B,156,924,498,8746
2026-07-27 00:30:29,F,129,1417,498,8746
2026-07-27 00:30:29,E,63,1282,498,8746
2026-07-27 00:30:29,A,53,3172,498,8746
2026-07-27 00:30:29,C,97,1951,498,8746
2026-07-27 01:00:36,B,94,986,419,8825
2026-07-27 01:00:36,F,123,1423,419,8825
2026-07-27 01:00:36,E,60,1285,419,8825
2026-07-27 01:00:36,A,47,3178,419,8825
2026-07-27 01:00:36,C,95,1953,419,8825
2026-07-27 01:30:28,B,51,1029,359,8885
2026-07-27 01:30:28,F,119,1427,359,8885
2026-07-27 01:30:28,E,56,1289,359,8885
2026-07-27 01:30:28,A,44,3181,359,8885
2026-07-27 01:30:28,C,89,1959,359,8885
2026-07-27 01:34:45,B,50,1030,356,8888
2026-07-27 01:34:45,F,119,1427,356,8888
2026-07-27 01:34:45,E,56,1289,356,8888
2026-07-27 01:34:45,A,42,3183,356,8888
2026-07-27 01:34:45,C,89,1959,356,8888
2026-07-27 02:00:33,B,48,1032,346,8898
2026-07-27 02:00:33,F,113,1433,346,8898
2026-07-27 02:00:33,E,54,1291,346,8898
2026-07-27 02:00:33,A,42,3183,346,8898
2026-07-27 02:00:33,C,89,1959,346,8898
2026-07-27 02:30:28,B,49,1031,345,8899
2026-07-27 02:30:28,F,112,1434,345,8899
2026-07-27 02:30:28,E,55,1290,345,8899
2026-07-27 02:30:28,A,41,3184,345,8899
2026-07-27 02:30:28,C,88,1960,345,8899
2026-07-27 02:41:24,B,49,1031,347,8897
2026-07-27 02:41:24,F,113,1433,347,8897
2026-07-27 02:41:24,E,55,1290,347,8897
2026-07-27 02:41:24,A,41,3184,347,8897
2026-07-27 02:41:24,C,89,1959,347,8897
2026-07-27 03:00:35,B,50,1030,348,8896
2026-07-27 03:00:35,F,114,1432,348,8896
2026-07-27 03:00:35,E,55,1290,348,8896
2026-07-27 03:00:35,A,40,3185,348,8896
2026-07-27 03:00:35,C,89,1959,348,8896
2026-07-27 03:49:26,B,48,1032,351,8893
2026-07-27 03:49:26,F,115,1431,351,8893
2026-07-27 03:49:26,E,58,1287,351,8893
2026-07-27 03:49:26,A,38,3187,351,8893
2026-07-27 03:49:26,C,92,1956,351,8893
2026-07-27 04:30:30,B,47,1033,350,8894
2026-07-27 04:30:30,F,115,1431,350,8894
2026-07-27 04:30:30,E,57,1288,350,8894
2026-07-27 04:30:30,A,39,3186,350,8894
2026-07-27 04:30:30,C,92,1956,350,8894
2026-07-27 04:48:22,B,47,1033,349,8895
2026-07-27 04:48:22,F,116,1430,349,8895
2026-07-27 04:48:22,E,57,1288,349,8895
2026-07-27 04:48:22,A,38,3187,349,8895
2026-07-27 04:48:22,C,91,1957,349,8895
2026-07-27 05:00:37,B,48,1032,352,8892
2026-07-27 05:00:37,F,118,1428,352,8892
2026-07-27 05:00:37,E,57,1288,352,8892
2026-07-27 05:00:37,A,38,3187,352,8892
2026-07-27 05:00:37,C,91,1957,352,8892
2026-07-27 05:30:30,B,48,1032,365,8879
2026-07-27 05:30:30,F,122,1424,365,8879
2026-07-27 05:30:30,E,61,1284,365,8879
2026-07-27 05:30:30,A,38,3187,365,8879
2026-07-27 05:30:30,C,96,1952,365,8879
2026-07-27 06:00:34,B,47,1033,428,8816
2026-07-27 06:00:34,F,146,1400,428,8816
2026-07-27 06:00:34,E,76,1269,428,8816
2026-07-27 06:00:34,A,45,3180,428,8816
2026-07-27 06:00:34,C,114,1934,428,8816
2026-07-27 06:01:35,B,48,1032,430,8814
2026-07-27 06:01:35,F,146,1400,430,8814
2026-07-27 06:01:35,E,77,1268,430,8814
2026-07-27 06:01:35,A,45,3180,430,8814
2026-07-27 06:01:35,C,114,1934,430,8814
2026-07-27 06:30:30,B,47,1033,500,8744
2026-07-27 06:30:30,F,164,1382,500,8744
2026-07-27 06:30:30,E,101,1244,500,8744
2026-07-27 06:30:30,A,56,3169,500,8744
2026-07-27 06:30:30,C,132,1916,500,8744
2026-07-27 07:00:38,B,46,1034,690,8554
2026-07-27 07:00:38,F,216,1330,690,8554
2026-07-27 07:00:38,E,133,1212,690,8554
2026-07-27 07:00:38,A,101,3124,690,8554
2026-07-27 07:00:38,C,194,1854,690,8554
2026-07-27 07:15:31,B,48,1032,764,8480
2026-07-27 07:15:31,F,230,1316,764,8480
2026-07-27 07:15:31,E,151,1194,764,8480
2026-07-27 07:15:31,A,114,3111,764,8480
2026-07-27 07:15:31,C,221,1827,764,8480
2026-07-27 07:30:32,B,49,1031,837,8407
2026-07-27 07:30:32,F,242,1304,837,8407
2026-07-27 07:30:32,E,159,1186,837,8407
2026-07-27 07:30:32,A,128,3097,837,8407
2026-07-27 07:30:32,C,259,1789,837,8407
2026-07-27 08:00:35,B,50,1030,1097,8147
2026-07-27 08:00:35,F,293,1253,1097,8147
2026-07-27 08:00:35,E,209,1136,1097,8147
2026-07-27 08:00:35,A,163,3062,1097,8147
2026-07-27 08:00:35,C,382,1666,1097,8147
2026-07-27 08:25:29,B,48,1032,1460,7784
2026-07-27 08:25:29,F,375,1171,1460,7784
2026-07-27 08:25:29,E,274,1071,1460,7784
2026-07-27 08:25:29,A,216,3009,1460,7784
2026-07-27 08:25:29,C,547,1501,1460,7784
2026-07-27 08:30:31,B,50,1030,1535,7709
2026-07-27 08:30:31,F,401,1145,1535,7709
2026-07-27 08:30:31,E,283,1062,1535,7709
2026-07-27 08:30:31,A,224,3001,1535,7709
2026-07-27 08:30:31,C,577,1471,1535,7709
2026-07-27 09:00:34,B,88,992,2289,6955
2026-07-27 09:00:34,F,603,943,2289,6955
2026-07-27 09:00:34,E,431,914,2289,6955
2026-07-27 09:00:34,A,378,2847,2289,6955
2026-07-27 09:00:34,C,789,1259,2289,6955
2026-07-27 09:25:23,B,183,897,3060,6184
2026-07-27 09:25:23,F,807,739,3060,6184
2026-07-27 09:25:23,E,564,781,3060,6184
2026-07-27 09:25:23,A,538,2687,3060,6184
2026-07-27 09:25:23,C,968,1080,3060,6184
2026-07-27 10:00:38,B,321,759,3930,5314
2026-07-27 10:00:38,F,1046,500,3930,5314
2026-07-27 10:00:38,E,694,651,3930,5314
2026-07-27 10:00:38,A,753,2472,3930,5314
2026-07-27 10:00:38,C,1116,932,3930,5314
2026-07-27 11:00:36,B,522,558,4871,4373
2026-07-27 11:00:36,F,1205,341,4871,4373
2026-07-27 11:00:36,E,830,515,4871,4373
2026-07-27 11:00:36,A,1023,2202,4871,4373
2026-07-27 11:00:36,C,1291,757,4871,4373
2026-07-27 11:03:58,B,524,556,4899,4345
2026-07-27 11:03:58,F,1210,336,4899,4345
2026-07-27 11:03:58,E,843,502,4899,4345
2026-07-27 11:03:58,A,1032,2193,4899,4345
2026-07-27 11:03:58,C,1290,758,4899,4345
2026-07-27 12:00:35,B,651,429,5480,3764
2026-07-27 12:00:35,F,1291,255,5480,3764
2026-07-27 12:00:35,E,928,417,5480,3764
2026-07-27 12:00:35,A,1219,2006,5480,3764
2026-07-27 12:00:35,C,1391,657,5480,3764
2026-07-27 12:30:30,B,706,374,5671,3573
2026-07-27 12:30:30,F,1283,263,5671,3573
2026-07-27 12:30:30,E,958,387,5671,3573
2026-07-27 12:30:30,A,1289,1936,5671,3573
2026-07-27 12:30:30,C,1435,613,5671,3573
2026-07-27 13:00:40,B,751,329,5765,3479
2026-07-27 13:00:40,F,1292,254,5765,3479
2026-07-27 13:00:40,E,969,376,5765,3479
2026-07-27 13:00:40,A,1312,1913,5765,3479
2026-07-27 13:00:40,C,1441,607,5765,3479
2026-07-27 13:30:30,B,757,323,5807,3437
2026-07-27 13:30:30,F,1306,240,5807,3437
2026-07-27 13:30:30,E,969,376,5807,3437
2026-07-27 13:30:30,A,1316,1909,5807,3437
2026-07-27 13:30:30,C,1459,589,5807,3437
2026-07-27 14:01:10,B,732,348,5748,3496
2026-07-27 14:01:10,F,1296,250,5748,3496
2026-07-27 14:01:10,E,968,377,5748,3496
2026-07-27 14:01:10,A,1315,1910,5748,3496
2026-07-27 14:01:10,C,1437,611,5748,3496
2026-07-27 14:58:37,B,654,426,5349,3895
2026-07-27 14:58:37,F,1218,328,5349,3895
2026-07-27 14:58:37,E,891,454,5349,3895
2026-07-27 14:58:37,A,1209,2016,5349,3895
2026-07-27 14:58:37,C,1377,671,5349,3895
2026-07-27 15:00:39,B,651,429,5318,3926
2026-07-27 15:00:39,F,1218,328,5318,3926
2026-07-27 15:00:39,E,891,454,5318,3926
2026-07-27 15:00:39,A,1197,2028,5318,3926
2026-07-27 15:00:39,C,1361,687,5318,3926
2026-07-27 15:30:30,B,626,454,4981,4263
2026-07-27 15:30:30,F,1170,376,4981,4263
2026-07-27 15:30:30,E,847,498,4981,4263
2026-07-27 15:30:30,A,1079,2146,4981,4263
2026-07-27 15:30:30,C,1259,789,4981,4263
2026-07-27 16:00:41,B,602,478,4743,4501
2026-07-27 16:00:41,F,1097,449,4743,4501
2026-07-27 16:00:41,E,823,522,4743,4501
2026-07-27 16:00:41,A,991,2234,4743,4501
2026-07-27 16:00:41,C,1230,818,4743,4501
2026-07-27 16:30:32,B,576,504,4300,4944
2026-07-27 16:30:32,F,1009,537,4300,4944
2026-07-27 16:30:32,E,737,608,4300,4944
2026-07-27 16:30:32,A,869,2356,4300,4944
2026-07-27 16:30:32,C,1109,939,4300,4944
2026-07-27 17:00:41,B,560,520,3785,5459
2026-07-27 17:00:41,F,912,634,3785,5459
2026-07-27 17:00:41,E,634,711,3785,5459
2026-07-27 17:00:41,A,744,2481,3785,5459
2026-07-27 17:00:41,C,935,1113,3785,5459
2026-07-27 17:30:30,B,502,578,2941,6303
2026-07-27 17:30:30,F,720,826,2941,6303
2026-07-27 17:30:30,E,509,836,2941,6303
2026-07-27 17:30:30,A,565,2660,2941,6303
2026-07-27 17:30:30,C,645,1403,2941,6303
2026-07-27 18:00:38,B,418,662,2130,7114
2026-07-27 18:00:38,F,493,1053,2130,7114
2026-07-27 18:00:38,E,402,943,2130,7114
2026-07-27 18:00:38,A,356,2869,2130,7114
2026-07-27 18:00:38,C,461,1587,2130,7114
2026-07-27 18:26:52,B,399,681,1661,7583
2026-07-27 18:26:52,F,368,1178,1661,7583
2026-07-27 18:26:52,E,342,1003,1661,7583
2026-07-27 18:26:52,A,197,3028,1661,7583
2026-07-27 18:26:52,C,355,1693,1661,7583
2026-07-27 18:30:30,B,400,680,1623,7621
2026-07-27 18:30:30,F,361,1185,1623,7621
2026-07-27 18:30:30,E,335,1010,1623,7621
2026-07-27 18:30:30,A,185,3040,1623,7621
2026-07-27 18:30:30,C,342,1706,1623,7621
2026-07-27 19:00:42,B,406,674,1407,7837
2026-07-27 19:00:42,F,324,1222,1407,7837
2026-07-27 19:00:42,E,283,1062,1407,7837
2026-07-27 19:00:42,A,136,3089,1407,7837
2026-07-27 19:00:42,C,258,1790,1407,7837
2026-07-27 19:30:28,B,412,668,1287,7957
2026-07-27 19:30:28,F,312,1234,1287,7957
2026-07-27 19:30:28,E,247,1098,1287,7957
2026-07-27 19:30:28,A,116,3109,1287,7957
2026-07-27 19:30:28,C,200,1848,1287,7957
2026-07-27 20:00:41,B,404,676,1192,8052
2026-07-27 20:00:41,F,284,1262,1192,8052
2026-07-27 20:00:41,E,208,1137,1192,8052
2026-07-27 20:00:41,A,113,3112,1192,8052
2026-07-27 20:00:41,C,183,1865,1192,8052
2026-07-27 20:30:33,B,378,702,1059,8185
2026-07-27 20:30:33,F,256,1290,1059,8185
2026-07-27 20:30:33,E,182,1163,1059,8185
2026-07-27 20:30:33,A,88,3137,1059,8185
2026-07-27 20:30:33,C,155,1893,1059,8185
2026-07-27 21:00:43,B,358,722,931,8313
2026-07-27 21:00:43,F,221,1325,931,8313
2026-07-27 21:00:43,E,136,1209,931,8313
2026-07-27 21:00:43,A,78,3147,931,8313
2026-07-27 21:00:43,C,138,1910,931,8313
2026-07-27 21:30:33,B,243,837,717,8527
2026-07-27 21:30:33,F,185,1361,717,8527
2026-07-27 21:30:33,E,95,1250,717,8527
2026-07-27 21:30:33,A,66,3159,717,8527
2026-07-27 21:30:33,C,128,1920,717,8527
2026-07-27 21:48:04,B,247,833,689,8555
2026-07-27 21:48:04,F,163,1383,689,8555
2026-07-27 21:48:04,E,84,1261,689,8555
2026-07-27 21:48:04,A,68,3157,689,8555
2026-07-27 21:48:04,C,127,1921,689,8555
2026-07-27 22:00:40,B,240,840,672,8572
2026-07-27 22:00:40,F,162,1384,672,8572
2026-07-27 22:00:40,E,81,1264,672,8572
2026-07-27 22:00:40,A,68,3157,672,8572
2026-07-27 22:00:40,C,121,1927,672,8572
2026-07-27 22:30:30,B,214,866,583,8661
2026-07-27 22:30:30,F,143,1403,583,8661
2026-07-27 22:30:30,E,63,1282,583,8661
2026-07-27 22:30:30,A,60,3165,583,8661
2026-07-27 22:30:30,C,103,1945,583,8661
2026-07-27 23:00:45,B,198,882,553,8691
2026-07-27 23:00:45,F,134,1412,553,8691
2026-07-27 23:00:45,E,62,1283,553,8691
2026-07-27 23:00:45,A,55,3170,553,8691
2026-07-27 23:00:45,C,104,1944,553,8691
2026-07-27 23:30:33,B,173,907,505,8739
2026-07-27 23:30:33,F,119,1427,505,8739
2026-07-27 23:30:33,E,56,1289,505,8739
2026-07-27 23:30:33,A,56,3169,505,8739
2026-07-27 23:30:33,C,101,1947,505,8739
2026-07-28 00:00:44,B,156,924,484,8760
2026-07-28 00:00:44,F,115,1431,484,8760
2026-07-28 00:00:44,E,55,1290,484,8760
2026-07-28 00:00:44,A,53,3172,484,8760
2026-07-28 00:00:44,C,105,1943,484,8760
2026-07-28 00:02:59,B,150,930,476,8768
2026-07-28 00:02:59,F,114,1432,476,8768
2026-07-28 00:02:59,E,55,1290,476,8768
2026-07-28 00:02:59,A,53,3172,476,8768
2026-07-28 00:02:59,C,104,1944,476,8768
2026-07-28 00:30:35,B,136,944,451,8793
2026-07-28 00:30:35,F,120,1426,451,8793
2026-07-28 00:30:35,E,49,1296,451,8793
2026-07-28 00:30:35,A,52,3173,451,8793
2026-07-28 00:30:35,C,94,1954,451,8793
2026-07-28 01:00:46,B,70,1010,375,8869
2026-07-28 01:00:46,F,118,1428,375,8869
2026-07-28 01:00:46,E,45,1300,375,8869
2026-07-28 01:00:46,A,50,3175,375,8869
2026-07-28 01:00:46,C,92,1956,375,8869
2026-07-28 01:30:35,B,51,1029,346,8898
2026-07-28 01:30:35,F,117,1429,346,8898
2026-07-28 01:30:35,E,44,1301,346,8898
2026-07-28 01:30:35,A,48,3177,346,8898
2026-07-28 01:30:35,C,86,1962,346,8898
2026-07-28 02:00:44,B,44,1036,337,8907
2026-07-28 02:00:44,F,118,1428,337,8907
2026-07-28 02:00:44,E,45,1300,337,8907
2026-07-28 02:00:44,A,48,3177,337,8907
2026-07-28 02:00:44,C,82,1966,337,8907
2026-07-28 02:30:29,B,44,1036,340,8904
2026-07-28 02:30:29,F,119,1427,340,8904
2026-07-28 02:30:29,E,44,1301,340,8904
2026-07-28 02:30:29,A,48,3177,340,8904
2026-07-28 02:30:29,C,85,1963,340,8904
2026-07-28 02:36:28,B,44,1036,340,8904
2026-07-28 02:36:28,F,119,1427,340,8904
2026-07-28 02:36:28,E,44,1301,340,8904
2026-07-28 02:36:28,A,48,3177,340,8904
2026-07-28 02:36:28,C,85,1963,340,8904
2026-07-28 03:00:52,B,44,1036,336,8908
2026-07-28 03:00:52,F,117,1429,336,8908
2026-07-28 03:00:52,E,45,1300,336,8908
2026-07-28 03:00:52,A,47,3178,336,8908
2026-07-28 03:00:52,C,83,1965,336,8908
2026-07-28 03:30:44,B,43,1037,333,8911
2026-07-28 03:30:44,F,118,1428,333,8911
2026-07-28 03:30:44,E,45,1300,333,8911
2026-07-28 03:30:44,A,46,3179,333,8911
2026-07-28 03:30:44,C,81,1967,333,8911
2026-07-28 04:00:49,B,43,1037,337,8907
2026-07-28 04:00:49,F,119,1427,337,8907
2026-07-28 04:00:49,E,46,1299,337,8907
2026-07-28 04:00:49,A,46,3179,337,8907
2026-07-28 04:00:49,C,83,1965,337,8907
2026-07-28 04:16:31,B,43,1037,337,8907
2026-07-28 04:16:31,F,120,1426,337,8907
2026-07-28 04:16:31,E,45,1300,337,8907
2026-07-28 04:16:31,A,46,3179,337,8907
2026-07-28 04:16:31,C,83,1965,337,8907
2026-07-28 04:30:31,B,43,1037,337,8907
2026-07-28 04:30:31,F,120,1426,337,8907
2026-07-28 04:30:31,E,45,1300,337,8907
2026-07-28 04:30:31,A,46,3179,337,8907
2026-07-28 04:30:31,C,83,1965,337,8907
2026-07-28 05:00:47,B,43,1037,344,8900
2026-07-28 05:00:47,F,124,1422,344,8900
2026-07-28 05:00:47,E,46,1299,344,8900
2026-07-28 05:00:47,A,46,3179,344,8900
2026-07-28 05:00:47,C,85,1963,344,8900
2026-07-28 05:30:37,B,43,1037,357,8887
2026-07-28 05:30:37,F,127,1419,357,8887
2026-07-28 05:30:37,E,53,1292,357,8887
2026-07-28 05:30:37,A,48,3177,357,8887
2026-07-28 05:30:37,C,86,1962,357,8887
2026-07-28 06:00:14,B,42,1038,442,8802
2026-07-28 06:00:14,F,158,1388,442,8802
2026-07-28 06:00:14,E,72,1273,442,8802
2026-07-28 06:00:14,A,54,3171,442,8802
2026-07-28 06:00:14,C,116,1932,442,8802
2026-07-28 06:00:42,B,42,1038,446,8798
2026-07-28 06:00:42,F,158,1388,446,8798
2026-07-28 06:00:42,E,72,1273,446,8798
2026-07-28 06:00:42,A,56,3169,446,8798
2026-07-28 06:00:42,C,118,1930,446,8798
2026-07-28 06:30:30,B,42,1038,498,8746
2026-07-28 06:30:30,F,175,1371,498,8746
2026-07-28 06:30:30,E,86,1259,498,8746
2026-07-28 06:30:30,A,65,3160,498,8746
2026-07-28 06:30:30,C,130,1918,498,8746
2026-07-28 07:00:40,B,42,1038,674,8570
2026-07-28 07:00:40,F,211,1335,674,8570
2026-07-28 07:00:40,E,112,1233,674,8570
2026-07-28 07:00:40,A,106,3119,674,8570
2026-07-28 07:00:40,C,203,1845,674,8570
2026-07-28 07:30:35,B,42,1038,816,8428
2026-07-28 07:30:35,F,237,1309,816,8428
2026-07-28 07:30:35,E,129,1216,816,8428
2026-07-28 07:30:35,A,137,3088,816,8428
2026-07-28 07:30:35,C,271,1777,816,8428
2026-07-28 07:33:35,B,43,1037,843,8401
2026-07-28 07:33:35,F,242,1304,843,8401
2026-07-28 07:33:35,E,133,1212,843,8401
2026-07-28 07:33:35,A,141,3084,843,8401
2026-07-28 07:33:35,C,284,1764,843,8401
2026-07-28 08:00:39,B,42,1038,1119,8125
2026-07-28 08:00:39,F,293,1253,1119,8125
2026-07-28 08:00:39,E,196,1149,1119,8125
2026-07-28 08:00:39,A,173,3052,1119,8125
2026-07-28 08:00:39,C,415,1633,1119,8125
2026-07-28 08:30:32,B,42,1038,1575,7669
2026-07-28 08:30:32,F,381,1165,1575,7669
2026-07-28 08:30:32,E,267,1078,1575,7669
2026-07-28 08:30:32,A,236,2989,1575,7669
2026-07-28 08:30:32,C,649,1399,1575,7669
2026-07-28 08:46:13,B,42,1038,1861,7383
2026-07-28 08:46:13,F,463,1083,1861,7383
2026-07-28 08:46:13,E,327,1018,1861,7383
2026-07-28 08:46:13,A,291,2934,1861,7383
2026-07-28 08:46:13,C,738,1310,1861,7383
2026-07-28 09:00:38,B,101,979,2326,6918
2026-07-28 09:00:38,F,589,957,2326,6918
2026-07-28 09:00:38,E,421,924,2326,6918
2026-07-28 09:00:38,A,388,2837,2326,6918
2026-07-28 09:00:38,C,827,1221,2326,6918
2026-07-28 09:30:31,B,243,837,3356,5888
2026-07-28 09:30:31,F,844,702,3356,5888
2026-07-28 09:30:31,E,594,751,3356,5888
2026-07-28 09:30:31,A,630,2595,3356,5888
2026-07-28 09:30:31,C,1045,1003,3356,5888
2026-07-28 09:51:02,B,344,736,3897,5347
2026-07-28 09:51:02,F,984,562,3897,5347
2026-07-28 09:51:02,E,689,656,3897,5347
2026-07-28 09:51:02,A,754,2471,3897,5347
2026-07-28 09:51:02,C,1126,922,3897,5347
2026-07-28 10:00:40,B,368,712,4055,5189
2026-07-28 10:00:40,F,1018,528,4055,5189
2026-07-28 10:00:40,E,715,630,4055,5189
2026-07-28 10:00:40,A,799,2426,4055,5189
2026-07-28 10:00:40,C,1155,893,4055,5189
2026-07-28 10:30:30,B,535,545,4701,4543
2026-07-28 10:30:30,F,1130,416,4701,4543
2026-07-28 10:30:30,E,798,547,4701,4543
2026-07-28 10:30:30,A,975,2250,4701,4543
2026-07-28 10:30:30,C,1263,785,4701,4543
2026-07-28 11:00:36,B,642,438,5225,4019
2026-07-28 11:00:36,F,1234,312,5225,4019
2026-07-28 11:00:36,E,872,473,5225,4019
2026-07-28 11:00:36,A,1106,2119,5225,4019
2026-07-28 11:00:36,C,1371,677,5225,4019
2026-07-28 11:12:40,B,676,404,5363,3881
2026-07-28 11:12:40,F,1269,277,5363,3881
2026-07-28 11:12:40,E,899,446,5363,3881
2026-07-28 11:12:40,A,1118,2107,5363,3881
2026-07-28 11:12:40,C,1401,647,5363,3881
2026-07-28 11:30:32,B,718,362,5580,3664
2026-07-28 11:30:32,F,1287,259,5580,3664
2026-07-28 11:30:32,E,933,412,5580,3664
2026-07-28 11:30:32,A,1207,2018,5580,3664
2026-07-28 11:30:32,C,1435,613,5580,3664
2026-07-28 12:00:42,B,784,296,5953,3291
2026-07-28 12:00:42,F,1317,229,5953,3291
2026-07-28 12:00:42,E,1007,338,5953,3291
2026-07-28 12:00:42,A,1332,1893,5953,3291
2026-07-28 12:00:42,C,1513,535,5953,3291
2026-07-28 12:30:31,B,831,249,6198,3046
2026-07-28 12:30:31,F,1319,227,6198,3046
2026-07-28 12:30:31,E,1062,283,6198,3046
2026-07-28 12:30:31,A,1451,1774,6198,3046
2026-07-28 12:30:31,C,1535,513,6198,3046
2026-07-28 13:00:40,B,882,198,6272,2972
2026-07-28 13:00:40,F,1323,223,6272,2972
2026-07-28 13:00:40,E,1068,277,6272,2972
2026-07-28 13:00:40,A,1459,1766,6272,2972
2026-07-28 13:00:40,C,1540,508,6272,2972
2026-07-28 13:30:30,B,908,172,6278,2966
2026-07-28 13:30:30,F,1319,227,6278,2966
2026-07-28 13:30:30,E,1062,283,6278,2966
2026-07-28 13:30:30,A,1450,1775,6278,2966
2026-07-28 13:30:30,C,1539,509,6278,2966
2026-07-28 14:00:38,B,882,198,6131,3113
2026-07-28 14:00:38,F,1315,231,6131,3113
2026-07-28 14:00:38,E,1027,318,6131,3113
2026-07-28 14:00:38,A,1415,1810,6131,3113
2026-07-28 14:00:38,C,1492,556,6131,3113
2026-07-28 14:30:38,B,832,248,5850,3394
2026-07-28 14:30:38,F,1274,272,5850,3394
2026-07-28 14:30:38,E,960,385,5850,3394
2026-07-28 14:30:38,A,1353,1872,5850,3394
2026-07-28 14:30:38,C,1431,617,5850,3394
2026-07-28 14:32:16,B,823,257,5829,3415
2026-07-28 14:32:16,F,1270,276,5829,3415
2026-07-28 14:32:16,E,961,384,5829,3415
2026-07-28 14:32:16,A,1349,1876,5829,3415
2026-07-28 14:32:16,C,1426,622,5829,3415
2026-07-28 15:00:39,B,734,346,5420,3824
2026-07-28 15:00:39,F,1214,332,5420,3824
2026-07-28 15:00:39,E,870,475,5420,3824
2026-07-28 15:00:39,A,1241,1984,5420,3824
2026-07-28 15:00:39,C,1361,687,5420,3824
2026-07-28 15:30:30,B,667,413,5005,4239
2026-07-28 15:30:30,F,1135,411,5005,4239
2026-07-28 15:30:30,E,827,518,5005,4239
2026-07-28 15:30:30,A,1107,2118,5005,4239
2026-07-28 15:30:30,C,1269,779,5005,4239
2026-07-28 16:00:40,B,676,404,4784,4460
2026-07-28 16:00:40,F,1089,457,4784,4460
2026-07-28 16:00:40,E,805,540,4784,4460
2026-07-28 16:00:40,A,1003,2222,4784,4460
2026-07-28 16:00:40,C,1211,837,4784,4460
2026-07-28 16:30:36,B,630,450,4405,4839
2026-07-28 16:30:36,F,1023,523,4405,4839
2026-07-28 16:30:36,E,750,595,4405,4839
2026-07-28 16:30:36,A,890,2335,4405,4839
2026-07-28 16:30:36,C,1112,936,4405,4839
2026-07-28 17:00:45,B,617,463,3858,5386
2026-07-28 17:00:45,F,913,633,3858,5386
2026-07-28 17:00:45,E,624,721,3858,5386
2026-07-28 17:00:45,A,749,2476,3858,5386
2026-07-28 17:00:45,C,955,1093,3858,5386
2026-07-28 17:28:08,B,597,483,3244,6000
2026-07-28 17:28:08,F,797,749,3244,6000
2026-07-28 17:28:08,E,529,816,3244,6000
2026-07-28 17:28:08,A,603,2622,3244,6000
2026-07-28 17:28:08,C,718,1330,3244,6000
2026-07-28 17:30:41,B,586,494,3177,6067
2026-07-28 17:30:41,F,782,764,3177,6067
2026-07-28 17:30:41,E,512,833,3177,6067
2026-07-28 17:30:41,A,593,2632,3177,6067
2026-07-28 17:30:41,C,704,1344,3177,6067
2026-07-28 18:00:41,B,533,547,2253,6991
2026-07-28 18:00:41,F,511,1035,2253,6991
2026-07-28 18:00:41,E,402,943,2253,6991
2026-07-28 18:00:41,A,328,2897,2253,6991
2026-07-28 18:00:41,C,479,1569,2253,6991
2026-07-28 18:30:32,B,549,531,1814,7430
2026-07-28 18:30:32,F,390,1156,1814,7430
2026-07-28 18:30:32,E,335,1010,1814,7430
2026-07-28 18:30:32,A,178,3047,1814,7430
2026-07-28 18:30:32,C,362,1686,1814,7430
2026-07-28 19:00:48,B,579,501,1666,7578
2026-07-28 19:00:48,F,349,1197,1666,7578
2026-07-28 19:00:48,E,297,1048,1666,7578
2026-07-28 19:00:48,A,135,3090,1666,7578
2026-07-28 19:00:48,C,306,1742,1666,7578
2026-07-28 19:30:33,B,599,481,1554,7690
2026-07-28 19:30:33,F,332,1214,1554,7690
2026-07-28 19:30:33,E,254,1091,1554,7690
2026-07-28 19:30:33,A,115,3110,1554,7690
2026-07-28 19:30:33,C,254,1794,1554,7690
2026-07-28 20:00:50,B,614,466,1461,7783
2026-07-28 20:00:50,F,310,1236,1461,7783
2026-07-28 20:00:50,E,208,1137,1461,7783
2026-07-28 20:00:50,A,107,3118,1461,7783
2026-07-28 20:00:50,C,222,1826,1461,7783
2026-07-28 20:03:56,B,610,470,1451,7793
2026-07-28 20:03:56,F,313,1233,1451,7793
2026-07-28 20:03:56,E,202,1143,1451,7793
2026-07-28 20:03:56,A,106,3119,1451,7793
2026-07-28 20:03:56,C,220,1828,1451,7793
2026-07-28 20:30:35,B,582,498,1336,7908
2026-07-28 20:30:35,F,284,1262,1336,7908
2026-07-28 20:30:35,E,184,1161,1336,7908
2026-07-28 20:30:35,A,100,3125,1336,7908
2026-07-28 20:30:35,C,186,1862,1336,7908
2026-07-28 21:00:45,B,521,559,1207,8037
2026-07-28 21:00:45,F,262,1284,1207,8037
2026-07-28 21:00:45,E,147,1198,1207,8037
2026-07-28 21:00:45,A,92,3133,1207,8037
2026-07-28 21:00:45,C,185,1863,1207,8037
2026-07-28 21:30:43,B,362,718,914,8330
2026-07-28 21:30:43,F,224,1322,914,8330
2026-07-28 21:30:43,E,104,1241,914,8330
2026-07-28 21:30:43,A,72,3153,914,8330
2026-07-28 21:30:43,C,152,1896,914,8330
2026-07-28 22:00:54,B,352,728,846,8398
2026-07-28 22:00:54,F,208,1338,846,8398
2026-07-28 22:00:54,E,84,1261,846,8398
2026-07-28 22:00:54,A,63,3162,846,8398
2026-07-28 22:00:54,C,139,1909,846,8398
2026-07-28 22:17:44,B,320,760,770,8474
2026-07-28 22:17:44,F,190,1356,770,8474
2026-07-28 22:17:44,E,77,1268,770,8474
2026-07-28 22:17:44,A,56,3169,770,8474
2026-07-28 22:17:44,C,127,1921,770,8474
2026-07-28 22:30:39,B,314,766,746,8498
2026-07-28 22:30:39,F,187,1359,746,8498
2026-07-28 22:30:39,E,72,1273,746,8498
2026-07-28 22:30:39,A,54,3171,746,8498
2026-07-28 22:30:39,C,119,1929,746,8498
2026-07-28 23:00:48,B,286,794,703,8541
2026-07-28 23:00:48,F,180,1366,703,8541
2026-07-28 23:00:48,E,67,1278,703,8541
2026-07-28 23:00:48,A,54,3171,703,8541
2026-07-28 23:00:48,C,116,1932,703,8541
2026-07-28 23:30:41,B,229,851,616,8628
2026-07-28 23:30:41,F,170,1376,616,8628
2026-07-28 23:30:41,E,57,1288,616,8628
2026-07-28 23:30:41,A,52,3173,616,8628
2026-07-28 23:30:41,C,108,1940,616,8628
2026-07-29 00:00:47,B,202,878,593,8651
2026-07-29 00:00:47,F,170,1376,593,8651
2026-07-29 00:00:47,E,54,1291,593,8651
2026-07-29 00:00:47,A,52,3173,593,8651
2026-07-29 00:00:47,C,115,1933,593,8651
2026-07-29 00:30:44,B,156,924,532,8712
2026-07-29 00:30:44,F,167,1379,532,8712
2026-07-29 00:30:44,E,52,1293,532,8712
2026-07-29 00:30:44,A,50,3175,532,8712
2026-07-29 00:30:44,C,107,1941,532,8712
2026-07-29 00:46:13,B,151,929,524,8720
2026-07-29 00:46:13,F,167,1379,524,8720
2026-07-29 00:46:13,E,52,1293,524,8720
2026-07-29 00:46:13,A,48,3177,524,8720
2026-07-29 00:46:13,C,106,1942,524,8720
2026-07-29 01:00:49,B,82,998,446,8798
2026-07-29 01:00:49,F,165,1381,446,8798
2026-07-29 01:00:49,E,51,1294,446,8798
2026-07-29 01:00:49,A,50,3175,446,8798
2026-07-29 01:00:49,C,98,1950,446,8798
2026-07-29 01:30:33,B,45,1035,394,8850
2026-07-29 01:30:33,F,160,1386,394,8850
2026-07-29 01:30:33,E,52,1293,394,8850
2026-07-29 01:30:33,A,46,3179,394,8850
2026-07-29 01:30:33,C,91,1957,394,8850
2026-07-29 02:00:40,B,43,1037,388,8856
2026-07-29 02:00:40,F,159,1387,388,8856
2026-07-29 02:00:40,E,49,1296,388,8856
2026-07-29 02:00:40,A,46,3179,388,8856
2026-07-29 02:00:40,C,91,1957,388,8856
2026-07-29 02:26:21,B,44,1036,389,8855
2026-07-29 02:26:21,F,160,1386,389,8855
2026-07-29 02:26:21,E,48,1297,389,8855
2026-07-29 02:26:21,A,45,3180,389,8855
2026-07-29 02:26:21,C,92,1956,389,8855
2026-07-29 03:00:38,B,44,1036,387,8857
2026-07-29 03:00:38,F,159,1387,387,8857
2026-07-29 03:00:38,E,50,1295,387,8857
2026-07-29 03:00:38,A,42,3183,387,8857
2026-07-29 03:00:38,C,92,1956,387,8857
2026-07-29 03:30:36,B,43,1037,386,8858
2026-07-29 03:30:36,F,160,1386,386,8858
2026-07-29 03:30:36,E,50,1295,386,8858
2026-07-29 03:30:36,A,42,3183,386,8858
2026-07-29 03:30:36,C,91,1957,386,8858
2026-07-29 03:49:02,B,43,1037,383,8861
2026-07-29 03:49:02,F,159,1387,383,8861
2026-07-29 03:49:02,E,49,1296,383,8861
2026-07-29 03:49:02,A,42,3183,383,8861
2026-07-29 03:49:02,C,90,1958,383,8861
2026-07-29 04:00:48,B,42,1038,381,8863
2026-07-29 04:00:48,F,159,1387,381,8863
2026-07-29 04:00:48,E,49,1296,381,8863
2026-07-29 04:00:48,A,41,3184,381,8863
2026-07-29 04:00:48,C,90,1958,381,8863
2026-07-29 04:30:38,B,42,1038,382,8862
2026-07-29 04:30:38,F,159,1387,382,8862
2026-07-29 04:30:38,E,49,1296,382,8862
2026-07-29 04:30:38,A,42,3183,382,8862
2026-07-29 04:30:38,C,90,1958,382,8862
2026-07-29 05:00:38,B,42,1038,385,8859
2026-07-29 05:00:38,F,162,1384,385,8859
2026-07-29 05:00:38,E,49,1296,385,8859
2026-07-29 05:00:38,A,41,3184,385,8859
2026-07-29 05:00:38,C,91,1957,385,8859
2026-07-29 05:30:38,B,43,1037,392,8852
2026-07-29 05:30:38,F,166,1380,392,8852
2026-07-29 05:30:38,E,53,1292,392,8852
2026-07-29 05:30:38,A,42,3183,392,8852
2026-07-29 05:30:38,C,88,1960,392,8852
2026-07-29 06:00:36,B,42,1038,470,8774
2026-07-29 06:00:36,F,193,1353,470,8774
2026-07-29 06:00:36,E,74,1271,470,8774
2026-07-29 06:00:36,A,52,3173,470,8774
2026-07-29 06:00:36,C,109,1939,470,8774
2026-07-29 06:30:36,B,41,1039,543,8701
2026-07-29 06:30:36,F,213,1333,543,8701
2026-07-29 06:30:36,E,98,1247,543,8701
2026-07-29 06:30:36,A,60,3165,543,8701
2026-07-29 06:30:36,C,131,1917,543,8701
2026-07-29 06:37:39,B,41,1039,546,8698
2026-07-29 06:37:39,F,214,1332,546,8698
2026-07-29 06:37:39,E,105,1240,546,8698
2026-07-29 06:37:39,A,61,3164,546,8698
2026-07-29 06:37:39,C,125,1923,546,8698
2026-07-29 07:00:36,B,43,1037,716,8528
2026-07-29 07:00:36,F,261,1285,716,8528
2026-07-29 07:00:36,E,135,1210,716,8528
2026-07-29 07:00:36,A,85,3140,716,8528
2026-07-29 07:00:36,C,192,1856,716,8528
2026-07-29 07:30:35,B,42,1038,861,8383
2026-07-29 07:30:35,F,289,1257,861,8383
2026-07-29 07:30:35,E,163,1182,861,8383
2026-07-29 07:30:35,A,116,3109,861,8383
2026-07-29 07:30:35,C,251,1797,861,8383
2026-07-29 07:52:34,B,42,1038,1049,8195
2026-07-29 07:52:34,F,313,1233,1049,8195
2026-07-29 07:52:34,E,207,1138,1049,8195
2026-07-29 07:52:34,A,150,3075,1049,8195
2026-07-29 07:52:34,C,337,1711,1049,8195
2026-07-29 08:00:44,B,41,1039,1147,8097
2026-07-29 08:00:44,F,334,1212,1147,8097
2026-07-29 08:00:44,E,226,1119,1147,8097
2026-07-29 08:00:44,A,165,3060,1147,8097
2026-07-29 08:00:44,C,381,1667,1147,8097
2026-07-29 08:30:32,B,42,1038,1584,7660
2026-07-29 08:30:32,F,423,1123,1584,7660
2026-07-29 08:30:32,E,319,1026,1584,7660
2026-07-29 08:30:32,A,240,2985,1584,7660
2026-07-29 08:30:32,C,560,1488,1584,7660
2026-07-29 08:46:15,B,44,1036,1899,7345
2026-07-29 08:46:15,F,504,1042,1899,7345
2026-07-29 08:46:15,E,379,966,1899,7345
2026-07-29 08:46:15,A,310,2915,1899,7345
2026-07-29 08:46:15,C,662,1386,1899,7345
2026-07-29 09:00:45,B,93,987,2319,6925
2026-07-29 09:00:45,F,609,937,2319,6925
2026-07-29 09:00:45,E,450,895,2319,6925
2026-07-29 09:00:45,A,395,2830,2319,6925
2026-07-29 09:00:45,C,772,1276,2319,6925
2026-07-29 09:30:31,B,224,856,3388,5856
2026-07-29 09:30:31,F,882,664,3388,5856
2026-07-29 09:30:31,E,621,724,3388,5856
2026-07-29 09:30:31,A,637,2588,3388,5856
2026-07-29 09:30:31,C,1024,1024,3388,5856
2026-07-29 09:46:09,B,333,747,3870,5374
2026-07-29 09:46:09,F,973,573,3870,5374
2026-07-29 09:46:09,E,679,666,3870,5374
2026-07-29 09:46:09,A,765,2460,3870,5374
2026-07-29 09:46:09,C,1120,928,3870,5374
2026-07-29 10:00:40,B,427,653,4278,4966
2026-07-29 10:00:40,F,1077,469,4278,4966
2026-07-29 10:00:40,E,721,624,4278,4966
2026-07-29 10:00:40,A,856,2369,4278,4966
2026-07-29 10:00:40,C,1197,851,4278,4966
2026-07-29 10:30:32,B,585,495,4963,4281
2026-07-29 10:30:32,F,1208,338,4963,4281
2026-07-29 10:30:32,E,819,526,4963,4281
2026-07-29 10:30:32,A,1033,2192,4963,4281
2026-07-29 10:30:32,C,1318,730,4963,4281
2026-07-29 11:00:43,B,713,367,5515,3729
2026-07-29 11:00:43,F,1298,248,5515,3729
2026-07-29 11:00:43,E,864,481,5515,3729
2026-07-29 11:00:43,A,1231,1994,5515,3729
2026-07-29 11:00:43,C,1409,639,5515,3729
2026-07-29 11:15:17,B,777,303,5756,3488
2026-07-29 11:15:17,F,1316,230,5756,3488
2026-07-29 11:15:17,E,904,441,5756,3488
2026-07-29 11:15:17,A,1298,1927,5756,3488
2026-07-29 11:15:17,C,1461,587,5756,3488
2026-07-29 11:30:30,B,810,270,5918,3326
2026-07-29 11:30:30,F,1320,226,5918,3326
2026-07-29 11:30:30,E,918,427,5918,3326
2026-07-29 11:30:30,A,1352,1873,5918,3326
2026-07-29 11:30:30,C,1518,530,5918,3326
2026-07-29 12:00:39,B,877,203,6182,3062
2026-07-29 12:00:39,F,1324,222,6182,3062
2026-07-29 12:00:39,E,958,387,6182,3062
2026-07-29 12:00:39,A,1455,1770,6182,3062
2026-07-29 12:00:39,C,1568,480,6182,3062
2026-07-29 12:30:36,B,934,146,6446,2798
2026-07-29 12:30:36,F,1328,218,6446,2798
2026-07-29 12:30:36,E,1012,333,6446,2798
2026-07-29 12:30:36,A,1555,1670,6446,2798
2026-07-29 12:30:36,C,1617,431,6446,2798
2026-07-29 13:00:41,B,952,128,6530,2714
2026-07-29 13:00:41,F,1318,228,6530,2714
2026-07-29 13:00:41,E,1036,309,6530,2714
2026-07-29 13:00:41,A,1594,1631,6530,2714
2026-07-29 13:00:41,C,1630,418,6530,2714
2026-07-29 13:30:30,B,962,118,6504,2740
2026-07-29 13:30:30,F,1320,226,6504,2740
2026-07-29 13:30:30,E,1009,336,6504,2740
2026-07-29 13:30:30,A,1611,1614,6504,2740
2026-07-29 13:30:30,C,1602,446,6504,2740
2026-07-29 14:00:38,B,952,128,6380,2864
2026-07-29 14:00:38,F,1310,236,6380,2864
2026-07-29 14:00:38,E,988,357,6380,2864
2026-07-29 14:00:38,A,1575,1650,6380,2864
2026-07-29 14:00:38,C,1555,493,6380,2864
2026-07-29 14:30:29,B,916,164,6168,3076
2026-07-29 14:30:29,F,1282,264,6168,3076
2026-07-29 14:30:29,E,947,398,6168,3076
2026-07-29 14:30:29,A,1507,1718,6168,3076
2026-07-29 14:30:29,C,1516,532,6168,3076
2026-07-29 14:38:00,B,890,190,6054,3190
2026-07-29 14:38:00,F,1272,274,6054,3190
2026-07-29 14:38:00,E,929,416,6054,3190
2026-07-29 14:38:00,A,1458,1767,6054,3190
2026-07-29 14:38:00,C,1505,543,6054,3190
2026-07-29 15:00:37,B,817,263,5763,3481
2026-07-29 15:00:37,F,1229,317,5763,3481
2026-07-29 15:00:37,E,924,421,5763,3481
2026-07-29 15:00:37,A,1356,1869,5763,3481
2026-07-29 15:00:37,C,1437,611,5763,3481
2026-07-29 15:30:29,B,728,352,5296,3948
2026-07-29 15:30:29,F,1157,389,5296,3948
2026-07-29 15:30:29,E,871,474,5296,3948
2026-07-29 15:30:29,A,1205,2020,5296,3948
2026-07-29 15:30:29,C,1335,713,5296,3948
2026-07-29 16:00:36,B,704,376,4983,4261
2026-07-29 16:00:36,F,1114,432,4983,4261
2026-07-29 16:00:36,E,845,500,4983,4261
2026-07-29 16:00:36,A,1078,2147,4983,4261
2026-07-29 16:00:36,C,1242,806,4983,4261
2026-07-29 16:30:29,B,679,401,4590,4654
2026-07-29 16:30:29,F,1039,507,4590,4654
2026-07-29 16:30:29,E,789,556,4590,4654
2026-07-29 16:30:29,A,960,2265,4590,4654
2026-07-29 16:30:29,C,1123,925,4590,4654
2026-07-29 17:00:47,B,655,425,4168,5076
2026-07-29 17:00:47,F,953,593,4168,5076
2026-07-29 17:00:47,E,705,640,4168,5076
2026-07-29 17:00:47,A,839,2386,4168,5076
2026-07-29 17:00:47,C,1016,1032,4168,5076
2026-07-29 17:30:37,B,610,470,3320,5924
2026-07-29 17:30:37,F,783,763,3320,5924
2026-07-29 17:30:37,E,578,767,3320,5924
2026-07-29 17:30:37,A,591,2634,3320,5924
2026-07-29 17:30:37,C,758,1290,3320,5924
2026-07-29 17:34:21,B,595,485,3217,6027
2026-07-29 17:34:21,F,753,793,3217,6027
2026-07-29 17:34:21,E,556,789,3217,6027
2026-07-29 17:34:21,A,579,2646,3217,6027
2026-07-29 17:34:21,C,734,1314,3217,6027
2026-07-29 18:00:44,B,586,494,2442,6802
2026-07-29 18:00:44,F,520,1026,2442,6802
2026-07-29 18:00:44,E,453,892,2442,6802
2026-07-29 18:00:44,A,340,2885,2442,6802
2026-07-29 18:00:44,C,543,1505,2442,6802
2026-07-29 18:30:33,B,570,510,1930,7314
2026-07-29 18:30:33,F,411,1135,1930,7314
2026-07-29 18:30:33,E,383,962,1930,7314
2026-07-29 18:30:33,A,180,3045,1930,7314
2026-07-29 18:30:33,C,386,1662,1930,7314
2026-07-29 19:00:38,B,556,524,1679,7565
2026-07-29 19:00:38,F,357,1189,1679,7565
2026-07-29 19:00:38,E,326,1019,1679,7565
2026-07-29 19:00:38,A,127,3098,1679,7565
2026-07-29 19:00:38,C,313,1735,1679,7565
2026-07-29 19:30:31,B,540,540,1508,7736
2026-07-29 19:30:31,F,329,1217,1508,7736
2026-07-29 19:30:31,E,280,1065,1508,7736
2026-07-29 19:30:31,A,110,3115,1508,7736
2026-07-29 19:30:31,C,249,1799,1508,7736
2026-07-29 20:00:36,B,523,557,1409,7835
2026-07-29 20:00:36,F,319,1227,1409,7835
2026-07-29 20:00:36,E,244,1101,1409,7835
2026-07-29 20:00:36,A,99,3126,1409,7835
2026-07-29 20:00:36,C,224,1824,1409,7835
2026-07-29 20:23:15,B,485,595,1298,7946
2026-07-29 20:23:15,F,301,1245,1298,7946
2026-07-29 20:23:15,E,220,1125,1298,7946
2026-07-29 20:23:15,A,86,3139,1298,7946
2026-07-29 20:23:15,C,206,1842,1298,7946
2026-07-29 20:30:33,B,475,605,1259,7985
2026-07-29 20:30:33,F,292,1254,1259,7985
2026-07-29 20:30:33,E,212,1133,1259,7985
2026-07-29 20:30:33,A,82,3143,1259,7985
2026-07-29 20:30:33,C,198,1850,1259,7985
2026-07-29 21:00:41,B,425,655,1068,8176
2026-07-29 21:00:41,F,242,1304,1068,8176
2026-07-29 21:00:41,E,153,1192,1068,8176
2026-07-29 21:00:41,A,67,3158,1068,8176
2026-07-29 21:00:41,C,181,1867,1068,8176
2026-07-29 21:30:31,B,293,787,818,8426
2026-07-29 21:30:31,F,203,1343,818,8426
2026-07-29 21:30:31,E,109,1236,818,8426
2026-07-29 21:30:31,A,61,3164,818,8426
2026-07-29 21:30:31,C,152,1896,818,8426
2026-07-29 22:00:44,B,253,827,707,8537
2026-07-29 22:00:44,F,179,1367,707,8537
2026-07-29 22:00:44,E,93,1252,707,8537
2026-07-29 22:00:44,A,54,3171,707,8537
2026-07-29 22:00:44,C,128,1920,707,8537
2026-07-29 22:30:37,B,213,867,602,8642
2026-07-29 22:30:37,F,161,1385,602,8642
2026-07-29 22:30:37,E,71,1274,602,8642
2026-07-29 22:30:37,A,53,3172,602,8642
2026-07-29 22:30:37,C,104,1944,602,8642
2026-07-29 23:00:44,B,201,879,578,8666
2026-07-29 23:00:44,F,157,1389,578,8666
2026-07-29 23:00:44,E,70,1275,578,8666
2026-07-29 23:00:44,A,51,3174,578,8666
2026-07-29 23:00:44,C,99,1949,578,8666
2026-07-29 23:30:40,B,175,905,536,8708
2026-07-29 23:30:40,F,152,1394,536,8708
2026-07-29 23:30:40,E,65,1280,536,8708
2026-07-29 23:30:40,A,50,3175,536,8708
2026-07-29 23:30:40,C,94,1954,536,8708
2026-07-30 00:00:46,B,150,930,508,8736
2026-07-30 00:00:46,F,147,1399,508,8736
2026-07-30 00:00:46,E,63,1282,508,8736
2026-07-30 00:00:46,A,50,3175,508,8736
2026-07-30 00:00:46,C,98,1950,508,8736
2026-07-30 00:30:38,B,123,957,466,8778
2026-07-30 00:30:38,F,140,1406,466,8778
2026-07-30 00:30:38,E,60,1285,466,8778
2026-07-30 00:30:38,A,48,3177,466,8778
2026-07-30 00:30:38,C,95,1953,466,8778
2026-07-30 00:37:13,B,122,958,461,8783
2026-07-30 00:37:13,F,141,1405,461,8783
2026-07-30 00:37:13,E,58,1287,461,8783
2026-07-30 00:37:13,A,46,3179,461,8783
2026-07-30 00:37:13,C,94,1954,461,8783
2026-07-30 01:00:39,B,70,1010,411,8833
2026-07-30 01:00:39,F,148,1398,411,8833
2026-07-30 01:00:39,E,55,1290,411,8833
2026-07-30 01:00:39,A,48,3177,411,8833
2026-07-30 01:00:39,C,90,1958,411,8833
2026-07-30 01:30:40,B,49,1031,377,8867
2026-07-30 01:30:40,F,145,1401,377,8867
2026-07-30 01:30:40,E,52,1293,377,8867
2026-07-30 01:30:40,A,48,3177,377,8867
2026-07-30 01:30:40,C,83,1965,377,8867
2026-07-30 02:00:37,B,50,1030,374,8870
2026-07-30 02:00:37,F,144,1402,374,8870
2026-07-30 02:00:37,E,50,1295,374,8870
2026-07-30 02:00:37,A,48,3177,374,8870
2026-07-30 02:00:37,C,82,1966,374,8870
2026-07-30 02:13:38,B,49,1031,373,8871
2026-07-30 02:13:38,F,143,1403,373,8871
2026-07-30 02:13:38,E,50,1295,373,8871
2026-07-30 02:13:38,A,48,3177,373,8871
2026-07-30 02:13:38,C,83,1965,373,8871
2026-07-30 02:30:40,B,49,1031,372,8872
2026-07-30 02:30:40,F,142,1404,372,8872
2026-07-30 02:30:40,E,50,1295,372,8872
2026-07-30 02:30:40,A,48,3177,372,8872
2026-07-30 02:30:40,C,83,1965,372,8872
2026-07-30 03:00:39,B,49,1031,369,8875
2026-07-30 03:00:39,F,143,1403,369,8875
2026-07-30 03:00:39,E,49,1296,369,8875
2026-07-30 03:00:39,A,46,3179,369,8875
2026-07-30 03:00:39,C,82,1966,369,8875
2026-07-30 03:30:31,B,49,1031,366,8878
2026-07-30 03:30:31,F,143,1403,366,8878
2026-07-30 03:30:31,E,49,1296,366,8878
2026-07-30 03:30:31,A,46,3179,366,8878
2026-07-30 03:30:31,C,79,1969,366,8878
2026-07-30 03:43:48,B,49,1031,369,8875
2026-07-30 03:43:48,F,142,1404,369,8875
2026-07-30 03:43:48,E,49,1296,369,8875
2026-07-30 03:43:48,A,47,3178,369,8875
2026-07-30 03:43:48,C,82,1966,369,8875
2026-07-30 04:00:39,B,48,1032,369,8875
2026-07-30 04:00:39,F,142,1404,369,8875
2026-07-30 04:00:39,E,50,1295,369,8875
2026-07-30 04:00:39,A,47,3178,369,8875
2026-07-30 04:00:39,C,82,1966,369,8875
2026-07-30 04:30:32,B,48,1032,369,8875
2026-07-30 04:30:32,F,142,1404,369,8875
2026-07-30 04:30:32,E,50,1295,369,8875
2026-07-30 04:30:32,A,46,3179,369,8875
2026-07-30 04:30:32,C,83,1965,369,8875
2026-07-30 04:45:45,B,47,1033,368,8876
2026-07-30 04:45:45,F,143,1403,368,8876
2026-07-30 04:45:45,E,50,1295,368,8876
2026-07-30 04:45:45,A,46,3179,368,8876
2026-07-30 04:45:45,C,82,1966,368,8876
2026-07-30 05:00:59,B,48,1032,370,8874
2026-07-30 05:00:59,F,144,1402,370,8874
2026-07-30 05:00:59,E,50,1295,370,8874
2026-07-30 05:00:59,A,45,3180,370,8874
2026-07-30 05:00:59,C,83,1965,370,8874
2026-07-30 05:30:32,B,48,1032,387,8857
2026-07-30 05:30:32,F,153,1393,387,8857
2026-07-30 05:30:32,E,53,1292,387,8857
2026-07-30 05:30:32,A,45,3180,387,8857
2026-07-30 05:30:32,C,88,1960,387,8857
2026-07-30 06:00:47,B,47,1033,483,8761
2026-07-30 06:00:47,F,183,1363,483,8761
2026-07-30 06:00:47,E,77,1268,483,8761
2026-07-30 06:00:47,A,61,3164,483,8761
2026-07-30 06:00:47,C,115,1933,483,8761
2026-07-30 06:04:54,B,48,1032,491,8753
2026-07-30 06:04:54,F,186,1360,491,8753
2026-07-30 06:04:54,E,78,1267,491,8753
2026-07-30 06:04:54,A,61,3164,491,8753
2026-07-30 06:04:54,C,118,1930,491,8753
2026-07-30 06:30:31,B,48,1032,542,8702
2026-07-30 06:30:31,F,206,1340,542,8702
2026-07-30 06:30:31,E,86,1259,542,8702
2026-07-30 06:30:31,A,68,3157,542,8702
2026-07-30 06:30:31,C,134,1914,542,8702
2026-07-30 07:00:39,B,49,1031,692,8552
2026-07-30 07:00:39,F,252,1294,692,8552
2026-07-30 07:00:39,E,116,1229,692,8552
2026-07-30 07:00:39,A,96,3129,692,8552
2026-07-30 07:00:39,C,179,1869,692,8552
2026-07-30 07:23:35,B,48,1032,792,8452
2026-07-30 07:23:35,F,275,1271,792,8452
2026-07-30 07:23:35,E,137,1208,792,8452
2026-07-30 07:23:35,A,117,3108,792,8452
2026-07-30 07:23:35,C,215,1833,792,8452
2026-07-30 07:30:38,B,48,1032,827,8417
2026-07-30 07:30:38,F,288,1258,827,8417
2026-07-30 07:30:38,E,141,1204,827,8417
2026-07-30 07:30:38,A,123,3102,827,8417
2026-07-30 07:30:38,C,227,1821,827,8417
2026-07-30 08:00:46,B,48,1032,1049,8195
2026-07-30 08:00:46,F,323,1223,1049,8195
2026-07-30 08:00:46,E,187,1158,1049,8195
2026-07-30 08:00:46,A,160,3065,1049,8195
2026-07-30 08:00:46,C,331,1717,1049,8195
2026-07-30 09:00:36,B,96,984,2186,7058
2026-07-30 09:00:36,F,595,951,2186,7058
2026-07-30 09:00:36,E,385,960,2186,7058
2026-07-30 09:00:36,A,396,2829,2186,7058
2026-07-30 09:00:36,C,714,1334,2186,7058
2026-07-30 09:27:42,B,250,830,3015,6229
2026-07-30 09:27:42,F,801,745,3015,6229
2026-07-30 09:27:42,E,521,824,3015,6229
2026-07-30 09:27:42,A,571,2654,3015,6229
2026-07-30 09:27:42,C,872,1176,3015,6229
2026-07-30 09:30:31,B,263,817,3115,6129
2026-07-30 09:30:31,F,825,721,3115,6129
2026-07-30 09:30:31,E,533,812,3115,6129
2026-07-30 09:30:31,A,598,2627,3115,6129
2026-07-30 09:30:31,C,896,1152,3115,6129
2026-07-30 10:00:40,B,422,658,3897,5347
2026-07-30 10:00:40,F,989,557,3897,5347
2026-07-30 10:00:40,E,640,705,3897,5347
2026-07-30 10:00:40,A,806,2419,3897,5347
2026-07-30 10:00:40,C,1040,1008,3897,5347
2026-07-30 10:30:30,B,562,518,4502,4742
2026-07-30 10:30:30,F,1088,458,4502,4742
2026-07-30 10:30:30,E,755,590,4502,4742
2026-07-30 10:30:30,A,972,2253,4502,4742
2026-07-30 10:30:30,C,1125,923,4502,4742
2026-07-30 10:52:36,B,619,461,4827,4417
2026-07-30 10:52:36,F,1129,417,4827,4417
2026-07-30 10:52:36,E,797,548,4827,4417
2026-07-30 10:52:36,A,1108,2117,4827,4417
2026-07-30 10:52:36,C,1174,874,4827,4417
2026-07-30 11:00:45,B,668,412,5040,4204
2026-07-30 11:00:45,F,1171,375,5040,4204
2026-07-30 11:00:45,E,819,526,5040,4204
2026-07-30 11:00:45,A,1179,2046,5040,4204
2026-07-30 11:00:45,C,1203,845,5040,4204
2026-07-30 11:30:32,B,742,338,5483,3761
2026-07-30 11:30:32,F,1251,295,5483,3761
2026-07-30 11:30:32,E,885,460,5483,3761
2026-07-30 11:30:32,A,1318,1907,5483,3761
2026-07-30 11:30:32,C,1287,761,5483,3761
2026-07-30 12:00:39,B,867,213,6014,3230
2026-07-30 12:00:39,F,1305,241,6014,3230
2026-07-30 12:00:39,E,966,379,6014,3230
2026-07-30 12:00:39,A,1498,1727,6014,3230
2026-07-30 12:00:39,C,1378,670,6014,3230
2026-07-30 13:00:38,B,972,108,6566,2678
2026-07-30 13:00:38,F,1317,229,6566,2678
2026-07-30 13:00:38,E,1051,294,6566,2678
2026-07-30 13:00:38,A,1730,1495,6566,2678
2026-07-30 13:00:38,C,1496,552,6566,2678
2026-07-30 13:30:32,B,986,94,6654,2590
2026-07-30 13:30:32,F,1314,232,6654,2590
2026-07-30 13:30:32,E,1073,272,6654,2590
2026-07-30 13:30:32,A,1751,1474,6654,2590
2026-07-30 13:30:32,C,1530,518,6654,2590
2026-07-30 13:47:37,B,981,99,6668,2576
2026-07-30 13:47:37,F,1311,235,6668,2576
2026-07-30 13:47:37,E,1069,276,6668,2576
2026-07-30 13:47:37,A,1778,1447,6668,2576
2026-07-30 13:47:37,C,1529,519,6668,2576
2026-07-30 14:00:37,B,981,99,6661,2583
2026-07-30 14:00:37,F,1318,228,6661,2583
2026-07-30 14:00:37,E,1058,287,6661,2583
2026-07-30 14:00:37,A,1769,1456,6661,2583
2026-07-30 14:00:37,C,1535,513,6661,2583
2026-07-30 14:30:38,B,956,124,6441,2803
2026-07-30 14:30:38,F,1304,242,6441,2803
2026-07-30 14:30:38,E,1026,319,6441,2803
2026-07-30 14:30:38,A,1674,1551,6441,2803
2026-07-30 14:30:38,C,1481,567,6441,2803
2026-07-30 15:00:36,B,910,170,6102,3142
2026-07-30 15:00:36,F,1274,272,6102,3142
2026-07-30 15:00:36,E,956,389,6102,3142
2026-07-30 15:00:36,A,1558,1667,6102,3142
2026-07-30 15:00:36,C,1404,644,6102,3142
2026-07-30 15:30:29,B,838,242,5693,3551
2026-07-30 15:30:29,F,1212,334,5693,3551
2026-07-30 15:30:29,E,889,456,5693,3551
2026-07-30 15:30:29,A,1440,1785,5693,3551
2026-07-30 15:30:29,C,1314,734,5693,3551
2026-07-30 16:00:37,B,823,257,5445,3799
2026-07-30 16:00:37,F,1172,374,5445,3799
2026-07-30 16:00:37,E,849,496,5445,3799
2026-07-30 16:00:37,A,1363,1862,5445,3799
2026-07-30 16:00:37,C,1238,810,5445,3799
2026-07-30 16:14:34,B,833,247,5307,3937
2026-07-30 16:14:34,F,1149,397,5307,3937
2026-07-30 16:14:34,E,833,512,5307,3937
2026-07-30 16:14:34,A,1274,1951,5307,3937
2026-07-30 16:14:34,C,1218,830,5307,3937
2026-07-30 16:30:31,B,835,245,5204,4040
2026-07-30 16:30:31,F,1138,408,5204,4040
2026-07-30 16:30:31,E,816,529,5204,4040
2026-07-30 16:30:31,A,1231,1994,5204,4040
2026-07-30 16:30:31,C,1184,864,5204,4040
2026-07-30 17:30:37,B,944,136,4926,4318
2026-07-30 17:30:37,F,1075,471,4926,4318
2026-07-30 17:30:37,E,768,577,4926,4318
2026-07-30 17:30:37,A,1150,2075,4926,4318
2026-07-30 17:30:37,C,989,1059,4926,4318
2026-07-30 18:00:39,B,981,99,5004,4240
2026-07-30 18:00:39,F,1082,464,5004,4240
2026-07-30 18:00:39,E,779,566,5004,4240
2026-07-30 18:00:39,A,1209,2016,5004,4240
2026-07-30 18:00:39,C,953,1095,5004,4240
2026-07-30 18:30:33,B,997,83,5147,4097
2026-07-30 18:30:33,F,1074,472,5147,4097
2026-07-30 18:30:33,E,796,549,5147,4097
2026-07-30 18:30:33,A,1270,1955,5147,4097
2026-07-30 18:30:33,C,1010,1038,5147,4097
2026-07-30 19:00:43,B,996,84,5368,3876
2026-07-30 19:00:43,F,1126,420,5368,3876
2026-07-30 19:00:43,E,842,503,5368,3876
2026-07-30 19:00:43,A,1376,1849,5368,3876
2026-07-30 19:00:43,C,1028,1020,5368,3876
2026-07-30 19:08:15,B,998,82,5384,3860
2026-07-30 19:08:15,F,1126,420,5384,3860
2026-07-30 19:08:15,E,832,513,5384,3860
2026-07-30 19:08:15,A,1391,1834,5384,3860
2026-07-30 19:08:15,C,1037,1011,5384,3860
2026-07-30 19:30:30,B,994,86,5337,3907
2026-07-30 19:30:30,F,1096,450,5337,3907
2026-07-30 19:30:30,E,810,535,5337,3907
2026-07-30 19:30:30,A,1399,1826,5337,3907
2026-07-30 19:30:30,C,1038,1010,5337,3907
2026-07-30 20:00:44,B,988,92,5057,4187
2026-07-30 20:00:44,F,1031,515,5057,4187
2026-07-30 20:00:44,E,753,592,5057,4187
2026-07-30 20:00:44,A,1319,1906,5057,4187
2026-07-30 20:00:44,C,966,1082,5057,4187
2026-07-30 20:30:30,B,960,120,4475,4769
2026-07-30 20:30:30,F,917,629,4475,4769
2026-07-30 20:30:30,E,620,725,4475,4769
2026-07-30 20:30:30,A,1151,2074,4475,4769
2026-07-30 20:30:30,C,827,1221,4475,4769
2026-07-30 21:00:40,B,878,202,3545,5699
2026-07-30 21:00:40,F,735,811,3545,5699
2026-07-30 21:00:40,E,434,911,3545,5699
2026-07-30 21:00:40,A,857,2368,3545,5699
2026-07-30 21:00:40,C,641,1407,3545,5699
2026-07-30 21:25:51,B,632,448,2230,7014
2026-07-30 21:25:51,F,476,1070,2230,7014
2026-07-30 21:25:51,E,242,1103,2230,7014
2026-07-30 21:25:51,A,490,2735,2230,7014
2026-07-30 21:25:51,C,390,1658,2230,7014
2026-07-30 21:30:32,B,633,447,2132,7112
2026-07-30 21:30:32,F,455,1091,2132,7112
2026-07-30 21:30:32,E,224,1121,2132,7112
2026-07-30 21:30:32,A,458,2767,2132,7112
2026-07-30 21:30:32,C,362,1686,2132,7112
2026-07-30 22:00:37,B,555,525,1514,7730
2026-07-30 22:00:37,F,304,1242,1514,7730
2026-07-30 22:00:37,E,141,1204,1514,7730
2026-07-30 22:00:37,A,270,2955,1514,7730
2026-07-30 22:00:37,C,244,1804,1514,7730
2026-07-30 22:30:34,B,533,547,1261,7983
2026-07-30 22:30:34,F,239,1307,1261,7983
2026-07-30 22:30:34,E,111,1234,1261,7983
2026-07-30 22:30:34,A,194,3031,1261,7983
2026-07-30 22:30:34,C,184,1864,1261,7983
2026-07-30 22:59:44,B,539,541,1166,8078
2026-07-30 22:59:44,F,216,1330,1166,8078
2026-07-30 22:59:44,E,95,1250,1166,8078
2026-07-30 22:59:44,A,160,3065,1166,8078
2026-07-30 22:59:44,C,156,1892,1166,8078
2026-07-30 23:00:45,B,541,539,1164,8080
2026-07-30 23:00:45,F,215,1331,1164,8080
2026-07-30 23:00:45,E,95,1250,1164,8080
2026-07-30 23:00:45,A,157,3068,1164,8080
2026-07-30 23:00:45,C,156,1892,1164,8080
2026-07-30 23:30:35,B,514,566,1081,8163
2026-07-30 23:30:35,F,194,1352,1081,8163
2026-07-30 23:30:35,E,87,1258,1081,8163
2026-07-30 23:30:35,A,134,3091,1081,8163
2026-07-30 23:30:35,C,152,1896,1081,8163
2026-07-31 00:00:43,B,491,589,1026,8218
2026-07-31 00:00:43,F,187,1359,1026,8218
2026-07-31 00:00:43,E,88,1257,1026,8218
2026-07-31 00:00:43,A,115,3110,1026,8218
2026-07-31 00:00:43,C,145,1903,1026,8218
2026-07-31 00:30:33,B,374,706,856,8388
2026-07-31 00:30:33,F,187,1359,856,8388
2026-07-31 00:30:33,E,74,1271,856,8388
2026-07-31 00:30:33,A,98,3127,856,8388
2026-07-31 00:30:33,C,123,1925,856,8388
2026-07-31 01:00:40,B,235,845,657,8587
2026-07-31 01:00:40,F,174,1372,657,8587
2026-07-31 01:00:40,E,64,1281,657,8587
2026-07-31 01:00:40,A,77,3148,657,8587
2026-07-31 01:00:40,C,107,1941,657,8587
2026-07-31 01:09:27,B,204,876,607,8637
2026-07-31 01:09:27,F,170,1376,607,8637
2026-07-31 01:09:27,E,65,1280,607,8637
2026-07-31 01:09:27,A,68,3157,607,8637
2026-07-31 01:09:27,C,100,1948,607,8637
2026-07-31 01:30:38,B,130,950,512,8732
2026-07-31 01:30:38,F,163,1383,512,8732
2026-07-31 01:30:38,E,65,1280,512,8732
2026-07-31 01:30:38,A,63,3162,512,8732
2026-07-31 01:30:38,C,91,1957,512,8732
2026-07-31 02:00:42,B,50,1030,409,8835
2026-07-31 02:00:42,F,157,1389,409,8835
2026-07-31 02:00:42,E,59,1286,409,8835
2026-07-31 02:00:42,A,57,3168,409,8835
2026-07-31 02:00:42,C,86,1962,409,8835
2026-07-31 02:30:36,B,45,1035,403,8841
2026-07-31 02:30:36,F,157,1389,403,8841
2026-07-31 02:30:36,E,58,1287,403,8841
2026-07-31 02:30:36,A,56,3169,403,8841
2026-07-31 02:30:36,C,87,1961,403,8841
2026-07-31 02:55:31,B,44,1036,403,8841
2026-07-31 02:55:31,F,156,1390,403,8841
2026-07-31 02:55:31,E,59,1286,403,8841
2026-07-31 02:55:31,A,57,3168,403,8841
2026-07-31 02:55:31,C,87,1961,403,8841
2026-07-31 03:00:48,B,44,1036,404,8840
2026-07-31 03:00:48,F,157,1389,404,8840
2026-07-31 03:00:48,E,59,1286,404,8840
2026-07-31 03:00:48,A,57,3168,404,8840
2026-07-31 03:00:48,C,87,1961,404,8840
2026-07-31 03:30:36,B,43,1037,400,8844
2026-07-31 03:30:36,F,159,1387,400,8844
2026-07-31 03:30:36,E,59,1286,400,8844
2026-07-31 03:30:36,A,54,3171,400,8844
2026-07-31 03:30:36,C,85,1963,400,8844
2026-07-31 04:00:42,B,43,1037,394,8850
2026-07-31 04:00:42,F,159,1387,394,8850
2026-07-31 04:00:42,E,58,1287,394,8850
2026-07-31 04:00:42,A,53,3172,394,8850
2026-07-31 04:00:42,C,81,1967,394,8850
2026-07-31 04:07:40,B,42,1038,392,8852
2026-07-31 04:07:40,F,159,1387,392,8852
2026-07-31 04:07:40,E,57,1288,392,8852
2026-07-31 04:07:40,A,53,3172,392,8852
2026-07-31 04:07:40,C,81,1967,392,8852
2026-07-31 04:30:37,B,43,1037,391,8853
2026-07-31 04:30:37,F,157,1389,391,8853
2026-07-31 04:30:37,E,57,1288,391,8853
2026-07-31 04:30:37,A,54,3171,391,8853
2026-07-31 04:30:37,C,80,1968,391,8853
2026-07-31 05:00:45,B,43,1037,399,8845
2026-07-31 05:00:45,F,162,1384,399,8845
2026-07-31 05:00:45,E,59,1286,399,8845
2026-07-31 05:00:45,A,52,3173,399,8845
2026-07-31 05:00:45,C,83,1965,399,8845
2026-07-31 05:30:31,B,43,1037,417,8827
2026-07-31 05:30:31,F,167,1379,417,8827
2026-07-31 05:30:31,E,65,1280,417,8827
2026-07-31 05:30:31,A,57,3168,417,8827
2026-07-31 05:30:31,C,85,1963,417,8827
2026-07-31 05:57:38,B,44,1036,459,8785
2026-07-31 05:57:38,F,192,1354,459,8785
2026-07-31 05:57:38,E,70,1275,459,8785
2026-07-31 05:57:38,A,61,3164,459,8785
2026-07-31 05:57:38,C,92,1956,459,8785
2026-07-31 06:00:34,B,44,1036,472,8772
2026-07-31 06:00:34,F,200,1346,472,8772
2026-07-31 06:00:34,E,72,1273,472,8772
2026-07-31 06:00:34,A,61,3164,472,8772
2026-07-31 06:00:34,C,95,1953,472,8772
2026-07-31 06:30:30,B,47,1033,532,8712
2026-07-31 06:30:30,F,218,1328,532,8712
2026-07-31 06:30:30,E,85,1260,532,8712
2026-07-31 06:30:30,A,66,3159,532,8712
2026-07-31 06:30:30,C,116,1932,532,8712
2026-07-31 07:00:36,B,44,1036,712,8532
2026-07-31 07:00:36,F,266,1280,712,8532
2026-07-31 07:00:36,E,126,1219,712,8532
2026-07-31 07:00:36,A,99,3126,712,8532
2026-07-31 07:00:36,C,177,1871,712,8532
2026-07-31 07:30:31,B,44,1036,820,8424
2026-07-31 07:30:31,F,284,1262,820,8424
2026-07-31 07:30:31,E,147,1198,820,8424
2026-07-31 07:30:31,A,125,3100,820,8424
2026-07-31 07:30:31,C,220,1828,820,8424
2026-07-31 08:06:57,B,44,1036,1089,8155
2026-07-31 08:06:57,F,336,1210,1089,8155
2026-07-31 08:06:57,E,214,1131,1089,8155
2026-07-31 08:06:57,A,181,3044,1089,8155
2026-07-31 08:06:57,C,314,1734,1089,8155
2026-07-31 08:30:29,B,44,1036,1348,7896
2026-07-31 08:30:29,F,373,1173,1348,7896
2026-07-31 08:30:29,E,263,1082,1348,7896
2026-07-31 08:30:29,A,248,2977,1348,7896
2026-07-31 08:30:29,C,420,1628,1348,7896
2026-07-31 09:00:34,B,114,966,2063,7181
2026-07-31 09:00:34,F,551,995,2063,7181
2026-07-31 09:00:34,E,376,969,2063,7181
2026-07-31 09:00:34,A,397,2828,2063,7181
2026-07-31 09:00:34,C,625,1423,2063,7181
2026-07-31 09:30:05,B,281,799,2907,6337
2026-07-31 09:30:05,F,742,804,2907,6337
2026-07-31 09:30:05,E,536,809,2907,6337
2026-07-31 09:30:05,A,565,2660,2907,6337
2026-07-31 09:30:05,C,783,1265,2907,6337
2026-07-31 09:30:31,B,283,797,2915,6329
2026-07-31 09:30:31,F,743,803,2915,6329
2026-07-31 09:30:31,E,536,809,2915,6329
2026-07-31 09:30:31,A,567,2658,2915,6329
2026-07-31 09:30:31,C,786,1262,2915,6329
2026-07-31 10:00:39,B,429,651,3608,5636
2026-07-31 10:00:39,F,890,656,3608,5636
2026-07-31 10:00:39,E,649,696,3608,5636
2026-07-31 10:00:39,A,747,2478,3608,5636
2026-07-31 10:00:39,C,893,1155,3608,5636
2026-07-31 10:30:32,B,570,510,4282,4962
2026-07-31 10:30:32,F,1006,540,4282,4962
2026-07-31 10:30:32,E,747,598,4282,4962
2026-07-31 10:30:32,A,941,2284,4282,4962
2026-07-31 10:30:32,C,1018,1030,4282,4962
2026-07-31 11:00:38,B,716,364,4959,4285
2026-07-31 11:00:38,F,1127,419,4959,4285
2026-07-31 11:00:38,E,831,514,4959,4285
2026-07-31 11:00:38,A,1133,2092,4959,4285
2026-07-31 11:00:38,C,1152,896,4959,4285
2026-07-31 11:04:28,B,733,347,5032,4212
2026-07-31 11:04:28,F,1125,421,5032,4212
2026-07-31 11:04:28,E,841,504,5032,4212
2026-07-31 11:04:28,A,1172,2053,5032,4212
2026-07-31 11:04:28,C,1161,887,5032,4212
2026-07-31 11:30:30,B,806,274,5386,3858
2026-07-31 11:30:30,F,1191,355,5386,3858
2026-07-31 11:30:30,E,879,466,5386,3858
2026-07-31 11:30:30,A,1316,1909,5386,3858
2026-07-31 11:30:30,C,1194,854,5386,3858
2026-07-31 12:00:36,B,907,173,5862,3382
2026-07-31 12:00:36,F,1289,257,5862,3382
2026-07-31 12:00:36,E,935,410,5862,3382
2026-07-31 12:00:36,A,1471,1754,5862,3382
2026-07-31 12:00:36,C,1260,788,5862,3382
2026-07-31 12:30:39,B,976,104,6160,3084
2026-07-31 12:30:39,F,1313,233,6160,3084
2026-07-31 12:30:39,E,983,362,6160,3084
2026-07-31 12:30:39,A,1554,1671,6160,3084
2026-07-31 12:30:39,C,1334,714,6160,3084
2026-07-31 13:00:39,B,987,93,6384,2860
2026-07-31 13:00:39,F,1309,237,6384,2860
2026-07-31 13:00:39,E,1047,298,6384,2860
2026-07-31 13:00:39,A,1685,1540,6384,2860
2026-07-31 13:00:39,C,1356,692,6384,2860
2026-07-31 13:30:32,B,997,83,6505,2739
2026-07-31 13:30:32,F,1318,228,6505,2739
2026-07-31 13:30:32,E,1080,265,6505,2739
2026-07-31 13:30:32,A,1706,1519,6505,2739
2026-07-31 13:30:32,C,1404,644,6505,2739
2026-07-31 14:00:35,B,984,96,6432,2812
2026-07-31 14:00:35,F,1298,248,6432,2812
2026-07-31 14:00:35,E,1046,299,6432,2812
2026-07-31 14:00:35,A,1711,1514,6432,2812
2026-07-31 14:00:35,C,1393,655,6432,2812
2026-07-31 14:30:29,B,954,126,6128,3116
2026-07-31 14:30:29,F,1271,275,6128,3116
2026-07-31 14:30:29,E,964,381,6128,3116
2026-07-31 14:30:29,A,1628,1597,6128,3116
2026-07-31 14:30:29,C,1311,737,6128,3116
2026-07-31 14:49:33,B,936,144,5954,3290
2026-07-31 14:49:33,F,1249,297,5954,3290
2026-07-31 14:49:33,E,915,430,5954,3290
2026-07-31 14:49:33,A,1584,1641,5954,3290
2026-07-31 14:49:33,C,1270,778,5954,3290
2026-07-31 15:00:37,B,896,184,5759,3485
2026-07-31 15:00:37,F,1214,332,5759,3485
2026-07-31 15:00:37,E,871,474,5759,3485
2026-07-31 15:00:37,A,1553,1672,5759,3485
2026-07-31 15:00:37,C,1225,823,5759,3485
2026-07-31 15:30:38,B,862,218,5401,3843
2026-07-31 15:30:38,F,1139,407,5401,3843
2026-07-31 15:30:38,E,826,519,5401,3843
2026-07-31 15:30:38,A,1421,1804,5401,3843
2026-07-31 15:30:38,C,1153,895,5401,3843
2026-07-31 16:00:43,B,866,214,5324,3920
2026-07-31 16:00:43,F,1138,408,5324,3920
2026-07-31 16:00:43,E,817,528,5324,3920
2026-07-31 16:00:43,A,1371,1854,5324,3920
2026-07-31 16:00:43,C,1132,916,5324,3920
2026-07-31 16:30:30,B,877,203,5179,4065
2026-07-31 16:30:30,F,1104,442,5179,4065
2026-07-31 16:30:30,E,784,561,5179,4065
2026-07-31 16:30:30,A,1326,1899,5179,4065
2026-07-31 16:30:30,C,1088,960,5179,4065
2026-07-31 17:00:39,B,931,149,5161,4083
2026-07-31 17:00:39,F,1121,425,5161,4083
2026-07-31 17:00:39,E,758,587,5161,4083
2026-07-31 17:00:39,A,1291,1934,5161,4083
2026-07-31 17:00:39,C,1060,988,5161,4083
2026-07-31 17:30:33,B,979,101,5121,4123
2026-07-31 17:30:33,F,1098,448,5121,4123
2026-07-31 17:30:33,E,750,595,5121,4123
2026-07-31 17:30:33,A,1285,1940,5121,4123
2026-07-31 17:30:33,C,1009,1039,5121,4123
2026-07-31 17:41:29,B,979,101,5141,4103
2026-07-31 17:41:29,F,1108,438,5141,4103
2026-07-31 17:41:29,E,758,587,5141,4103
2026-07-31 17:41:29,A,1303,1922,5141,4103
2026-07-31 17:41:29,C,993,1055,5141,4103
2026-07-31 18:00:35,B,976,104,5242,4002
2026-07-31 18:00:35,F,1103,443,5242,4002
2026-07-31 18:00:35,E,800,545,5242,4002
2026-07-31 18:00:35,A,1339,1886,5242,4002
2026-07-31 18:00:35,C,1024,1024,5242,4002
2026-07-31 18:30:36,B,995,85,5735,3509
2026-07-31 18:30:36,F,1173,373,5735,3509
2026-07-31 18:30:36,E,884,461,5735,3509
2026-07-31 18:30:36,A,1547,1678,5735,3509
2026-07-31 18:30:36,C,1136,912,5735,3509
2026-07-31 19:00:37,B,993,87,6027,3217
2026-07-31 19:00:37,F,1225,321,6027,3217
2026-07-31 19:00:37,E,946,399,6027,3217
2026-07-31 19:00:37,A,1669,1556,6027,3217
2026-07-31 19:00:37,C,1194,854,6027,3217
2026-07-31 19:30:30,B,996,84,6123,3121
2026-07-31 19:30:30,F,1247,299,6123,3121
2026-07-31 19:30:30,E,960,385,6123,3121
2026-07-31 19:30:30,A,1709,1516,6123,3121
2026-07-31 19:30:30,C,1211,837,6123,3121
2026-07-31 20:00:42,B,998,82,6002,3242
2026-07-31 20:00:42,F,1220,326,6002,3242
2026-07-31 20:00:42,E,952,393,6002,3242
2026-07-31 20:00:42,A,1649,1576,6002,3242
2026-07-31 20:00:42,C,1183,865,6002,3242
2026-07-31 20:24:05,B,991,89,5583,3661
2026-07-31 20:24:05,F,1133,413,5583,3661
2026-07-31 20:24:05,E,864,481,5583,3661
2026-07-31 20:24:05,A,1511,1714,5583,3661
2026-07-31 20:24:05,C,1084,964,5583,3661
2026-07-31 20:30:37,B,985,95,5465,3779
2026-07-31 20:30:37,F,1111,435,5465,3779
2026-07-31 20:30:37,E,855,490,5465,3779
2026-07-31 20:30:37,A,1464,1761,5465,3779
2026-07-31 20:30:37,C,1050,998,5465,3779
2026-07-31 21:00:38,B,909,171,4269,4975
2026-07-31 21:00:38,F,880,666,4269,4975
2026-07-31 21:00:38,E,610,735,4269,4975
2026-07-31 21:00:38,A,1069,2156,4269,4975
2026-07-31 21:00:38,C,801,1247,4269,4975
2026-07-31 21:30:29,B,673,407,2737,6507
2026-07-31 21:30:29,F,583,963,2737,6507
2026-07-31 21:30:29,E,365,980,2737,6507
2026-07-31 21:30:29,A,612,2613,2737,6507
2026-07-31 21:30:29,C,504,1544,2737,6507
2026-07-31 22:00:39,B,601,479,1861,7383
2026-07-31 22:00:39,F,347,1199,1861,7383
2026-07-31 22:00:39,E,199,1146,1861,7383
2026-07-31 22:00:39,A,374,2851,1861,7383
2026-07-31 22:00:39,C,340,1708,1861,7383
2026-07-31 22:23:27,B,538,542,1483,7761
2026-07-31 22:23:27,F,268,1278,1483,7761
2026-07-31 22:23:27,E,141,1204,1483,7761
2026-07-31 22:23:27,A,277,2948,1483,7761
2026-07-31 22:23:27,C,259,1789,1483,7761
2026-07-31 22:30:29,B,531,549,1421,7823
2026-07-31 22:30:29,F,255,1291,1421,7823
2026-07-31 22:30:29,E,135,1210,1421,7823
2026-07-31 22:30:29,A,263,2962,1421,7823
2026-07-31 22:30:29,C,237,1811,1421,7823
2026-07-31 23:30:30,B,479,601,1104,8140
2026-07-31 23:30:30,F,206,1340,1104,8140
2026-07-31 23:30:30,E,98,1247,1104,8140
2026-07-31 23:30:30,A,159,3066,1104,8140
2026-07-31 23:30:30,C,162,1886,1104,8140
2026-08-01 00:00:38,B,443,637,998,8246
2026-08-01 00:00:38,F,191,1355,998,8246
2026-08-01 00:00:38,E,82,1263,998,8246
2026-08-01 00:00:38,A,139,3086,998,8246
2026-08-01 00:00:38,C,143,1905,998,8246
2026-08-01 00:30:39,B,355,725,844,8400
2026-08-01 00:30:39,F,186,1360,844,8400
2026-08-01 00:30:39,E,72,1273,844,8400
2026-08-01 00:30:39,A,107,3118,844,8400
2026-08-01 00:30:39,C,124,1924,844,8400
2026-08-01 00:43:09,B,303,777,764,8480
2026-08-01 00:43:09,F,179,1367,764,8480
2026-08-01 00:43:09,E,67,1278,764,8480
2026-08-01 00:43:09,A,99,3126,764,8480
2026-08-01 00:43:09,C,116,1932,764,8480
2026-08-01 01:00:38,B,193,887,601,8643
2026-08-01 01:00:38,F,173,1373,601,8643
2026-08-01 01:00:38,E,62,1283,601,8643
2026-08-01 01:00:38,A,76,3149,601,8643
2026-08-01 01:00:38,C,97,1951,601,8643
2026-08-01 01:30:36,B,129,951,486,8758
2026-08-01 01:30:36,F,167,1379,486,8758
2026-08-01 01:30:36,E,55,1290,486,8758
2026-08-01 01:30:36,A,54,3171,486,8758
2026-08-01 01:30:36,C,81,1967,486,8758
2026-08-01 02:28:05,B,50,1030,370,8874
2026-08-01 02:28:05,F,159,1387,370,8874
2026-08-01 02:28:05,E,51,1294,370,8874
2026-08-01 02:28:05,A,46,3179,370,8874
2026-08-01 02:28:05,C,64,1984,370,8874
2026-08-01 02:30:39,B,49,1031,368,8876
2026-08-01 02:30:39,F,159,1387,368,8876
2026-08-01 02:30:39,E,51,1294,368,8876
2026-08-01 02:30:39,A,46,3179,368,8876
2026-08-01 02:30:39,C,63,1985,368,8876
2026-08-01 03:00:39,B,47,1033,365,8879
2026-08-01 03:00:39,F,160,1386,365,8879
2026-08-01 03:00:39,E,51,1294,365,8879
2026-08-01 03:00:39,A,44,3181,365,8879
2026-08-01 03:00:39,C,63,1985,365,8879
2026-08-01 04:00:43,B,46,1034,364,8880
2026-08-01 04:00:43,F,158,1388,364,8880
2026-08-01 04:00:43,E,52,1293,364,8880
2026-08-01 04:00:43,A,42,3183,364,8880
2026-08-01 04:00:43,C,66,1982,364,8880
2026-08-01 04:35:32,B,47,1033,366,8878
2026-08-01 04:35:32,F,158,1388,366,8878
2026-08-01 04:35:32,E,52,1293,366,8878
2026-08-01 04:35:32,A,43,3182,366,8878
2026-08-01 04:35:32,C,66,1982,366,8878
2026-08-01 05:00:45,B,46,1034,369,8875
2026-08-01 05:00:45,F,158,1388,369,8875
2026-08-01 05:00:45,E,55,1290,369,8875
2026-08-01 05:00:45,A,43,3182,369,8875
2026-08-01 05:00:45,C,67,1981,369,8875
2026-08-01 05:58:37,B,46,1034,396,8848
2026-08-01 05:58:37,F,169,1377,396,8848
2026-08-01 05:58:37,E,61,1284,396,8848
2026-08-01 05:58:37,A,46,3179,396,8848
2026-08-01 05:58:37,C,74,1974,396,8848
2026-08-01 06:00:38,B,46,1034,396,8848
2026-08-01 06:00:38,F,168,1378,396,8848
2026-08-01 06:00:38,E,61,1284,396,8848
2026-08-01 06:00:38,A,46,3179,396,8848
2026-08-01 06:00:38,C,75,1973,396,8848
2026-08-01 06:30:32,B,46,1034,429,8815
2026-08-01 06:30:32,F,178,1368,429,8815
2026-08-01 06:30:32,E,68,1277,429,8815
2026-08-01 06:30:32,A,47,3178,429,8815
2026-08-01 06:30:32,C,90,1958,429,8815
2026-08-01 07:00:40,B,47,1033,525,8719
2026-08-01 07:00:40,F,204,1342,525,8719
2026-08-01 07:00:40,E,77,1268,525,8719
2026-08-01 07:00:40,A,65,3160,525,8719
2026-08-01 07:00:40,C,132,1916,525,8719
2026-08-01 08:00:41,B,47,1033,771,8473
2026-08-01 08:00:41,F,250,1296,771,8473
2026-08-01 08:00:41,E,140,1205,771,8473
2026-08-01 08:00:41,A,107,3118,771,8473
2026-08-01 08:00:41,C,227,1821,771,8473
2026-08-01 08:29:00,B,48,1032,1014,8230
2026-08-01 08:29:00,F,282,1264,1014,8230
2026-08-01 08:29:00,E,199,1146,1014,8230
2026-08-01 08:29:00,A,168,3057,1014,8230
2026-08-01 08:29:00,C,317,1731,1014,8230
2026-08-01 08:30:31,B,48,1032,1036,8208
2026-08-01 08:30:31,F,286,1260,1036,8208
2026-08-01 08:30:31,E,203,1142,1036,8208
2026-08-01 08:30:31,A,172,3053,1036,8208
2026-08-01 08:30:31,C,327,1721,1036,8208
2026-08-01 09:00:40,B,135,945,1789,7455
2026-08-01 09:00:40,F,450,1096,1789,7455
2026-08-01 09:00:40,E,368,977,1789,7455
2026-08-01 09:00:40,A,340,2885,1789,7455
2026-08-01 09:00:40,C,496,1552,1789,7455
2026-08-01 09:29:09,B,298,782,2660,6584
2026-08-01 09:29:09,F,636,910,2660,6584
2026-08-01 09:29:09,E,513,832,2660,6584
2026-08-01 09:29:09,A,548,2677,2660,6584
2026-08-01 09:29:09,C,665,1383,2660,6584
2026-08-01 10:30:32,B,662,418,4382,4862
2026-08-01 10:30:32,F,960,586,4382,4862
2026-08-01 10:30:32,E,741,604,4382,4862
2026-08-01 10:30:32,A,1032,2193,4382,4862
2026-08-01 10:30:32,C,987,1061,4382,4862
2026-08-01 11:00:43,B,862,218,5198,4046
2026-08-01 11:00:43,F,1095,451,5198,4046
2026-08-01 11:00:43,E,853,492,5198,4046
2026-08-01 11:00:43,A,1282,1943,5198,4046
2026-08-01 11:00:43,C,1106,942,5198,4046
2026-08-01 11:01:30,B,866,214,5221,4023
2026-08-01 11:01:30,F,1097,449,5221,4023
2026-08-01 11:01:30,E,857,488,5221,4023
2026-08-01 11:01:30,A,1287,1938,5221,4023
2026-08-01 11:01:30,C,1114,934,5221,4023
2026-08-01 11:30:37,B,929,151,5698,3546
2026-08-01 11:30:37,F,1169,377,5698,3546
2026-08-01 11:30:37,E,953,392,5698,3546
2026-08-01 11:30:37,A,1471,1754,5698,3546
2026-08-01 11:30:37,C,1176,872,5698,3546
2026-08-01 12:00:36,B,984,96,6220,3024
2026-08-01 12:00:36,F,1265,281,6220,3024
2026-08-01 12:00:36,E,1021,324,6220,3024
2026-08-01 12:00:36,A,1636,1589,6220,3024
2026-08-01 12:00:36,C,1314,734,6220,3024
2026-08-01 12:30:37,B,998,82,6607,2637
2026-08-01 12:30:37,F,1294,252,6607,2637
2026-08-01 12:30:37,E,1043,302,6607,2637
2026-08-01 12:30:37,A,1860,1365,6607,2637
2026-08-01 12:30:37,C,1412,636,6607,2637
2026-08-01 13:00:39,B,985,95,6740,2504
2026-08-01 13:00:39,F,1294,252,6740,2504
2026-08-01 13:00:39,E,1049,296,6740,2504
2026-08-01 13:00:39,A,1972,1253,6740,2504
2026-08-01 13:00:39,C,1440,608,6740,2504
2026-08-01 13:30:32,B,992,88,7097,2147
2026-08-01 13:30:32,F,1308,238,7097,2147
2026-08-01 13:30:32,E,1118,227,7097,2147
2026-08-01 13:30:32,A,2177,1048,7097,2147
2026-08-01 13:30:32,C,1502,546,7097,2147
2026-08-01 14:00:44,B,983,97,7215,2029
2026-08-01 14:00:44,F,1293,253,7215,2029
2026-08-01 14:00:44,E,1103,242,7215,2029
2026-08-01 14:00:44,A,2313,912,7215,2029
2026-08-01 14:00:44,C,1523,525,7215,2029
2026-08-01 14:30:37,B,990,90,7305,1939
2026-08-01 14:30:37,F,1291,255,7305,1939
2026-08-01 14:30:37,E,1116,229,7305,1939
2026-08-01 14:30:37,A,2362,863,7305,1939
2026-08-01 14:30:37,C,1546,502,7305,1939
2026-08-01 14:43:39,B,986,94,7350,1894
2026-08-01 14:43:39,F,1292,254,7350,1894
2026-08-01 14:43:39,E,1114,231,7350,1894
2026-08-01 14:43:39,A,2416,809,7350,1894
2026-08-01 14:43:39,C,1542,506,7350,1894
2026-08-01 15:00:38,B,991,89,7367,1877
2026-08-01 15:00:38,F,1278,268,7367,1877
2026-08-01 15:00:38,E,1113,232,7367,1877
2026-08-01 15:00:38,A,2436,789,7367,1877
2026-08-01 15:00:38,C,1549,499,7367,1877
2026-08-01 15:30:36,B,987,93,7269,1975
2026-08-01 15:30:36,F,1292,254,7269,1975
2026-08-01 15:30:36,E,1086,259,7269,1975
2026-08-01 15:30:36,A,2367,858,7269,1975
2026-08-01 15:30:36,C,1537,511,7269,1975
2026-08-01 16:00:38,B,993,87,7185,2059
2026-08-01 16:00:38,F,1283,263,7185,2059
2026-08-01 16:00:38,E,1081,264,7185,2059
2026-08-01 16:00:38,A,2335,890,7185,2059
2026-08-01 16:00:38,C,1493,555,7185,2059
2026-08-01 16:30:30,B,980,100,6904,2340
2026-08-01 16:30:30,F,1252,294,6904,2340
2026-08-01 16:30:30,E,1032,313,6904,2340
2026-08-01 16:30:30,A,2230,995,6904,2340
2026-08-01 16:30:30,C,1410,638,6904,2340
2026-08-01 17:00:37,B,966,114,6626,2618
2026-08-01 17:00:37,F,1240,306,6626,2618
2026-08-01 17:00:37,E,981,364,6626,2618
2026-08-01 17:00:37,A,2107,1118,6626,2618
2026-08-01 17:00:37,C,1332,716,6626,2618
2026-08-01 17:20:43,B,976,104,6377,2867
2026-08-01 17:20:43,F,1206,340,6377,2867
2026-08-01 17:20:43,E,952,393,6377,2867
2026-08-01 17:20:43,A,1957,1268,6377,2867
2026-08-01 17:20:43,C,1286,762,6377,2867
2026-08-01 17:30:32,B,979,101,6277,2967
2026-08-01 17:30:32,F,1192,354,6277,2967
2026-08-01 17:30:32,E,955,390,6277,2967
2026-08-01 17:30:32,A,1904,1321,6277,2967
2026-08-01 17:30:32,C,1247,801,6277,2967
2026-08-01 18:00:36,B,981,99,5990,3254
2026-08-01 18:00:36,F,1169,377,5990,3254
2026-08-01 18:00:36,E,930,415,5990,3254
2026-08-01 18:00:36,A,1760,1465,5990,3254
2026-08-01 18:00:36,C,1150,898,5990,3254
2026-08-01 18:30:28,B,987,93,5942,3302
2026-08-01 18:30:28,F,1180,366,5942,3302
2026-08-01 18:30:28,E,943,402,5942,3302
2026-08-01 18:30:28,A,1703,1522,5942,3302
2026-08-01 18:30:28,C,1129,919,5942,3302
2026-08-01 19:00:34,B,1001,79,5842,3402
2026-08-01 19:00:34,F,1177,369,5842,3402
2026-08-01 19:00:34,E,939,406,5842,3402
2026-08-01 19:00:34,A,1634,1591,5842,3402
2026-08-01 19:00:34,C,1091,957,5842,3402
2026-08-01 19:29:02,B,999,81,5574,3670
2026-08-01 19:29:02,F,1119,427,5574,3670
2026-08-01 19:29:02,E,894,451,5574,3670
2026-08-01 19:29:02,A,1508,1717,5574,3670
2026-08-01 19:29:02,C,1054,994,5574,3670
2026-08-01 19:30:31,B,998,82,5563,3681
2026-08-01 19:30:31,F,1112,434,5563,3681
2026-08-01 19:30:31,E,897,448,5563,3681
2026-08-01 19:30:31,A,1503,1722,5563,3681
2026-08-01 19:30:31,C,1053,995,5563,3681
2026-08-01 20:00:41,B,998,82,5245,3999
2026-08-01 20:00:41,F,1017,529,5245,3999
2026-08-01 20:00:41,E,859,486,5245,3999
2026-08-01 20:00:41,A,1357,1868,5245,3999
2026-08-01 20:00:41,C,1014,1034,5245,3999
2026-08-01 20:30:31,B,993,87,4647,4597
2026-08-01 20:30:31,F,921,625,4647,4597
2026-08-01 20:30:31,E,719,626,4647,4597
2026-08-01 20:30:31,A,1128,2097,4647,4597
2026-08-01 20:30:31,C,886,1162,4647,4597
2026-08-01 20:56:46,B,898,182,3903,5341
2026-08-01 20:56:46,F,782,764,3903,5341
2026-08-01 20:56:46,E,573,772,3903,5341
2026-08-01 20:56:46,A,904,2321,3903,5341
2026-08-01 20:56:46,C,746,1302,3903,5341
2026-08-01 21:00:35,B,893,187,3751,5493
2026-08-01 21:00:35,F,743,803,3751,5493
2026-08-01 21:00:35,E,537,808,3751,5493
2026-08-01 21:00:35,A,859,2366,3751,5493
2026-08-01 21:00:35,C,719,1329,3751,5493
2026-08-01 21:30:31,B,708,372,2468,6776
2026-08-01 21:30:31,F,486,1060,2468,6776
2026-08-01 21:30:31,E,316,1029,2468,6776
2026-08-01 21:30:31,A,515,2710,2468,6776
2026-08-01 21:30:31,C,443,1605,2468,6776
2026-08-01 21:55:50,B,636,444,1886,7358
2026-08-01 21:55:50,F,374,1172,1886,7358
2026-08-01 21:55:50,E,206,1139,1886,7358
2026-08-01 21:55:50,A,349,2876,1886,7358
2026-08-01 21:55:50,C,321,1727,1886,7358
2026-08-01 22:00:37,B,627,453,1814,7430
2026-08-01 22:00:37,F,354,1192,1814,7430
2026-08-01 22:00:37,E,201,1144,1814,7430
2026-08-01 22:00:37,A,324,2901,1814,7430
2026-08-01 22:00:37,C,308,1740,1814,7430
2026-08-01 22:30:33,B,575,505,1426,7818
2026-08-01 22:30:33,F,285,1261,1426,7818
2026-08-01 22:30:33,E,137,1208,1426,7818
2026-08-01 22:30:33,A,227,2998,1426,7818
2026-08-01 22:30:33,C,202,1846,1426,7818
2026-08-01 22:52:22,B,523,557,1249,7995
2026-08-01 22:52:22,F,260,1286,1249,7995
2026-08-01 22:52:22,E,116,1229,1249,7995
2026-08-01 22:52:22,A,174,3051,1249,7995
2026-08-01 22:52:22,C,176,1872,1249,7995
2026-08-01 23:00:35,B,519,561,1220,8024
2026-08-01 23:00:35,F,254,1292,1220,8024
2026-08-01 23:00:35,E,111,1234,1220,8024
2026-08-01 23:00:35,A,171,3054,1220,8024
2026-08-01 23:00:35,C,165,1883,1220,8024
2026-08-01 23:30:34,B,488,592,1110,8134
2026-08-01 23:30:34,F,236,1310,1110,8134
2026-08-01 23:30:34,E,96,1249,1110,8134
2026-08-01 23:30:34,A,147,3078,1110,8134
2026-08-01 23:30:34,C,143,1905,1110,8134
2026-08-02 00:00:43,B,438,642,1007,8237
2026-08-02 00:00:43,F,222,1324,1007,8237
2026-08-02 00:00:43,E,88,1257,1007,8237
2026-08-02 00:00:43,A,131,3094,1007,8237
2026-08-02 00:00:43,C,128,1920,1007,8237
2026-08-02 00:17:56,B,366,714,859,8385
2026-08-02 00:17:56,F,200,1346,859,8385
2026-08-02 00:17:56,E,78,1267,859,8385
2026-08-02 00:17:56,A,101,3124,859,8385
2026-08-02 00:17:56,C,114,1934,859,8385
2026-08-02 00:30:30,B,357,723,840,8404
2026-08-02 00:30:30,F,202,1344,840,8404
2026-08-02 00:30:30,E,73,1272,840,8404
2026-08-02 00:30:30,A,98,3127,840,8404
2026-08-02 00:30:30,C,110,1938,840,8404
2026-08-02 01:00:38,B,188,892,602,8642
2026-08-02 01:00:38,F,185,1361,602,8642
2026-08-02 01:00:38,E,68,1277,602,8642
2026-08-02 01:00:38,A,78,3147,602,8642
2026-08-02 01:00:38,C,83,1965,602,8642
2026-08-02 01:30:37,B,140,940,530,8714
2026-08-02 01:30:37,F,184,1362,530,8714
2026-08-02 01:30:37,E,66,1279,530,8714
2026-08-02 01:30:37,A,67,3158,530,8714
2026-08-02 01:30:37,C,73,1975,530,8714
2026-08-02 01:32:18,B,137,943,525,8719
2026-08-02 01:32:18,F,184,1362,525,8719
2026-08-02 01:32:18,E,64,1281,525,8719
2026-08-02 01:32:18,A,67,3158,525,8719
2026-08-02 01:32:18,C,73,1975,525,8719
2026-08-02 02:00:36,B,60,1020,424,8820
2026-08-02 02:00:36,F,171,1375,424,8820
2026-08-02 02:00:36,E,59,1286,424,8820
2026-08-02 02:00:36,A,64,3161,424,8820
2026-08-02 02:00:36,C,70,1978,424,8820
2026-08-02 02:30:35,B,50,1030,405,8839
2026-08-02 02:30:35,F,169,1377,405,8839
2026-08-02 02:30:35,E,60,1285,405,8839
2026-08-02 02:30:35,A,60,3165,405,8839
2026-08-02 02:30:35,C,66,1982,405,8839
2026-08-02 02:42:48,B,52,1028,406,8838
2026-08-02 02:42:48,F,169,1377,406,8838
2026-08-02 02:42:48,E,60,1285,406,8838
2026-08-02 02:42:48,A,60,3165,406,8838
2026-08-02 02:42:48,C,65,1983,406,8838
2026-08-02 03:00:46,B,50,1030,406,8838
2026-08-02 03:00:46,F,171,1375,406,8838
2026-08-02 03:00:46,E,61,1284,406,8838
2026-08-02 03:00:46,A,59,3166,406,8838
2026-08-02 03:00:46,C,65,1983,406,8838
2026-08-02 03:30:29,B,50,1030,400,8844
2026-08-02 03:30:29,F,168,1378,400,8844
2026-08-02 03:30:29,E,60,1285,400,8844
2026-08-02 03:30:29,A,59,3166,400,8844
2026-08-02 03:30:29,C,63,1985,400,8844
2026-08-02 03:47:12,B,49,1031,398,8846
2026-08-02 03:47:12,F,168,1378,398,8846
2026-08-02 03:47:12,E,60,1285,398,8846
2026-08-02 03:47:12,A,58,3167,398,8846
2026-08-02 03:47:12,C,63,1985,398,8846
2026-08-02 04:00:36,B,49,1031,396,8848
2026-08-02 04:00:36,F,167,1379,396,8848
2026-08-02 04:00:36,E,60,1285,396,8848
2026-08-02 04:00:36,A,57,3168,396,8848
2026-08-02 04:00:36,C,63,1985,396,8848
2026-08-02 04:30:30,B,49,1031,402,8842
2026-08-02 04:30:30,F,167,1379,402,8842
2026-08-02 04:30:30,E,62,1283,402,8842
2026-08-02 04:30:30,A,59,3166,402,8842
2026-08-02 04:30:30,C,65,1983,402,8842
2026-08-02 04:45:39,B,48,1032,402,8842
2026-08-02 04:45:39,F,168,1378,402,8842
2026-08-02 04:45:39,E,62,1283,402,8842
2026-08-02 04:45:39,A,59,3166,402,8842
2026-08-02 04:45:39,C,65,1983,402,8842
2026-08-02 05:00:38,B,48,1032,404,8840
2026-08-02 05:00:38,F,168,1378,404,8840
2026-08-02 05:00:38,E,61,1284,404,8840
2026-08-02 05:00:38,A,59,3166,404,8840
2026-08-02 05:00:38,C,68,1980,404,8840
2026-08-02 05:30:35,B,48,1032,403,8841
2026-08-02 05:30:35,F,167,1379,403,8841
2026-08-02 05:30:35,E,63,1282,403,8841
2026-08-02 05:30:35,A,58,3167,403,8841
2026-08-02 05:30:35,C,67,1981,403,8841
2026-08-02 06:00:34,B,48,1032,411,8833
2026-08-02 06:00:34,F,170,1376,411,8833
2026-08-02 06:00:34,E,62,1283,411,8833
2026-08-02 06:00:34,A,59,3166,411,8833
2026-08-02 06:00:34,C,72,1976,411,8833
2026-08-02 06:01:59,B,48,1032,412,8832
2026-08-02 06:01:59,F,170,1376,412,8832
2026-08-02 06:01:59,E,63,1282,412,8832
2026-08-02 06:01:59,A,59,3166,412,8832
2026-08-02 06:01:59,C,72,1976,412,8832
2026-08-02 06:30:29,B,48,1032,428,8816
2026-08-02 06:30:29,F,174,1372,428,8816
2026-08-02 06:30:29,E,69,1276,428,8816
2026-08-02 06:30:29,A,61,3164,428,8816
2026-08-02 06:30:29,C,76,1972,428,8816
2026-08-02 07:00:41,B,50,1030,491,8753
2026-08-02 07:00:41,F,186,1360,491,8753
2026-08-02 07:00:41,E,78,1267,491,8753
2026-08-02 07:00:41,A,71,3154,491,8753
2026-08-02 07:00:41,C,106,1942,491,8753
2026-08-02 07:13:20,B,50,1030,534,8710
2026-08-02 07:13:20,F,197,1349,534,8710
2026-08-02 07:13:20,E,84,1261,534,8710
2026-08-02 07:13:20,A,89,3136,534,8710
2026-08-02 07:13:20,C,114,1934,534,8710
2026-08-02 07:30:36,B,49,1031,586,8658
2026-08-02 07:30:36,F,201,1345,586,8658
2026-08-02 07:30:36,E,93,1252,586,8658
2026-08-02 07:30:36,A,104,3121,586,8658
2026-08-02 07:30:36,C,139,1909,586,8658
2026-08-02 08:00:35,B,49,1031,703,8541
2026-08-02 08:00:35,F,218,1328,703,8541
2026-08-02 08:00:35,E,128,1217,703,8541
2026-08-02 08:00:35,A,123,3102,703,8541
2026-08-02 08:00:35,C,185,1863,703,8541
2026-08-02 08:16:57,B,48,1032,743,8501
2026-08-02 08:16:57,F,218,1328,743,8501
2026-08-02 08:16:57,E,147,1198,743,8501
2026-08-02 08:16:57,A,130,3095,743,8501
2026-08-02 08:16:57,C,200,1848,743,8501
2026-08-02 08:30:33,B,50,1030,798,8446
2026-08-02 08:30:33,F,231,1315,798,8446
2026-08-02 08:30:33,E,155,1190,798,8446
2026-08-02 08:30:33,A,141,3084,798,8446
2026-08-02 08:30:33,C,221,1827,798,8446
2026-08-02 09:00:36,B,97,983,1089,8155
2026-08-02 09:00:36,F,284,1262,1089,8155
2026-08-02 09:00:36,E,228,1117,1089,8155
2026-08-02 09:00:36,A,190,3035,1089,8155
2026-08-02 09:00:36,C,290,1758,1089,8155
2026-08-02 09:23:58,B,199,881,1510,7734
2026-08-02 09:23:58,F,350,1196,1510,7734
2026-08-02 09:23:58,E,312,1033,1510,7734
2026-08-02 09:23:58,A,242,2983,1510,7734
2026-08-02 09:23:58,C,407,1641,1510,7734
2026-08-02 09:30:31,B,225,855,1670,7574
2026-08-02 09:30:31,F,386,1160,1670,7574
2026-08-02 09:30:31,E,352,993,1670,7574
2026-08-02 09:30:31,A,268,2957,1670,7574
2026-08-02 09:30:31,C,439,1609,1670,7574
2026-08-02 10:00:46,B,501,579,2767,6477
2026-08-02 10:00:46,F,607,939,2767,6477
2026-08-02 10:00:46,E,491,854,2767,6477
2026-08-02 10:00:46,A,538,2687,2767,6477
2026-08-02 10:00:46,C,630,1418,2767,6477
2026-08-02 10:30:29,B,777,303,3874,5370
2026-08-02 10:30:29,F,801,745,3874,5370
2026-08-02 10:30:29,E,656,689,3874,5370
2026-08-02 10:30:29,A,847,2378,3874,5370
2026-08-02 10:30:29,C,793,1255,3874,5370
2026-08-02 11:00:37,B,932,148,4729,4515
2026-08-02 11:00:37,F,954,592,4729,4515
2026-08-02 11:00:37,E,780,565,4729,4515
2026-08-02 11:00:37,A,1088,2137,4729,4515
2026-08-02 11:00:37,C,975,1073,4729,4515
2026-08-02 11:30:29,B,996,84,5413,3831
2026-08-02 11:30:29,F,1093,453,5413,3831
2026-08-02 11:30:29,E,888,457,5413,3831
2026-08-02 11:30:29,A,1349,1876,5413,3831
2026-08-02 11:30:29,C,1087,961,5413,3831
2026-08-02 12:00:44,B,991,89,5934,3310
2026-08-02 12:00:44,F,1186,360,5934,3310
2026-08-02 12:00:44,E,959,386,5934,3310
2026-08-02 12:00:44,A,1579,1646,5934,3310
2026-08-02 12:00:44,C,1219,829,5934,3310
2026-08-02 12:30:30,B,993,87,6311,2933
2026-08-02 12:30:30,F,1253,293,6311,2933
2026-08-02 12:30:30,E,1002,343,6311,2933
2026-08-02 12:30:30,A,1761,1464,6311,2933
2026-08-02 12:30:30,C,1302,746,6311,2933
2026-08-02 13:00:38,B,994,86,6631,2613
2026-08-02 13:00:38,F,1301,245,6631,2613
2026-08-02 13:00:38,E,1036,309,6631,2613
2026-08-02 13:00:38,A,1920,1305,6631,2613
2026-08-02 13:00:38,C,1380,668,6631,2613
2026-08-02 13:30:37,B,990,90,6995,2249
2026-08-02 13:30:37,F,1318,228,6995,2249
2026-08-02 13:30:37,E,1117,228,6995,2249
2026-08-02 13:30:37,A,2103,1122,6995,2249
2026-08-02 13:30:37,C,1467,581,6995,2249
2026-08-02 14:00:38,B,990,90,7192,2052
2026-08-02 14:00:38,F,1317,229,7192,2052
2026-08-02 14:00:38,E,1131,214,7192,2052
2026-08-02 14:00:38,A,2237,988,7192,2052
2026-08-02 14:00:38,C,1517,531,7192,2052
2026-08-02 14:30:31,B,979,101,7226,2018
2026-08-02 14:30:31,F,1294,252,7226,2018
2026-08-02 14:30:31,E,1147,198,7226,2018
2026-08-02 14:30:31,A,2264,961,7226,2018
2026-08-02 14:30:31,C,1542,506,7226,2018
2026-08-02 14:45:00,B,990,90,7223,2021
2026-08-02 14:45:00,F,1311,235,7223,2021
2026-08-02 14:45:00,E,1135,210,7223,2021
2026-08-02 14:45:00,A,2249,976,7223,2021
2026-08-02 14:45:00,C,1538,510,7223,2021
2026-08-02 15:00:36,B,984,96,7164,2080
2026-08-02 15:00:36,F,1298,248,7164,2080
2026-08-02 15:00:36,E,1119,226,7164,2080
2026-08-02 15:00:36,A,2215,1010,7164,2080
2026-08-02 15:00:36,C,1548,500,7164,2080
2026-08-02 15:30:32,B,981,99,6966,2278
2026-08-02 15:30:32,F,1283,263,6966,2278
2026-08-02 15:30:32,E,1123,222,6966,2278
2026-08-02 15:30:32,A,2088,1137,6966,2278
2026-08-02 15:30:32,C,1491,557,6966,2278
2026-08-02 16:00:37,B,982,98,6724,2520
2026-08-02 16:00:37,F,1258,288,6724,2520
2026-08-02 16:00:37,E,1059,286,6724,2520
2026-08-02 16:00:37,A,1977,1248,6724,2520
2026-08-02 16:00:37,C,1448,600,6724,2520
2026-08-02 16:30:36,B,977,103,6341,2903
2026-08-02 16:30:36,F,1214,332,6341,2903
2026-08-02 16:30:36,E,1007,338,6341,2903
2026-08-02 16:30:36,A,1772,1453,6341,2903
2026-08-02 16:30:36,C,1371,677,6341,2903
2026-08-02 17:00:46,B,983,97,5935,3309
2026-08-02 17:00:46,F,1168,378,5935,3309
2026-08-02 17:00:46,E,943,402,5935,3309
2026-08-02 17:00:46,A,1576,1649,5935,3309
2026-08-02 17:00:46,C,1265,783,5935,3309
2026-08-02 17:25:01,B,967,113,5499,3745
2026-08-02 17:25:01,F,1091,455,5499,3745
2026-08-02 17:25:01,E,875,470,5499,3745
2026-08-02 17:25:01,A,1402,1823,5499,3745
2026-08-02 17:25:01,C,1164,884,5499,3745
2026-08-02 17:30:36,B,981,99,5414,3830
2026-08-02 17:30:36,F,1074,472,5414,3830
2026-08-02 17:30:36,E,858,487,5414,3830
2026-08-02 17:30:36,A,1362,1863,5414,3830
2026-08-02 17:30:36,C,1139,909,5414,3830
2026-08-02 18:00:34,B,982,98,4953,4291
2026-08-02 18:00:34,F,1014,532,4953,4291
2026-08-02 18:00:34,E,806,539,4953,4291
2026-08-02 18:00:34,A,1138,2087,4953,4291
2026-08-02 18:00:34,C,1013,1035,4953,4291
2026-08-02 18:30:30,B,963,117,4325,4919
2026-08-02 18:30:30,F,858,688,4325,4919
2026-08-02 18:30:30,E,696,649,4325,4919
2026-08-02 18:30:30,A,927,2298,4325,4919
2026-08-02 18:30:30,C,881,1167,4325,4919
2026-08-02 19:00:35,B,848,232,3505,5739
2026-08-02 19:00:35,F,714,832,3505,5739
2026-08-02 19:00:35,E,568,777,3505,5739
2026-08-02 19:00:35,A,679,2546,3505,5739
2026-08-02 19:00:35,C,696,1352,3505,5739
2026-08-02 19:27:46,B,735,345,2531,6713
2026-08-02 19:27:46,F,499,1047,2531,6713
2026-08-02 19:27:46,E,410,935,2531,6713
2026-08-02 19:27:46,A,391,2834,2531,6713
2026-08-02 19:27:46,C,496,1552,2531,6713
2026-08-02 19:30:30,B,722,358,2450,6794
2026-08-02 19:30:30,F,483,1063,2450,6794
2026-08-02 19:30:30,E,396,949,2450,6794
2026-08-02 19:30:30,A,374,2851,2450,6794
2026-08-02 19:30:30,C,475,1573,2450,6794
2026-08-02 20:00:35,B,670,410,1903,7341
2026-08-02 20:00:35,F,365,1181,1903,7341
2026-08-02 20:00:35,E,295,1050,1903,7341
2026-08-02 20:00:35,A,253,2972,1903,7341
2026-08-02 20:00:35,C,320,1728,1903,7341
2026-08-02 20:30:30,B,617,463,1620,7624
2026-08-02 20:30:30,F,299,1247,1620,7624
2026-08-02 20:30:30,E,232,1113,1620,7624
2026-08-02 20:30:30,A,207,3018,1620,7624
2026-08-02 20:30:30,C,265,1783,1620,7624
2026-08-02 20:56:58,B,620,460,1496,7748
2026-08-02 20:56:58,F,270,1276,1496,7748
2026-08-02 20:56:58,E,188,1157,1496,7748
2026-08-02 20:56:58,A,181,3044,1496,7748
2026-08-02 20:56:58,C,237,1811,1496,7748
2026-08-02 21:30:29,B,538,542,1225,8019
2026-08-02 21:30:29,F,222,1324,1225,8019
2026-08-02 21:30:29,E,152,1193,1225,8019
2026-08-02 21:30:29,A,129,3096,1225,8019
2026-08-02 21:30:29,C,184,1864,1225,8019
2026-08-02 21:55:18,B,585,495,1191,8053
2026-08-02 21:55:18,F,191,1355,1191,8053
2026-08-02 21:55:18,E,138,1207,1191,8053
2026-08-02 21:55:18,A,113,3112,1191,8053
2026-08-02 21:55:18,C,164,1884,1191,8053
2026-08-02 22:00:36,B,587,493,1187,8057
2026-08-02 22:00:36,F,190,1356,1187,8057
2026-08-02 22:00:36,E,133,1212,1187,8057
2026-08-02 22:00:36,A,114,3111,1187,8057
2026-08-02 22:00:36,C,163,1885,1187,8057
2026-08-02 22:30:31,B,545,535,1080,8164
2026-08-02 22:30:31,F,179,1367,1080,8164
2026-08-02 22:30:31,E,112,1233,1080,8164
2026-08-02 22:30:31,A,101,3124,1080,8164
2026-08-02 22:30:31,C,143,1905,1080,8164
2026-08-02 22:50:02,B,511,569,1018,8226
2026-08-02 22:50:02,F,171,1375,1018,8226
2026-08-02 22:50:02,E,102,1243,1018,8226
2026-08-02 22:50:02,A,99,3126,1018,8226
2026-08-02 22:50:02,C,135,1913,1018,8226
2026-08-02 23:30:30,B,491,589,974,8270
2026-08-02 23:30:30,F,163,1383,974,8270
2026-08-02 23:30:30,E,99,1246,974,8270
2026-08-02 23:30:30,A,87,3138,974,8270
2026-08-02 23:30:30,C,134,1914,974,8270
2026-08-03 00:00:36,B,355,725,799,8445
2026-08-03 00:00:36,F,152,1394,799,8445
2026-08-03 00:00:36,E,89,1256,799,8445
2026-08-03 00:00:36,A,71,3154,799,8445
2026-08-03 00:00:36,C,132,1916,799,8445
2026-08-03 00:19:47,B,312,768,746,8498
2026-08-03 00:19:47,F,153,1393,746,8498
2026-08-03 00:19:47,E,89,1256,746,8498
2026-08-03 00:19:47,A,67,3158,746,8498
2026-08-03 00:19:47,C,125,1923,746,8498
2026-08-03 00:30:32,B,300,780,727,8517
2026-08-03 00:30:32,F,150,1396,727,8517
2026-08-03 00:30:32,E,89,1256,727,8517
2026-08-03 00:30:32,A,65,3160,727,8517
2026-08-03 00:30:32,C,123,1925,727,8517
2026-08-03 01:00:39,B,121,959,493,8751
2026-08-03 01:00:39,F,145,1401,493,8751
2026-08-03 01:00:39,E,76,1269,493,8751
2026-08-03 01:00:39,A,57,3168,493,8751
2026-08-03 01:00:39,C,94,1954,493,8751
2026-08-03 01:30:38,B,81,999,439,8805
2026-08-03 01:30:38,F,146,1400,439,8805
2026-08-03 01:30:38,E,70,1275,439,8805
2026-08-03 01:30:38,A,53,3172,439,8805
2026-08-03 01:30:38,C,89,1959,439,8805
2026-08-03 01:33:09,B,72,1008,430,8814
2026-08-03 01:33:09,F,146,1400,430,8814
2026-08-03 01:33:09,E,70,1275,430,8814
2026-08-03 01:33:09,A,53,3172,430,8814
2026-08-03 01:33:09,C,89,1959,430,8814
2026-08-03 02:00:38,B,53,1027,404,8840
2026-08-03 02:00:38,F,143,1403,404,8840
2026-08-03 02:00:38,E,69,1276,404,8840
2026-08-03 02:00:38,A,52,3173,404,8840
2026-08-03 02:00:38,C,87,1961,404,8840
2026-08-03 02:30:36,B,51,1029,403,8841
2026-08-03 02:30:36,F,143,1403,403,8841
2026-08-03 02:30:36,E,69,1276,403,8841
2026-08-03 02:30:36,A,54,3171,403,8841
2026-08-03 02:30:36,C,86,1962,403,8841
2026-08-03 02:41:36,B,49,1031,401,8843
2026-08-03 02:41:36,F,143,1403,401,8843
2026-08-03 02:41:36,E,69,1276,401,8843
2026-08-03 02:41:36,A,54,3171,401,8843
2026-08-03 02:41:36,C,86,1962,401,8843
2026-08-03 03:00:36,B,48,1032,397,8847
2026-08-03 03:00:36,F,141,1405,397,8847
2026-08-03 03:00:36,E,70,1275,397,8847
2026-08-03 03:00:36,A,52,3173,397,8847
2026-08-03 03:00:36,C,86,1962,397,8847
2026-08-03 03:30:31,B,47,1033,394,8850
2026-08-03 03:30:31,F,141,1405,394,8850
2026-08-03 03:30:31,E,68,1277,394,8850
2026-08-03 03:30:31,A,51,3174,394,8850
2026-08-03 03:30:31,C,87,1961,394,8850
2026-08-03 03:48:17,B,49,1031,399,8845
2026-08-03 03:48:17,F,141,1405,399,8845
2026-08-03 03:48:17,E,68,1277,399,8845
2026-08-03 03:48:17,A,51,3174,399,8845
2026-08-03 03:48:17,C,90,1958,399,8845
2026-08-03 04:00:35,B,48,1032,397,8847
2026-08-03 04:00:35,F,141,1405,397,8847
2026-08-03 04:00:35,E,68,1277,397,8847
2026-08-03 04:00:35,A,51,3174,397,8847
2026-08-03 04:00:35,C,89,1959,397,8847
2026-08-03 04:30:31,B,48,1032,398,8846
2026-08-03 04:30:31,F,142,1404,398,8846
2026-08-03 04:30:31,E,68,1277,398,8846
2026-08-03 04:30:31,A,51,3174,398,8846
2026-08-03 04:30:31,C,89,1959,398,8846
2026-08-03 04:46:15,B,47,1033,398,8846
2026-08-03 04:46:15,F,143,1403,398,8846
2026-08-03 04:46:15,E,68,1277,398,8846
2026-08-03 04:46:15,A,51,3174,398,8846
2026-08-03 04:46:15,C,89,1959,398,8846
2026-08-03 05:00:39,B,46,1034,402,8842
2026-08-03 05:00:39,F,143,1403,402,8842
2026-08-03 05:00:39,E,69,1276,402,8842
2026-08-03 05:00:39,A,52,3173,402,8842
2026-08-03 05:00:39,C,92,1956,402,8842
2026-08-03 05:30:32,B,47,1033,418,8826
2026-08-03 05:30:32,F,152,1394,418,8826
2026-08-03 05:30:32,E,70,1275,418,8826
2026-08-03 05:30:32,A,53,3172,418,8826
2026-08-03 05:30:32,C,96,1952,418,8826
2026-08-03 06:00:36,B,47,1033,479,8765
2026-08-03 06:00:36,F,182,1364,479,8765
2026-08-03 06:00:36,E,85,1260,479,8765
2026-08-03 06:00:36,A,61,3164,479,8765
2026-08-03 06:00:36,C,104,1944,479,8765
2026-08-03 06:02:26,B,47,1033,480,8764
2026-08-03 06:02:26,F,181,1365,480,8764
2026-08-03 06:02:26,E,86,1259,480,8764
2026-08-03 06:02:26,A,62,3163,480,8764
2026-08-03 06:02:26,C,104,1944,480,8764
2026-08-03 06:30:37,B,47,1033,547,8697
2026-08-03 06:30:37,F,198,1348,547,8697
2026-08-03 06:30:37,E,112,1233,547,8697
2026-08-03 06:30:37,A,71,3154,547,8697
2026-08-03 06:30:37,C,119,1929,547,8697
2026-08-03 07:00:38,B,48,1032,744,8500
2026-08-03 07:00:38,F,248,1298,744,8500
2026-08-03 07:00:38,E,152,1193,744,8500
2026-08-03 07:00:38,A,101,3124,744,8500
2026-08-03 07:00:38,C,195,1853,744,8500
2026-08-03 07:13:52,B,48,1032,807,8437
2026-08-03 07:13:52,F,256,1290,807,8437
2026-08-03 07:13:52,E,162,1183,807,8437
2026-08-03 07:13:52,A,114,3111,807,8437
2026-08-03 07:13:52,C,227,1821,807,8437
2026-08-03 07:30:35,B,47,1033,917,8327
2026-08-03 07:30:35,F,276,1270,917,8327
2026-08-03 07:30:35,E,177,1168,917,8327
2026-08-03 07:30:35,A,134,3091,917,8327
2026-08-03 07:30:35,C,283,1765,917,8327
2026-08-03 08:00:42,B,47,1033,1239,8005
2026-08-03 08:00:42,F,350,1196,1239,8005
2026-08-03 08:00:42,E,242,1103,1239,8005
2026-08-03 08:00:42,A,172,3053,1239,8005
2026-08-03 08:00:42,C,428,1620,1239,8005
2026-08-03 08:14:36,B,50,1030,1416,7828
2026-08-03 08:14:36,F,381,1165,1416,7828
2026-08-03 08:14:36,E,273,1072,1416,7828
2026-08-03 08:14:36,A,198,3027,1416,7828
2026-08-03 08:14:36,C,514,1534,1416,7828
2026-08-03 08:30:36,B,45,1035,1665,7579
2026-08-03 08:30:36,F,440,1106,1665,7579
2026-08-03 08:30:36,E,327,1018,1665,7579
2026-08-03 08:30:36,A,246,2979,1665,7579
2026-08-03 08:30:36,C,607,1441,1665,7579
2026-08-03 09:00:37,B,99,981,2461,6783
2026-08-03 09:00:37,F,647,899,2461,6783
2026-08-03 09:00:37,E,463,882,2461,6783
2026-08-03 09:00:37,A,418,2807,2461,6783
2026-08-03 09:00:37,C,834,1214,2461,6783
2026-08-03 09:24:43,B,207,873,3207,6037
2026-08-03 09:24:43,F,819,727,3207,6037
2026-08-03 09:24:43,E,596,749,3207,6037
2026-08-03 09:24:43,A,590,2635,3207,6037
2026-08-03 09:24:43,C,995,1053,3207,6037
2026-08-03 09:30:29,B,235,845,3388,5856
2026-08-03 09:30:29,F,862,684,3388,5856
2026-08-03 09:30:29,E,625,720,3388,5856
2026-08-03 09:30:29,A,645,2580,3388,5856
2026-08-03 09:30:29,C,1021,1027,3388,5856
2026-08-03 10:00:41,B,383,697,4122,5122
2026-08-03 10:00:41,F,1044,502,4122,5122
2026-08-03 10:00:41,E,733,612,4122,5122
2026-08-03 10:00:41,A,820,2405,4122,5122
2026-08-03 10:00:41,C,1142,906,4122,5122
2026-08-03 10:30:32,B,494,586,4520,4724
2026-08-03 10:30:32,F,1107,439,4520,4724
2026-08-03 10:30:32,E,771,574,4520,4724
2026-08-03 10:30:32,A,939,2286,4520,4724
2026-08-03 10:30:32,C,1209,839,4520,4724
2026-08-03 11:30:31,B,685,395,5375,3869
2026-08-03 11:30:31,F,1259,287,5375,3869
2026-08-03 11:30:31,E,905,440,5375,3869
2026-08-03 11:30:31,A,1199,2026,5375,3869
2026-08-03 11:30:31,C,1327,721,5375,3869
2026-08-03 12:00:43,B,760,320,5739,3505
2026-08-03 12:00:43,F,1313,233,5739,3505
2026-08-03 12:00:43,E,959,386,5739,3505
2026-08-03 12:00:43,A,1307,1918,5739,3505
2026-08-03 12:00:43,C,1400,648,5739,3505
2026-08-03 12:30:38,B,814,266,5921,3323
2026-08-03 12:30:38,F,1305,241,5921,3323
2026-08-03 12:30:38,E,1007,338,5921,3323
2026-08-03 12:30:38,A,1345,1880,5921,3323
2026-08-03 12:30:38,C,1450,598,5921,3323
2026-08-03 13:00:40,B,831,249,6018,3226
2026-08-03 13:00:40,F,1304,242,6018,3226
2026-08-03 13:00:40,E,1013,332,6018,3226
2026-08-03 13:00:40,A,1409,1816,6018,3226
2026-08-03 13:00:40,C,1461,587,6018,3226
2026-08-03 13:30:30,B,846,234,6038,3206
2026-08-03 13:30:30,F,1306,240,6038,3206
2026-08-03 13:30:30,E,1020,325,6038,3206
2026-08-03 13:30:30,A,1408,1817,6038,3206
2026-08-03 13:30:30,C,1458,590,6038,3206
2026-08-03 14:00:46,B,858,222,5999,3245
2026-08-03 14:00:46,F,1303,243,5999,3245
2026-08-03 14:00:46,E,1001,344,5999,3245
2026-08-03 14:00:46,A,1408,1817,5999,3245
2026-08-03 14:00:46,C,1429,619,5999,3245
2026-08-03 14:30:32,B,821,259,5778,3466
2026-08-03 14:30:32,F,1287,259,5778,3466
2026-08-03 14:30:32,E,962,383,5778,3466
2026-08-03 14:30:32,A,1337,1888,5778,3466
2026-08-03 14:30:32,C,1371,677,5778,3466
2026-08-03 14:53:57,B,777,303,5513,3731
2026-08-03 14:53:57,F,1250,296,5513,3731
2026-08-03 14:53:57,E,907,438,5513,3731
2026-08-03 14:53:57,A,1247,1978,5513,3731
2026-08-03 14:53:57,C,1332,716,5513,3731
2026-08-03 15:00:38,B,768,312,5452,3792
2026-08-03 15:00:38,F,1251,295,5452,3792
2026-08-03 15:00:38,E,903,442,5452,3792
2026-08-03 15:00:38,A,1212,2013,5452,3792
2026-08-03 15:00:38,C,1318,730,5452,3792
2026-08-03 15:30:31,B,700,380,5073,4171
2026-08-03 15:30:31,F,1183,363,5073,4171
2026-08-03 15:30:31,E,857,488,5073,4171
2026-08-03 15:30:31,A,1093,2132,5073,4171
2026-08-03 15:30:31,C,1240,808,5073,4171
2026-08-03 16:01:04,B,704,376,4799,4445
2026-08-03 16:01:04,F,1110,436,4799,4445
2026-08-03 16:01:04,E,791,554,4799,4445
2026-08-03 16:01:04,A,975,2250,4799,4445
2026-08-03 16:01:04,C,1219,829,4799,4445
2026-08-03 16:30:37,B,695,385,4494,4750
2026-08-03 16:30:37,F,1043,503,4494,4750
2026-08-03 16:30:37,E,761,584,4494,4750
2026-08-03 16:30:37,A,882,2343,4494,4750
2026-08-03 16:30:37,C,1113,935,4494,4750
2026-08-03 17:00:38,B,681,399,4007,5237
2026-08-03 17:00:38,F,957,589,4007,5237
2026-08-03 17:00:38,E,683,662,4007,5237
2026-08-03 17:00:38,A,757,2468,4007,5237
2026-08-03 17:00:38,C,929,1119,4007,5237
2026-08-03 17:30:31,B,633,447,3153,6091
2026-08-03 17:30:31,F,750,796,3153,6091
2026-08-03 17:30:31,E,539,806,3153,6091
2026-08-03 17:30:31,A,555,2670,3153,6091
2026-08-03 17:30:31,C,676,1372,3153,6091
2026-08-03 18:01:13,B,599,481,2226,7018
2026-08-03 18:01:13,F,449,1097,2226,7018
2026-08-03 18:01:13,E,393,952,2226,7018
2026-08-03 18:01:13,A,326,2899,2226,7018
2026-08-03 18:01:13,C,459,1589,2226,7018
2026-08-03 18:17:03,B,606,474,1976,7268
2026-08-03 18:17:03,F,387,1159,1976,7268
2026-08-03 18:17:03,E,370,975,1976,7268
2026-08-03 18:17:03,A,226,2999,1976,7268
2026-08-03 18:17:03,C,387,1661,1976,7268
2026-08-03 18:30:32,B,637,443,1877,7367
2026-08-03 18:30:32,F,360,1186,1877,7367
2026-08-03 18:30:32,E,354,991,1877,7367
2026-08-03 18:30:32,A,191,3034,1877,7367
2026-08-03 18:30:32,C,335,1713,1877,7367
2026-08-03 19:01:01,B,632,448,1747,7497
2026-08-03 19:01:01,F,339,1207,1747,7497
2026-08-03 19:01:01,E,334,1011,1747,7497
2026-08-03 19:01:01,A,150,3075,1747,7497
2026-08-03 19:01:01,C,292,1756,1747,7497
2026-08-03 19:30:59,B,611,469,1633,7611
2026-08-03 19:30:59,F,315,1231,1633,7611
2026-08-03 19:30:59,E,310,1035,1633,7611
2026-08-03 19:30:59,A,139,3086,1633,7611
2026-08-03 19:30:59,C,258,1790,1633,7611
2026-08-03 20:00:39,B,632,448,1524,7720
2026-08-03 20:00:39,F,293,1253,1524,7720
2026-08-03 20:00:39,E,246,1099,1524,7720
2026-08-03 20:00:39,A,128,3097,1524,7720
2026-08-03 20:00:39,C,225,1823,1524,7720
2026-08-03 20:30:31,B,619,461,1415,7829
2026-08-03 20:30:31,F,267,1279,1415,7829
2026-08-03 20:30:31,E,219,1126,1415,7829
2026-08-03 20:30:31,A,110,3115,1415,7829
2026-08-03 20:30:31,C,200,1848,1415,7829
2026-08-03 21:00:48,B,537,543,1216,8028
2026-08-03 21:00:48,F,229,1317,1216,8028
2026-08-03 21:00:48,E,184,1161,1216,8028
2026-08-03 21:00:48,A,94,3131,1216,8028
2026-08-03 21:00:48,C,172,1876,1216,8028
2026-08-03 21:30:32,B,489,591,1076,8168
2026-08-03 21:30:32,F,211,1335,1076,8168
2026-08-03 21:30:32,E,139,1206,1076,8168
2026-08-03 21:30:32,A,82,3143,1076,8168
2026-08-03 21:30:32,C,155,1893,1076,8168
2026-08-03 21:51:10,B,470,610,1015,8229
2026-08-03 21:51:10,F,203,1343,1015,8229
2026-08-03 21:51:10,E,110,1235,1015,8229
2026-08-03 21:51:10,A,74,3151,1015,8229
2026-08-03 21:51:10,C,158,1890,1015,8229
2026-08-03 22:30:37,B,458,622,937,8307
2026-08-03 22:30:37,F,184,1362,937,8307
2026-08-03 22:30:37,E,92,1253,937,8307
2026-08-03 22:30:37,A,69,3156,937,8307
2026-08-03 22:30:37,C,134,1914,937,8307
2026-08-03 23:00:43,B,402,678,854,8390
2026-08-03 23:00:43,F,183,1363,854,8390
2026-08-03 23:00:43,E,83,1262,854,8390
2026-08-03 23:00:43,A,61,3164,854,8390
2026-08-03 23:00:43,C,125,1923,854,8390
2026-08-03 23:30:31,B,328,752,744,8500
2026-08-03 23:30:31,F,169,1377,744,8500
2026-08-03 23:30:31,E,72,1273,744,8500
2026-08-03 23:30:31,A,61,3164,744,8500
2026-08-03 23:30:31,C,114,1934,744,8500
2026-08-04 00:00:46,B,243,837,644,8600
2026-08-04 00:00:46,F,160,1386,644,8600
2026-08-04 00:00:46,E,63,1282,644,8600
2026-08-04 00:00:46,A,58,3167,644,8600
2026-08-04 00:00:46,C,120,1928,644,8600
2026-08-04 00:07:23,B,216,864,611,8633
2026-08-04 00:07:23,F,161,1385,611,8633
2026-08-04 00:07:23,E,62,1283,611,8633
2026-08-04 00:07:23,A,57,3168,611,8633
2026-08-04 00:07:23,C,115,1933,611,8633
2026-08-04 00:30:39,B,166,914,545,8699
2026-08-04 00:30:39,F,160,1386,545,8699
2026-08-04 00:30:39,E,57,1288,545,8699
2026-08-04 00:30:39,A,56,3169,545,8699
2026-08-04 00:30:39,C,106,1942,545,8699
2026-08-04 01:00:38,B,63,1017,408,8836
2026-08-04 01:00:38,F,154,1392,408,8836
2026-08-04 01:00:38,E,50,1295,408,8836
2026-08-04 01:00:38,A,51,3174,408,8836
2026-08-04 01:00:38,C,90,1958,408,8836
2026-08-04 01:30:39,B,44,1036,386,8858
2026-08-04 01:30:39,F,154,1392,386,8858
2026-08-04 01:30:39,E,50,1295,386,8858
2026-08-04 01:30:39,A,50,3175,386,8858
2026-08-04 01:30:39,C,88,1960,386,8858
2026-08-04 02:00:41,B,40,1040,380,8864
2026-08-04 02:00:41,F,151,1395,380,8864
2026-08-04 02:00:41,E,51,1294,380,8864
2026-08-04 02:00:41,A,50,3175,380,8864
2026-08-04 02:00:41,C,88,1960,380,8864
2026-08-04 02:30:40,B,41,1039,379,8865
2026-08-04 02:30:40,F,148,1398,379,8865
2026-08-04 02:30:40,E,51,1294,379,8865
2026-08-04 02:30:40,A,50,3175,379,8865
2026-08-04 02:30:40,C,89,1959,379,8865
2026-08-04 02:43:15,B,42,1038,376,8868
2026-08-04 02:43:15,F,145,1401,376,8868
2026-08-04 02:43:15,E,51,1294,376,8868
2026-08-04 02:43:15,A,50,3175,376,8868
2026-08-04 02:43:15,C,88,1960,376,8868
2026-08-04 03:00:39,B,43,1037,376,8868
2026-08-04 03:00:39,F,145,1401,376,8868
2026-08-04 03:00:39,E,52,1293,376,8868
2026-08-04 03:00:39,A,49,3176,376,8868
2026-08-04 03:00:39,C,87,1961,376,8868
2026-08-04 03:30:37,B,41,1039,372,8872
2026-08-04 03:30:37,F,146,1400,372,8872
2026-08-04 03:30:37,E,53,1292,372,8872
2026-08-04 03:30:37,A,47,3178,372,8872
2026-08-04 03:30:37,C,85,1963,372,8872
2026-08-04 04:00:39,B,41,1039,374,8870
2026-08-04 04:00:39,F,146,1400,374,8870
2026-08-04 04:00:39,E,53,1292,374,8870
2026-08-04 04:00:39,A,47,3178,374,8870
2026-08-04 04:00:39,C,87,1961,374,8870
2026-08-04 04:29:28,B,41,1039,371,8873
2026-08-04 04:29:28,F,145,1401,371,8873
2026-08-04 04:29:28,E,52,1293,371,8873
2026-08-04 04:29:28,A,47,3178,371,8873
2026-08-04 04:29:28,C,86,1962,371,8873
2026-08-04 04:30:39,B,41,1039,371,8873
2026-08-04 04:30:39,F,145,1401,371,8873
2026-08-04 04:30:39,E,51,1294,371,8873
2026-08-04 04:30:39,A,48,3177,371,8873
2026-08-04 04:30:39,C,86,1962,371,8873
2026-08-04 05:00:41,B,41,1039,367,8877
2026-08-04 05:00:41,F,146,1400,367,8877
2026-08-04 05:00:41,E,50,1295,367,8877
2026-08-04 05:00:41,A,49,3176,367,8877
2026-08-04 05:00:41,C,81,1967,367,8877
2026-08-04 05:30:32,B,41,1039,377,8867
2026-08-04 05:30:32,F,153,1393,377,8867
2026-08-04 05:30:32,E,53,1292,377,8867
2026-08-04 05:30:32,A,50,3175,377,8867
2026-08-04 05:30:32,C,80,1968,377,8867
2026-08-04 06:00:37,B,41,1039,462,8782
2026-08-04 06:00:37,F,183,1363,462,8782
2026-08-04 06:00:37,E,72,1273,462,8782
2026-08-04 06:00:37,A,61,3164,462,8782
2026-08-04 06:00:37,C,105,1943,462,8782
2026-08-04 06:10:28,B,40,1040,484,8760
2026-08-04 06:10:28,F,189,1357,484,8760
2026-08-04 06:10:28,E,79,1266,484,8760
2026-08-04 06:10:28,A,65,3160,484,8760
2026-08-04 06:10:28,C,111,1937,484,8760
2026-08-04 06:30:38,B,41,1039,534,8710
2026-08-04 06:30:38,F,200,1346,534,8710
2026-08-04 06:30:38,E,92,1253,534,8710
2026-08-04 06:30:38,A,73,3152,534,8710
2026-08-04 06:30:38,C,128,1920,534,8710
2026-08-04 07:00:38,B,40,1040,750,8494
2026-08-04 07:00:38,F,274,1272,750,8494
2026-08-04 07:00:38,E,115,1230,750,8494
2026-08-04 07:00:38,A,108,3117,750,8494
2026-08-04 07:00:38,C,213,1835,750,8494
2026-08-04 07:30:39,B,40,1040,921,8323
2026-08-04 07:30:39,F,312,1234,921,8323
2026-08-04 07:30:39,E,144,1201,921,8323
2026-08-04 07:30:39,A,141,3084,921,8323
2026-08-04 07:30:39,C,284,1764,921,8323
2026-08-04 07:35:04,B,39,1041,947,8297
2026-08-04 07:35:04,F,311,1235,947,8297
2026-08-04 07:35:04,E,151,1194,947,8297
2026-08-04 07:35:04,A,149,3076,947,8297
2026-08-04 07:35:04,C,297,1751,947,8297
2026-08-04 08:00:39,B,40,1040,1214,8030
2026-08-04 08:00:39,F,366,1180,1214,8030
2026-08-04 08:00:39,E,198,1147,1214,8030
2026-08-04 08:00:39,A,172,3053,1214,8030
2026-08-04 08:00:39,C,438,1610,1214,8030
2026-08-04 08:30:30,B,40,1040,1684,7560
2026-08-04 08:30:30,F,454,1092,1684,7560
2026-08-04 08:30:30,E,276,1069,1684,7560
2026-08-04 08:30:30,A,254,2971,1684,7560
2026-08-04 08:30:30,C,660,1388,1684,7560
2026-08-04 08:45:47,B,49,1031,1996,7248
2026-08-04 08:45:47,F,524,1022,1996,7248
2026-08-04 08:45:47,E,347,998,1996,7248
2026-08-04 08:45:47,A,325,2900,1996,7248
2026-08-04 08:45:47,C,751,1297,1996,7248
2026-08-04 09:00:46,B,100,980,2480,6764
2026-08-04 09:00:46,F,685,861,2480,6764
2026-08-04 09:00:46,E,429,916,2480,6764
2026-08-04 09:00:46,A,425,2800,2480,6764
2026-08-04 09:00:46,C,841,1207,2480,6764
2026-08-04 09:30:31,B,234,846,3482,5762
2026-08-04 09:30:31,F,934,612,3482,5762
2026-08-04 09:30:31,E,610,735,3482,5762
2026-08-04 09:30:31,A,680,2545,3482,5762
2026-08-04 09:30:31,C,1024,1024,3482,5762
2026-08-04 09:56:00,B,370,710,4118,5126
2026-08-04 09:56:00,F,1065,481,4118,5126
2026-08-04 09:56:00,E,685,660,4118,5126
2026-08-04 09:56:00,A,854,2371,4118,5126
2026-08-04 09:56:00,C,1144,904,4118,5126
2026-08-04 10:00:41,B,400,680,4217,5027
2026-08-04 10:00:41,F,1085,461,4217,5027
2026-08-04 10:00:41,E,691,654,4217,5027
2026-08-04 10:00:41,A,873,2352,4217,5027
2026-08-04 10:00:41,C,1168,880,4217,5027
2026-08-04 10:30:29,B,529,551,4758,4486
2026-08-04 10:30:29,F,1178,368,4758,4486
2026-08-04 10:30:29,E,780,565,4758,4486
2026-08-04 10:30:29,A,1021,2204,4758,4486
2026-08-04 10:30:29,C,1250,798,4758,4486
2026-08-04 11:00:47,B,613,467,5244,4000
2026-08-04 11:00:47,F,1257,289,5244,4000
2026-08-04 11:00:47,E,841,504,5244,4000
2026-08-04 11:00:47,A,1180,2045,5244,4000
2026-08-04 11:00:47,C,1353,695,5244,4000
2026-08-04 11:21:37,B,694,386,5555,3689
2026-08-04 11:21:37,F,1280,266,5555,3689
2026-08-04 11:21:37,E,898,447,5555,3689
2026-08-04 11:21:37,A,1271,1954,5555,3689
2026-08-04 11:21:37,C,1412,636,5555,3689
2026-08-04 11:30:31,B,725,355,5693,3551
2026-08-04 11:30:31,F,1296,250,5693,3551
2026-08-04 11:30:31,E,919,426,5693,3551
2026-08-04 11:30:31,A,1311,1914,5693,3551
2026-08-04 11:30:31,C,1442,606,5693,3551
2026-08-04 12:00:37,B,828,252,6044,3200
2026-08-04 12:00:37,F,1312,234,6044,3200
2026-08-04 12:00:37,E,967,378,6044,3200
2026-08-04 12:00:37,A,1419,1806,6044,3200
2026-08-04 12:00:37,C,1518,530,6044,3200
2026-08-04 12:30:35,B,910,170,6303,2941
2026-08-04 12:30:35,F,1312,234,6303,2941
2026-08-04 12:30:35,E,975,370,6303,2941
2026-08-04 12:30:35,A,1538,1687,6303,2941
2026-08-04 12:30:35,C,1568,480,6303,2941
2026-08-04 13:00:40,B,952,128,6453,2791
2026-08-04 13:00:40,F,1312,234,6453,2791
2026-08-04 13:00:40,E,1005,340,6453,2791
2026-08-04 13:00:40,A,1586,1639,6453,2791
2026-08-04 13:00:40,C,1598,450,6453,2791
2026-08-04 13:30:32,B,962,118,6458,2786
2026-08-04 13:30:32,F,1306,240,6458,2786
2026-08-04 13:30:32,E,1027,318,6458,2786
2026-08-04 13:30:32,A,1588,1637,6458,2786
2026-08-04 13:30:32,C,1575,473,6458,2786
2026-08-04 14:00:37,B,955,125,6364,2880
2026-08-04 14:00:37,F,1309,237,6364,2880
2026-08-04 14:00:37,E,989,356,6364,2880
2026-08-04 14:00:37,A,1567,1658,6364,2880
2026-08-04 14:00:37,C,1544,504,6364,2880
2026-08-04 14:30:31,B,921,159,6058,3186
2026-08-04 14:30:31,F,1282,264,6058,3186
2026-08-04 14:30:31,E,935,410,6058,3186
2026-08-04 14:30:31,A,1452,1773,6058,3186
2026-08-04 14:30:31,C,1468,580,6058,3186
2026-08-04 14:35:36,B,913,167,6013,3231
2026-08-04 14:35:36,F,1279,267,6013,3231
2026-08-04 14:35:36,E,934,411,6013,3231
2026-08-04 14:35:36,A,1437,1788,6013,3231
2026-08-04 14:35:36,C,1450,598,6013,3231
2026-08-04 15:00:40,B,862,218,5694,3550
2026-08-04 15:00:40,F,1233,313,5694,3550
2026-08-04 15:00:40,E,890,455,5694,3550
2026-08-04 15:00:40,A,1328,1897,5694,3550
2026-08-04 15:00:40,C,1381,667,5694,3550
2026-08-04 15:30:31,B,781,299,5256,3988
2026-08-04 15:30:31,F,1159,387,5256,3988
2026-08-04 15:30:31,E,817,528,5256,3988
2026-08-04 15:30:31,A,1186,2039,5256,3988
2026-08-04 15:30:31,C,1313,735,5256,3988
2026-08-04 16:00:40,B,741,339,5008,4236
2026-08-04 16:00:40,F,1122,424,5008,4236
2026-08-04 16:00:40,E,800,545,5008,4236
2026-08-04 16:00:40,A,1086,2139,5008,4236
2026-08-04 16:00:40,C,1259,789,5008,4236
2026-08-04 16:30:43,B,717,363,4599,4645
2026-08-04 16:30:43,F,1034,512,4599,4645
2026-08-04 16:30:43,E,763,582,4599,4645
2026-08-04 16:30:43,A,938,2287,4599,4645
2026-08-04 16:30:43,C,1147,901,4599,4645
2026-08-04 17:00:44,B,712,368,4147,5097
2026-08-04 17:00:44,F,944,602,4147,5097
2026-08-04 17:00:44,E,706,639,4147,5097
2026-08-04 17:00:44,A,826,2399,4147,5097
2026-08-04 17:00:44,C,959,1089,4147,5097
2026-08-04 17:27:44,B,733,347,3500,5744
2026-08-04 17:27:44,F,801,745,3500,5744
2026-08-04 17:27:44,E,569,776,3500,5744
2026-08-04 17:27:44,A,650,2575,3500,5744
2026-08-04 17:27:44,C,747,1301,3500,5744
2026-08-04 17:30:38,B,720,360,3405,5839
2026-08-04 17:30:38,F,785,761,3405,5839
2026-08-04 17:30:38,E,546,799,3405,5839
2026-08-04 17:30:38,A,623,2602,3405,5839
2026-08-04 17:30:38,C,731,1317,3405,5839
2026-08-04 18:00:50,B,670,410,2587,6657
2026-08-04 18:00:50,F,561,985,2587,6657
2026-08-04 18:00:50,E,422,923,2587,6657
2026-08-04 18:00:50,A,405,2820,2587,6657
2026-08-04 18:00:50,C,529,1519,2587,6657
2026-08-04 18:30:32,B,706,374,2118,7126
2026-08-04 18:30:32,F,437,1109,2118,7126
2026-08-04 18:30:32,E,346,999,2118,7126
2026-08-04 18:30:32,A,237,2988,2118,7126
2026-08-04 18:30:32,C,392,1656,2118,7126
2026-08-04 19:00:48,B,741,339,1967,7277
2026-08-04 19:00:48,F,397,1149,1967,7277
2026-08-04 19:00:48,E,332,1013,1967,7277
2026-08-04 19:00:48,A,178,3047,1967,7277
2026-08-04 19:00:48,C,319,1729,1967,7277
2026-08-04 19:30:39,B,724,356,1808,7436
2026-08-04 19:30:39,F,372,1174,1808,7436
2026-08-04 19:30:39,E,278,1067,1808,7436
2026-08-04 19:30:39,A,160,3065,1808,7436
2026-08-04 19:30:39,C,274,1774,1808,7436
2026-08-04 20:00:41,B,738,342,1691,7553
2026-08-04 20:00:41,F,337,1209,1691,7553
2026-08-04 20:00:41,E,247,1098,1691,7553
2026-08-04 20:00:41,A,137,3088,1691,7553
2026-08-04 20:00:41,C,232,1816,1691,7553
2026-08-04 20:07:04,B,735,345,1662,7582
2026-08-04 20:07:04,F,331,1215,1662,7582
2026-08-04 20:07:04,E,227,1118,1662,7582
2026-08-04 20:07:04,A,135,3090,1662,7582
2026-08-04 20:07:04,C,234,1814,1662,7582
2026-08-04 20:30:30,B,727,353,1578,7666
2026-08-04 20:30:30,F,298,1248,1578,7666
2026-08-04 20:30:30,E,199,1146,1578,7666
2026-08-04 20:30:30,A,125,3100,1578,7666
2026-08-04 20:30:30,C,229,1819,1578,7666
2026-08-04 21:30:35,B,535,545,1162,8082
2026-08-04 21:30:35,F,239,1307,1162,8082
2026-08-04 21:30:35,E,125,1220,1162,8082
2026-08-04 21:30:35,A,94,3131,1162,8082
2026-08-04 21:30:35,C,169,1879,1162,8082
2026-08-04 22:22:40,B,565,515,1105,8139
2026-08-04 22:22:40,F,209,1337,1105,8139
2026-08-04 22:22:40,E,92,1253,1105,8139
2026-08-04 22:22:40,A,80,3145,1105,8139
2026-08-04 22:22:40,C,159,1889,1105,8139
2026-08-04 22:30:40,B,562,518,1097,8147
2026-08-04 22:30:40,F,204,1342,1097,8147
2026-08-04 22:30:40,E,93,1252,1097,8147
2026-08-04 22:30:40,A,80,3145,1097,8147
2026-08-04 22:30:40,C,158,1890,1097,8147
2026-08-04 23:00:41,B,498,582,993,8251
2026-08-04 23:00:41,F,193,1353,993,8251
2026-08-04 23:00:41,E,84,1261,993,8251
2026-08-04 23:00:41,A,73,3152,993,8251
2026-08-04 23:00:41,C,145,1903,993,8251
2026-08-04 23:30:43,B,447,633,908,8336
2026-08-04 23:30:43,F,180,1366,908,8336
2026-08-04 23:30:43,E,77,1268,908,8336
2026-08-04 23:30:43,A,68,3157,908,8336
2026-08-04 23:30:43,C,136,1912,908,8336
2026-08-05 00:00:48,B,349,731,790,8454
2026-08-05 00:00:48,F,171,1375,790,8454
2026-08-05 00:00:48,E,72,1273,790,8454
2026-08-05 00:00:48,A,62,3163,790,8454
2026-08-05 00:00:48,C,136,1912,790,8454
2026-08-05 00:30:39,B,239,841,665,8579
2026-08-05 00:30:39,F,173,1373,665,8579
2026-08-05 00:30:39,E,66,1279,665,8579
2026-08-05 00:30:39,A,57,3168,665,8579
2026-08-05 00:30:39,C,130,1918,665,8579
2026-08-05 00:55:38,B,92,988,462,8782
2026-08-05 00:55:38,F,164,1382,462,8782
2026-08-05 00:55:38,E,55,1290,462,8782
2026-08-05 00:55:38,A,52,3173,462,8782
2026-08-05 00:55:38,C,99,1949,462,8782
2026-08-05 01:00:42,B,73,1007,438,8806
2026-08-05 01:00:42,F,160,1386,438,8806
2026-08-05 01:00:42,E,53,1292,438,8806
2026-08-05 01:00:42,A,53,3172,438,8806
2026-08-05 01:00:42,C,99,1949,438,8806
2026-08-05 01:30:40,B,53,1027,412,8832
2026-08-05 01:30:40,F,159,1387,412,8832
2026-08-05 01:30:40,E,52,1293,412,8832
2026-08-05 01:30:40,A,55,3170,412,8832
2026-08-05 01:30:40,C,93,1955,412,8832
2026-08-05 02:00:47,B,49,1031,400,8844
2026-08-05 02:00:47,F,155,1391,400,8844
2026-08-05 02:00:47,E,49,1296,400,8844
2026-08-05 02:00:47,A,54,3171,400,8844
2026-08-05 02:00:47,C,93,1955,400,8844
2026-08-05 02:30:41,B,50,1030,397,8847
2026-08-05 02:30:41,F,151,1395,397,8847
2026-08-05 02:30:41,E,49,1296,397,8847
2026-08-05 02:30:41,A,53,3172,397,8847
2026-08-05 02:30:41,C,94,1954,397,8847
2026-08-05 02:44:24,B,48,1032,395,8849
2026-08-05 02:44:24,F,151,1395,395,8849
2026-08-05 02:44:24,E,49,1296,395,8849
2026-08-05 02:44:24,A,53,3172,395,8849
2026-08-05 02:44:24,C,94,1954,395,8849
2026-08-05 03:00:39,B,47,1033,396,8848
2026-08-05 03:00:39,F,152,1394,396,8848
2026-08-05 03:00:39,E,50,1295,396,8848
2026-08-05 03:00:39,A,54,3171,396,8848
2026-08-05 03:00:39,C,93,1955,396,8848
2026-08-05 03:30:31,B,46,1034,390,8854
2026-08-05 03:30:31,F,151,1395,390,8854
2026-08-05 03:30:31,E,51,1294,390,8854
2026-08-05 03:30:31,A,52,3173,390,8854
2026-08-05 03:30:31,C,90,1958,390,8854
2026-08-05 04:20:09,B,46,1034,388,8856
2026-08-05 04:20:09,F,149,1397,388,8856
2026-08-05 04:20:09,E,49,1296,388,8856
2026-08-05 04:20:09,A,51,3174,388,8856
2026-08-05 04:20:09,C,93,1955,388,8856
2026-08-05 04:30:37,B,46,1034,388,8856
2026-08-05 04:30:37,F,149,1397,388,8856
2026-08-05 04:30:37,E,49,1296,388,8856
2026-08-05 04:30:37,A,51,3174,388,8856
2026-08-05 04:30:37,C,93,1955,388,8856
2026-08-05 05:00:40,B,46,1034,387,8857
2026-08-05 05:00:40,F,151,1395,387,8857
2026-08-05 05:00:40,E,47,1298,387,8857
2026-08-05 05:00:40,A,49,3176,387,8857
2026-08-05 05:00:40,C,94,1954,387,8857
2026-08-05 05:30:36,B,46,1034,389,8855
2026-08-05 05:30:36,F,153,1393,389,8855
2026-08-05 05:30:36,E,51,1294,389,8855
2026-08-05 05:30:36,A,48,3177,389,8855
2026-08-05 05:30:36,C,91,1957,389,8855
2026-08-05 06:00:38,B,47,1033,478,8766
2026-08-05 06:00:38,F,182,1364,478,8766
2026-08-05 06:00:38,E,69,1276,478,8766
2026-08-05 06:00:38,A,52,3173,478,8766
2026-08-05 06:00:38,C,128,1920,478,8766
2026-08-05 06:04:08,B,46,1034,489,8755
2026-08-05 06:04:08,F,185,1361,489,8755
2026-08-05 06:04:08,E,72,1273,489,8755
2026-08-05 06:04:08,A,56,3169,489,8755
2026-08-05 06:04:08,C,130,1918,489,8755
2026-08-05 06:30:38,B,48,1032,556,8688
2026-08-05 06:30:38,F,201,1345,556,8688
2026-08-05 06:30:38,E,96,1249,556,8688
2026-08-05 06:30:38,A,61,3164,556,8688
2026-08-05 06:30:38,C,150,1898,556,8688
2026-08-05 07:00:43,B,48,1032,723,8521
2026-08-05 07:00:43,F,242,1304,723,8521
2026-08-05 07:00:43,E,122,1223,723,8521
2026-08-05 07:00:43,A,93,3132,723,8521
2026-08-05 07:00:43,C,218,1830,723,8521
2026-08-05 07:30:31,B,47,1033,857,8387
2026-08-05 07:30:31,F,275,1271,857,8387
2026-08-05 07:30:31,E,146,1199,857,8387
2026-08-05 07:30:31,A,118,3107,857,8387
2026-08-05 07:30:31,C,271,1777,857,8387
2026-08-05 07:43:45,B,45,1035,945,8299
2026-08-05 07:43:45,F,284,1262,945,8299
2026-08-05 07:43:45,E,164,1181,945,8299
2026-08-05 07:43:45,A,139,3086,945,8299
2026-08-05 07:43:45,C,313,1735,945,8299
2026-08-05 08:00:37,B,47,1033,1144,8100
2026-08-05 08:00:37,F,317,1229,1144,8100
2026-08-05 08:00:37,E,206,1139,1144,8100
2026-08-05 08:00:37,A,172,3053,1144,8100
2026-08-05 08:00:37,C,402,1646,1144,8100
2026-08-05 08:30:29,B,46,1034,1489,7755
2026-08-05 08:30:29,F,383,1163,1489,7755
2026-08-05 08:30:29,E,287,1058,1489,7755
2026-08-05 08:30:29,A,233,2992,1489,7755
2026-08-05 08:30:29,C,540,1508,1489,7755
2026-08-05 08:49:46,B,72,1008,1884,7360
2026-08-05 08:49:46,F,461,1085,1884,7360
2026-08-05 08:49:46,E,372,973,1884,7360
2026-08-05 08:49:46,A,322,2903,1884,7360
2026-08-05 08:49:46,C,657,1391,1884,7360
2026-08-05 09:00:38,B,128,952,2203,7041
2026-08-05 09:00:38,F,536,1010,2203,7041
2026-08-05 09:00:38,E,427,918,2203,7041
2026-08-05 09:00:38,A,380,2845,2203,7041
2026-08-05 09:00:38,C,732,1316,2203,7041
2026-08-05 09:30:37,B,256,824,3155,6089
2026-08-05 09:30:37,F,753,793,3155,6089
2026-08-05 09:30:37,E,595,750,3155,6089
2026-08-05 09:30:37,A,616,2609,3155,6089
2026-08-05 09:30:37,C,935,1113,3155,6089
2026-08-05 09:49:51,B,365,715,3713,5531
2026-08-05 09:49:51,F,869,677,3713,5531
2026-08-05 09:49:51,E,658,687,3713,5531
2026-08-05 09:49:51,A,751,2474,3713,5531
2026-08-05 09:49:51,C,1070,978,3713,5531
2026-08-05 10:00:39,B,429,651,4030,5214
2026-08-05 10:00:39,F,964,582,4030,5214
2026-08-05 10:00:39,E,682,663,4030,5214
2026-08-05 10:00:39,A,837,2388,4030,5214
2026-08-05 10:00:39,C,1118,930,4030,5214
2026-08-05 10:30:31,B,584,496,4737,4507
2026-08-05 10:30:31,F,1101,445,4737,4507
2026-08-05 10:30:31,E,772,573,4737,4507
2026-08-05 10:30:31,A,1043,2182,4737,4507
2026-08-05 10:30:31,C,1237,811,4737,4507
2026-08-05 11:13:05,B,719,361,5470,3774
2026-08-05 11:13:05,F,1230,316,5470,3774
2026-08-05 11:13:05,E,894,451,5470,3774
2026-08-05 11:13:05,A,1245,1980,5470,3774
2026-08-05 11:13:05,C,1382,666,5470,3774
2026-08-05 11:30:31,B,759,321,5699,3545
2026-08-05 11:30:31,F,1275,271,5699,3545
2026-08-05 11:30:31,E,915,430,5699,3545
2026-08-05 11:30:31,A,1316,1909,5699,3545
2026-08-05 11:30:31,C,1434,614,5699,3545
2026-08-05 12:00:40,B,847,233,6065,3179
2026-08-05 12:00:40,F,1312,234,6065,3179
2026-08-05 12:00:40,E,947,398,6065,3179
2026-08-05 12:00:40,A,1459,1766,6065,3179
2026-08-05 12:00:40,C,1500,548,6065,3179
2026-08-05 12:30:32,B,903,177,6348,2896
2026-08-05 12:30:32,F,1323,223,6348,2896
2026-08-05 12:30:32,E,982,363,6348,2896
2026-08-05 12:30:32,A,1573,1652,6348,2896
2026-08-05 12:30:32,C,1567,481,6348,2896
2026-08-05 13:00:47,B,945,135,6445,2799
2026-08-05 13:00:47,F,1324,222,6445,2799
2026-08-05 13:00:47,E,1007,338,6445,2799
2026-08-05 13:00:47,A,1601,1624,6445,2799
2026-08-05 13:00:47,C,1568,480,6445,2799
2026-08-05 13:30:36,B,942,138,6466,2778
2026-08-05 13:30:36,F,1318,228,6466,2778
2026-08-05 13:30:36,E,1028,317,6466,2778
2026-08-05 13:30:36,A,1631,1594,6466,2778
2026-08-05 13:30:36,C,1547,501,6466,2778
2026-08-05 14:00:39,B,941,139,6352,2892
2026-08-05 14:00:39,F,1293,253,6352,2892
2026-08-05 14:00:39,E,1006,339,6352,2892
2026-08-05 14:00:39,A,1586,1639,6352,2892
2026-08-05 14:00:39,C,1526,522,6352,2892
2026-08-05 14:30:31,B,895,185,6109,3135
2026-08-05 14:30:31,F,1258,288,6109,3135
2026-08-05 14:30:31,E,1007,338,6109,3135
2026-08-05 14:30:31,A,1483,1742,6109,3135
2026-08-05 14:30:31,C,1466,582,6109,3135
2026-08-05 14:33:59,B,882,198,6077,3167
2026-08-05 14:33:59,F,1249,297,6077,3167
2026-08-05 14:33:59,E,1008,337,6077,3167
2026-08-05 14:33:59,A,1475,1750,6077,3167
2026-08-05 14:33:59,C,1463,585,6077,3167
2026-08-05 15:00:39,B,818,262,5666,3578
2026-08-05 15:00:39,F,1182,364,5666,3578
2026-08-05 15:00:39,E,935,410,5666,3578
2026-08-05 15:00:39,A,1364,1861,5666,3578
2026-08-05 15:00:39,C,1367,681,5666,3578
2026-08-05 15:30:37,B,760,320,5094,4150
2026-08-05 15:30:37,F,1077,469,5094,4150
2026-08-05 15:30:37,E,845,500,5094,4150
2026-08-05 15:30:37,A,1177,2048,5094,4150
2026-08-05 15:30:37,C,1235,813,5094,4150
2026-08-05 16:00:44,B,726,354,4829,4415
2026-08-05 16:00:44,F,1038,508,4829,4415
2026-08-05 16:00:44,E,806,539,4829,4415
2026-08-05 16:00:44,A,1089,2136,4829,4415
2026-08-05 16:00:44,C,1170,878,4829,4415
2026-08-05 16:30:31,B,685,395,4458,4786
2026-08-05 16:30:31,F,962,584,4458,4786
2026-08-05 16:30:31,E,805,540,4458,4786
2026-08-05 16:30:31,A,963,2262,4458,4786
2026-08-05 16:30:31,C,1043,1005,4458,4786
2026-08-05 17:00:46,B,676,404,4031,5213
2026-08-05 17:00:46,F,894,652,4031,5213
2026-08-05 17:00:46,E,755,590,4031,5213
2026-08-05 17:00:46,A,814,2411,4031,5213
2026-08-05 17:00:46,C,892,1156,4031,5213
2026-08-05 17:28:45,B,640,440,3297,5947
2026-08-05 17:28:45,F,724,822,3297,5947
2026-08-05 17:28:45,E,615,730,3297,5947
2026-08-05 17:28:45,A,610,2615,3297,5947
2026-08-05 17:28:45,C,708,1340,3297,5947
2026-08-05 17:30:31,B,644,436,3260,5984
2026-08-05 17:30:31,F,715,831,3260,5984
2026-08-05 17:30:31,E,604,741,3260,5984
2026-08-05 17:30:31,A,598,2627,3260,5984
2026-08-05 17:30:31,C,699,1349,3260,5984
2026-08-05 18:00:43,B,642,438,2396,6848
2026-08-05 18:00:43,F,466,1080,2396,6848
2026-08-05 18:00:43,E,459,886,2396,6848
2026-08-05 18:00:43,A,345,2880,2396,6848
2026-08-05 18:00:43,C,484,1564,2396,6848
2026-08-05 18:30:30,B,645,435,1971,7273
2026-08-05 18:30:30,F,377,1169,1971,7273
2026-08-05 18:30:30,E,388,957,1971,7273
2026-08-05 18:30:30,A,191,3034,1971,7273
2026-08-05 18:30:30,C,370,1678,1971,7273
2026-08-05 20:00:38,B,682,398,1658,7586
2026-08-05 20:00:38,F,301,1245,1658,7586
2026-08-05 20:00:38,E,271,1074,1658,7586
2026-08-05 20:00:38,A,118,3107,1658,7586
2026-08-05 20:00:38,C,286,1762,1658,7586
2026-08-05 20:05:15,B,675,405,1624,7620
2026-08-05 20:05:15,F,293,1253,1624,7620
2026-08-05 20:05:15,E,259,1086,1624,7620
2026-08-05 20:05:15,A,120,3105,1624,7620
2026-08-05 20:05:15,C,277,1771,1624,7620
2026-08-05 20:30:36,B,652,428,1506,7738
2026-08-05 20:30:36,F,267,1279,1506,7738
2026-08-05 20:30:36,E,219,1126,1506,7738
2026-08-05 20:30:36,A,116,3109,1506,7738
2026-08-05 20:30:36,C,252,1796,1506,7738
2026-08-05 21:00:39,B,574,506,1306,7938
2026-08-05 21:00:39,F,247,1299,1306,7938
2026-08-05 21:00:39,E,154,1191,1306,7938
2026-08-05 21:00:39,A,107,3118,1306,7938
2026-08-05 21:00:39,C,224,1824,1306,7938
2026-08-05 21:30:32,B,429,651,1008,8236
2026-08-05 21:30:32,F,207,1339,1008,8236
2026-08-05 21:30:32,E,114,1231,1008,8236
2026-08-05 21:30:32,A,90,3135,1008,8236
2026-08-05 21:30:32,C,168,1880,1008,8236
2026-08-05 22:00:40,B,414,666,909,8335
2026-08-05 22:00:40,F,174,1372,909,8335
2026-08-05 22:00:40,E,98,1247,909,8335
2026-08-05 22:00:40,A,74,3151,909,8335
2026-08-05 22:00:40,C,149,1899,909,8335
2026-08-05 22:20:53,B,410,670,846,8398
2026-08-05 22:20:53,F,161,1385,846,8398
2026-08-05 22:20:53,E,78,1267,846,8398
2026-08-05 22:20:53,A,71,3154,846,8398
2026-08-05 22:20:53,C,126,1922,846,8398
2026-08-05 22:30:33,B,402,678,830,8414
2026-08-05 22:30:33,F,159,1387,830,8414
2026-08-05 22:30:33,E,77,1268,830,8414
2026-08-05 22:30:33,A,69,3156,830,8414
2026-08-05 22:30:33,C,123,1925,830,8414
2026-08-05 23:00:40,B,351,729,753,8491
2026-08-05 23:00:40,F,154,1392,753,8491
2026-08-05 23:00:40,E,71,1274,753,8491
2026-08-05 23:00:40,A,65,3160,753,8491
2026-08-05 23:00:40,C,112,1936,753,8491
2026-08-05 23:30:39,B,297,783,673,8571
2026-08-05 23:30:39,F,138,1408,673,8571
2026-08-05 23:30:39,E,70,1275,673,8571
2026-08-05 23:30:39,A,62,3163,673,8571
2026-08-05 23:30:39,C,106,1942,673,8571
2026-08-06 00:00:45,B,245,835,626,8618
2026-08-06 00:00:45,F,141,1405,626,8618
2026-08-06 00:00:45,E,69,1276,626,8618
2026-08-06 00:00:45,A,60,3165,626,8618
2026-08-06 00:00:45,C,111,1937,626,8618
2026-08-06 00:30:40,B,178,902,551,8693
2026-08-06 00:30:40,F,146,1400,551,8693
2026-08-06 00:30:40,E,66,1279,551,8693
2026-08-06 00:30:40,A,57,3168,551,8693
2026-08-06 00:30:40,C,104,1944,551,8693
2026-08-06 00:41:25,B,107,973,465,8779
2026-08-06 00:41:25,F,142,1404,465,8779
2026-08-06 00:41:25,E,61,1284,465,8779
2026-08-06 00:41:25,A,57,3168,465,8779
2026-08-06 00:41:25,C,98,1950,465,8779
2026-08-06 01:00:47,B,63,1017,406,8838
2026-08-06 01:00:47,F,138,1408,406,8838
2026-08-06 01:00:47,E,59,1286,406,8838
2026-08-06 01:00:47,A,54,3171,406,8838
2026-08-06 01:00:47,C,92,1956,406,8838
2026-08-06 01:30:35,B,51,1029,391,8853
2026-08-06 01:30:35,F,136,1410,391,8853
2026-08-06 01:30:35,E,60,1285,391,8853
2026-08-06 01:30:35,A,54,3171,391,8853
2026-08-06 01:30:35,C,90,1958,391,8853
2026-08-06 02:00:42,B,46,1034,385,8859
2026-08-06 02:00:42,F,137,1409,385,8859
2026-08-06 02:00:42,E,58,1287,385,8859
2026-08-06 02:00:42,A,54,3171,385,8859
2026-08-06 02:00:42,C,90,1958,385,8859
2026-08-06 02:24:12,B,43,1037,378,8866
2026-08-06 02:24:12,F,134,1412,378,8866
2026-08-06 02:24:12,E,57,1288,378,8866
2026-08-06 02:24:12,A,55,3170,378,8866
2026-08-06 02:24:12,C,89,1959,378,8866
2026-08-06 02:30:32,B,43,1037,377,8867
2026-08-06 02:30:32,F,134,1412,377,8867
2026-08-06 02:30:32,E,57,1288,377,8867
2026-08-06 02:30:32,A,54,3171,377,8867
2026-08-06 02:30:32,C,89,1959,377,8867
2026-08-06 03:00:40,B,43,1037,377,8867
2026-08-06 03:00:40,F,133,1413,377,8867
2026-08-06 03:00:40,E,57,1288,377,8867
2026-08-06 03:00:40,A,54,3171,377,8867
2026-08-06 03:00:40,C,90,1958,377,8867
2026-08-06 03:30:39,B,43,1037,371,8873
2026-08-06 03:30:39,F,131,1415,371,8873
2026-08-06 03:30:39,E,57,1288,371,8873
2026-08-06 03:30:39,A,52,3173,371,8873
2026-08-06 03:30:39,C,88,1960,371,8873
2026-08-06 03:58:55,B,43,1037,376,8868
2026-08-06 03:58:55,F,132,1414,376,8868
2026-08-06 03:58:55,E,59,1286,376,8868
2026-08-06 03:58:55,A,51,3174,376,8868
2026-08-06 03:58:55,C,91,1957,376,8868
2026-08-06 04:30:32,B,43,1037,372,8872
2026-08-06 04:30:32,F,132,1414,372,8872
2026-08-06 04:30:32,E,55,1290,372,8872
2026-08-06 04:30:32,A,48,3177,372,8872
2026-08-06 04:30:32,C,94,1954,372,8872
2026-08-06 05:00:39,B,43,1037,374,8870
2026-08-06 05:00:39,F,135,1411,374,8870
2026-08-06 05:00:39,E,54,1291,374,8870
2026-08-06 05:00:39,A,48,3177,374,8870
2026-08-06 05:00:39,C,94,1954,374,8870
2026-08-06 05:24:57,B,44,1036,368,8876
2026-08-06 05:24:57,F,137,1409,368,8876
2026-08-06 05:24:57,E,56,1289,368,8876
2026-08-06 05:24:57,A,44,3181,368,8876
2026-08-06 05:24:57,C,87,1961,368,8876
2026-08-06 06:00:39,B,45,1035,462,8782
2026-08-06 06:00:39,F,178,1368,462,8782
2026-08-06 06:00:39,E,75,1270,462,8782
2026-08-06 06:00:39,A,56,3169,462,8782
2026-08-06 06:00:39,C,108,1940,462,8782
2026-08-06 06:30:38,B,44,1036,540,8704
2026-08-06 06:30:38,F,201,1345,540,8704
2026-08-06 06:30:38,E,105,1240,540,8704
2026-08-06 06:30:38,A,65,3160,540,8704
2026-08-06 06:30:38,C,125,1923,540,8704
2026-08-06 06:41:36,B,41,1039,572,8672
2026-08-06 06:41:36,F,210,1336,572,8672
2026-08-06 06:41:36,E,108,1237,572,8672
2026-08-06 06:41:36,A,75,3150,572,8672
2026-08-06 06:41:36,C,138,1910,572,8672
2026-08-06 07:00:38,B,44,1036,729,8515
2026-08-06 07:00:38,F,244,1302,729,8515
2026-08-06 07:00:38,E,134,1211,729,8515
2026-08-06 07:00:38,A,107,3118,729,8515
2026-08-06 07:00:38,C,200,1848,729,8515
2026-08-06 07:30:34,B,44,1036,870,8374
2026-08-06 07:30:34,F,275,1271,870,8374
2026-08-06 07:30:34,E,171,1174,870,8374
2026-08-06 07:30:34,A,134,3091,870,8374
2026-08-06 07:30:34,C,246,1802,870,8374
2026-08-06 08:00:37,B,43,1037,1128,8116
2026-08-06 08:00:37,F,321,1225,1128,8116
2026-08-06 08:00:37,E,220,1125,1128,8116
2026-08-06 08:00:37,A,175,3050,1128,8116
2026-08-06 08:00:37,C,369,1679,1128,8116
2026-08-06 08:01:39,B,44,1036,1137,8107
2026-08-06 08:01:39,F,322,1224,1137,8107
2026-08-06 08:01:39,E,223,1122,1137,8107
2026-08-06 08:01:39,A,176,3049,1137,8107
2026-08-06 08:01:39,C,372,1676,1137,8107
2026-08-06 08:30:35,B,44,1036,1552,7692
2026-08-06 08:30:35,F,400,1146,1552,7692
2026-08-06 08:30:35,E,299,1046,1552,7692
2026-08-06 08:30:35,A,265,2960,1552,7692
2026-08-06 08:30:35,C,544,1504,1552,7692
2026-08-06 09:00:42,B,131,949,2309,6935
2026-08-06 09:00:42,F,577,969,2309,6935
2026-08-06 09:00:42,E,426,919,2309,6935
2026-08-06 09:00:42,A,413,2812,2309,6935
2026-08-06 09:00:42,C,762,1286,2309,6935
2026-08-06 09:26:08,B,240,840,3123,6121
2026-08-06 09:26:08,F,771,775,3123,6121
2026-08-06 09:26:08,E,584,761,3123,6121
2026-08-06 09:26:08,A,581,2644,3123,6121
2026-08-06 09:26:08,C,947,1101,3123,6121
2026-08-06 09:30:31,B,255,825,3250,5994
2026-08-06 09:30:31,F,792,754,3250,5994
2026-08-06 09:30:31,E,606,739,3250,5994
2026-08-06 09:30:31,A,622,2603,3250,5994
2026-08-06 09:30:31,C,975,1073,3250,5994
2026-08-06 10:00:49,B,397,683,3983,5261
2026-08-06 10:00:49,F,1006,540,3983,5261
2026-08-06 10:00:49,E,696,649,3983,5261
2026-08-06 10:00:49,A,790,2435,3983,5261
2026-08-06 10:00:49,C,1094,954,3983,5261
2026-08-06 10:14:52,B,463,617,4250,4994
2026-08-06 10:14:52,F,1059,487,4250,4994
2026-08-06 10:14:52,E,736,609,4250,4994
2026-08-06 10:14:52,A,864,2361,4250,4994
2026-08-06 10:14:52,C,1128,920,4250,4994
2026-08-06 10:30:32,B,515,565,4515,4729
2026-08-06 10:30:32,F,1107,439,4515,4729
2026-08-06 10:30:32,E,781,564,4515,4729
2026-08-06 10:30:32,A,939,2286,4515,4729
2026-08-06 10:30:32,C,1173,875,4515,4729
2026-08-06 11:00:39,B,622,458,5139,4105
2026-08-06 11:00:39,F,1242,304,5139,4105
2026-08-06 11:00:39,E,878,467,5139,4105
2026-08-06 11:00:39,A,1129,2096,5139,4105
2026-08-06 11:00:39,C,1268,780,5139,4105
2026-08-06 11:30:38,B,696,384,5465,3779
2026-08-06 11:30:38,F,1291,255,5465,3779
2026-08-06 11:30:38,E,931,414,5465,3779
2026-08-06 11:30:38,A,1228,1997,5465,3779
2026-08-06 11:30:38,C,1319,729,5465,3779
2026-08-06 12:00:43,B,787,293,5867,3377
2026-08-06 12:00:43,F,1309,237,5867,3377
2026-08-06 12:00:43,E,1011,334,5867,3377
2026-08-06 12:00:43,A,1357,1868,5867,3377
2026-08-06 12:00:43,C,1403,645,5867,3377
2026-08-06 12:30:37,B,842,238,6129,3115
2026-08-06 12:30:37,F,1307,239,6129,3115
2026-08-06 12:30:37,E,1045,300,6129,3115
2026-08-06 12:30:37,A,1493,1732,6129,3115
2026-08-06 12:30:37,C,1442,606,6129,3115
2026-08-06 13:00:39,B,869,211,6257,2987
2026-08-06 13:00:39,F,1298,248,6257,2987
2026-08-06 13:00:39,E,1037,308,6257,2987
2026-08-06 13:00:39,A,1577,1648,6257,2987
2026-08-06 13:00:39,C,1476,572,6257,2987
2026-08-06 13:30:36,B,871,209,6321,2923
2026-08-06 13:30:36,F,1296,250,6321,2923
2026-08-06 13:30:36,E,1031,314,6321,2923
2026-08-06 13:30:36,A,1650,1575,6321,2923
2026-08-06 13:30:36,C,1473,575,6321,2923
2026-08-06 13:46:28,B,878,202,6311,2933
2026-08-06 13:46:28,F,1304,242,6311,2933
2026-08-06 13:46:28,E,1028,317,6311,2933
2026-08-06 13:46:28,A,1642,1583,6311,2933
2026-08-06 13:46:28,C,1459,589,6311,2933
2026-08-06 14:00:47,B,857,223,6281,2963
2026-08-06 14:00:47,F,1297,249,6281,2963
2026-08-06 14:00:47,E,1039,306,6281,2963
2026-08-06 14:00:47,A,1636,1589,6281,2963
2026-08-06 14:00:47,C,1452,596,6281,2963
2026-08-06 14:30:33,B,836,244,6140,3104
2026-08-06 14:30:33,F,1279,267,6140,3104
2026-08-06 14:30:33,E,993,352,6140,3104
2026-08-06 14:30:33,A,1595,1630,6140,3104
2026-08-06 14:30:33,C,1437,611,6140,3104
2026-08-06 15:00:47,B,803,277,5837,3407
2026-08-06 15:00:47,F,1237,309,5837,3407
2026-08-06 15:00:47,E,949,396,5837,3407
2026-08-06 15:00:47,A,1501,1724,5837,3407
2026-08-06 15:00:47,C,1347,701,5837,3407
2026-08-06 15:30:39,B,757,323,5455,3789
2026-08-06 15:30:39,F,1172,374,5455,3789
2026-08-06 15:30:39,E,858,487,5455,3789
2026-08-06 15:30:39,A,1380,1845,5455,3789
2026-08-06 15:30:39,C,1288,760,5455,3789
2026-08-06 16:00:47,B,763,317,5261,3983
2026-08-06 16:00:47,F,1124,422,5261,3983
2026-08-06 16:00:47,E,829,516,5261,3983
2026-08-06 16:00:47,A,1299,1926,5261,3983
2026-08-06 16:00:47,C,1246,802,5261,3983
2026-08-06 16:19:01,B,772,308,5117,4127
2026-08-06 16:19:01,F,1076,470,5117,4127
2026-08-06 16:19:01,E,801,544,5117,4127
2026-08-06 16:19:01,A,1247,1978,5117,4127
2026-08-06 16:19:01,C,1221,827,5117,4127
2026-08-06 17:00:53,B,813,267,4978,4266
2026-08-06 17:00:53,F,1064,482,4978,4266
2026-08-06 17:00:53,E,775,570,4978,4266
2026-08-06 17:00:53,A,1205,2020,4978,4266
2026-08-06 17:00:53,C,1121,927,4978,4266
2026-08-06 17:30:32,B,882,198,4809,4435
2026-08-06 17:30:32,F,999,547,4809,4435
2026-08-06 17:30:32,E,782,563,4809,4435
2026-08-06 17:30:32,A,1168,2057,4809,4435
2026-08-06 17:30:32,C,978,1070,4809,4435
2026-08-06 18:00:39,B,978,102,4941,4303
2026-08-06 18:00:39,F,1009,537,4941,4303
2026-08-06 18:00:39,E,818,527,4941,4303
2026-08-06 18:00:39,A,1165,2060,4941,4303
2026-08-06 18:00:39,C,971,1077,4941,4303
2026-08-06 18:30:40,B,988,92,5129,4115
2026-08-06 18:30:40,F,1059,487,5129,4115
2026-08-06 18:30:40,E,851,494,5129,4115
2026-08-06 18:30:40,A,1242,1983,5129,4115
2026-08-06 18:30:40,C,989,1059,5129,4115
2026-08-06 19:00:39,B,989,91,5284,3960
2026-08-06 19:00:39,F,1078,468,5284,3960
2026-08-06 19:00:39,E,865,480,5284,3960
2026-08-06 19:00:39,A,1346,1879,5284,3960
2026-08-06 19:00:39,C,1006,1042,5284,3960
2026-08-06 19:17:39,B,985,95,5291,3953
2026-08-06 19:17:39,F,1064,482,5291,3953
2026-08-06 19:17:39,E,846,499,5291,3953
2026-08-06 19:17:39,A,1375,1850,5291,3953
2026-08-06 19:17:39,C,1021,1027,5291,3953
2026-08-06 19:30:42,B,990,90,5264,3980
2026-08-06 19:30:42,F,1053,493,5264,3980
2026-08-06 19:30:42,E,829,516,5264,3980
2026-08-06 19:30:42,A,1375,1850,5264,3980
2026-08-06 19:30:42,C,1017,1031,5264,3980
2026-08-06 20:00:41,B,985,95,4935,4309
2026-08-06 20:00:41,F,986,560,4935,4309
2026-08-06 20:00:41,E,751,594,4935,4309
2026-08-06 20:00:41,A,1266,1959,4935,4309
2026-08-06 20:00:41,C,947,1101,4935,4309
2026-08-06 20:30:31,B,935,145,4281,4963
2026-08-06 20:30:31,F,862,684,4281,4963
2026-08-06 20:30:31,E,605,740,4281,4963
2026-08-06 20:30:31,A,1076,2149,4281,4963
2026-08-06 20:30:31,C,803,1245,4281,4963
2026-08-06 21:00:47,B,855,225,3405,5839
2026-08-06 21:00:47,F,686,860,3405,5839
2026-08-06 21:00:47,E,440,905,3405,5839
2026-08-06 21:00:47,A,785,2440,3405,5839
2026-08-06 21:00:47,C,639,1409,3405,5839
2026-08-06 21:30:33,B,505,575,1827,7417
2026-08-06 21:30:33,F,378,1168,1827,7417
2026-08-06 21:30:33,E,234,1111,1827,7417
2026-08-06 21:30:33,A,372,2853,1827,7417
2026-08-06 21:30:33,C,338,1710,1827,7417
2026-08-06 21:37:25,B,483,597,1657,7587
2026-08-06 21:37:25,F,348,1198,1657,7587
2026-08-06 21:37:25,E,204,1141,1657,7587
2026-08-06 21:37:25,A,319,2906,1657,7587
2026-08-06 21:37:25,C,303,1745,1657,7587
2026-08-06 22:00:40,B,432,648,1298,7946
2026-08-06 22:00:40,F,271,1275,1298,7946
2026-08-06 22:00:40,E,143,1202,1298,7946
2026-08-06 22:00:40,A,225,3000,1298,7946
2026-08-06 22:00:40,C,227,1821,1298,7946
2026-08-06 22:30:33,B,338,742,932,8312
2026-08-06 22:30:33,F,202,1344,932,8312
2026-08-06 22:30:33,E,112,1233,932,8312
2026-08-06 22:30:33,A,134,3091,932,8312
2026-08-06 22:30:33,C,146,1902,932,8312
2026-08-06 23:00:41,B,329,751,866,8378
2026-08-06 23:00:41,F,183,1363,866,8378
2026-08-06 23:00:41,E,100,1245,866,8378
2026-08-06 23:00:41,A,119,3106,866,8378
2026-08-06 23:00:41,C,135,1913,866,8378
2026-08-06 23:25:49,B,286,794,777,8467
2026-08-06 23:25:49,F,167,1379,777,8467
2026-08-06 23:25:49,E,94,1251,777,8467
2026-08-06 23:25:49,A,106,3119,777,8467
2026-08-06 23:25:49,C,124,1924,777,8467
2026-08-07 00:00:47,B,226,854,660,8584
2026-08-07 00:00:47,F,144,1402,660,8584
2026-08-07 00:00:47,E,85,1260,660,8584
2026-08-07 00:00:47,A,89,3136,660,8584
2026-08-07 00:00:47,C,116,1932,660,8584
2026-08-07 00:30:40,B,187,893,615,8629
2026-08-07 00:30:40,F,156,1390,615,8629
2026-08-07 00:30:40,E,80,1265,615,8629
2026-08-07 00:30:40,A,85,3140,615,8629
2026-08-07 00:30:40,C,107,1941,615,8629
2026-08-07 01:00:49,B,75,1005,442,8802
2026-08-07 01:00:49,F,145,1401,442,8802
2026-08-07 01:00:49,E,64,1281,442,8802
2026-08-07 01:00:49,A,70,3155,442,8802
2026-08-07 01:00:49,C,88,1960,442,8802
2026-08-07 01:33:11,B,43,1037,393,8851
2026-08-07 01:33:11,F,137,1409,393,8851
2026-08-07 01:33:11,E,59,1286,393,8851
2026-08-07 01:33:11,A,71,3154,393,8851
2026-08-07 01:33:11,C,83,1965,393,8851
2026-08-07 01:36:05,B,43,1037,392,8852
2026-08-07 01:36:05,F,137,1409,392,8852
2026-08-07 01:36:05,E,59,1286,392,8852
2026-08-07 01:36:05,A,70,3155,392,8852
2026-08-07 01:36:05,C,83,1965,392,8852
2026-08-07 03:01:32,B,38,1042,383,8861
2026-08-07 03:01:32,F,136,1410,383,8861
2026-08-07 03:01:32,E,59,1286,383,8861
2026-08-07 03:01:32,A,66,3159,383,8861
2026-08-07 03:01:32,C,84,1964,383,8861
2026-08-07 06:30:35,B,37,1043,551,8693
2026-08-07 06:30:35,F,193,1353,551,8693
2026-08-07 06:30:35,E,103,1242,551,8693
2026-08-07 06:30:35,A,85,3140,551,8693
2026-08-07 06:30:35,C,133,1915,551,8693
2026-08-07 07:30:37,B,40,1040,825,8419
2026-08-07 07:30:37,F,263,1283,825,8419
2026-08-07 07:30:37,E,150,1195,825,8419
2026-08-07 07:30:37,A,147,3078,825,8419
2026-08-07 07:30:37,C,225,1823,825,8419
2026-08-07 08:00:44,B,40,1040,1035,8209
2026-08-07 08:00:44,F,304,1242,1035,8209
2026-08-07 08:00:44,E,196,1149,1035,8209
2026-08-07 08:00:44,A,185,3040,1035,8209
2026-08-07 08:00:44,C,310,1738,1035,8209
2026-08-07 08:30:32,B,40,1040,1367,7877
2026-08-07 08:30:32,F,354,1192,1367,7877
2026-08-07 08:30:32,E,277,1068,1367,7877
2026-08-07 08:30:32,A,264,2961,1367,7877
2026-08-07 08:30:32,C,432,1616,1367,7877
2026-08-07 09:00:44,B,130,950,2011,7233
2026-08-07 09:00:44,F,506,1040,2011,7233
2026-08-07 09:00:44,E,370,975,2011,7233
2026-08-07 09:00:44,A,406,2819,2011,7233
2026-08-07 09:00:44,C,599,1449,2011,7233
2026-08-07 09:30:35,B,292,788,2863,6381
2026-08-07 09:30:35,F,695,851,2863,6381
2026-08-07 09:30:35,E,538,807,2863,6381
2026-08-07 09:30:35,A,587,2638,2863,6381
2026-08-07 09:30:35,C,751,1297,2863,6381
2026-08-07 10:00:45,B,463,617,3594,5650
2026-08-07 10:00:45,F,862,684,3594,5650
2026-08-07 10:00:45,E,640,705,3594,5650
2026-08-07 10:00:45,A,792,2433,3594,5650
2026-08-07 10:00:45,C,837,1211,3594,5650
2026-08-07 10:30:36,B,596,484,4149,5095
2026-08-07 10:30:36,F,974,572,4149,5095
2026-08-07 10:30:36,E,698,647,4149,5095
2026-08-07 10:30:36,A,943,2282,4149,5095
2026-08-07 10:30:36,C,938,1110,4149,5095
2026-08-07 10:34:31,B,612,468,4222,5022
2026-08-07 10:34:31,F,994,552,4222,5022
2026-08-07 10:34:31,E,705,640,4222,5022
2026-08-07 10:34:31,A,961,2264,4222,5022
2026-08-07 10:34:31,C,950,1098,4222,5022
2026-08-07 11:00:43,B,723,357,4711,4533
2026-08-07 11:00:43,F,1060,486,4711,4533
2026-08-07 11:00:43,E,771,574,4711,4533
2026-08-07 11:00:43,A,1128,2097,4711,4533
2026-08-07 11:00:43,C,1029,1019,4711,4533
2026-08-07 11:30:35,B,810,270,5147,4097
2026-08-07 11:30:35,F,1132,414,5147,4097
2026-08-07 11:30:35,E,865,480,5147,4097
2026-08-07 11:30:35,A,1250,1975,5147,4097
2026-08-07 11:30:35,C,1090,958,5147,4097
2026-08-07 12:00:39,B,884,196,5621,3623
2026-08-07 12:00:39,F,1234,312,5621,3623
2026-08-07 12:00:39,E,930,415,5621,3623
2026-08-07 12:00:39,A,1398,1827,5621,3623
2026-08-07 12:00:39,C,1175,873,5621,3623
2026-08-07 12:30:31,B,933,147,5922,3322
2026-08-07 12:30:31,F,1280,266,5922,3322
2026-08-07 12:30:31,E,936,409,5922,3322
2026-08-07 12:30:31,A,1537,1688,5922,3322
2026-08-07 12:30:31,C,1236,812,5922,3322
2026-08-07 13:00:41,B,934,146,6024,3220
2026-08-07 13:00:41,F,1299,247,6024,3220
2026-08-07 13:00:41,E,944,401,6024,3220
2026-08-07 13:00:41,A,1580,1645,6024,3220
2026-08-07 13:00:41,C,1267,781,6024,3220
2026-08-07 13:30:32,B,923,157,6104,3140
2026-08-07 13:30:32,F,1315,231,6104,3140
2026-08-07 13:30:32,E,975,370,6104,3140
2026-08-07 13:30:32,A,1630,1595,6104,3140
2026-08-07 13:30:32,C,1261,787,6104,3140
2026-08-07 13:41:24,B,906,174,6074,3170
2026-08-07 13:41:24,F,1308,238,6074,3170
2026-08-07 13:41:24,E,969,376,6074,3170
2026-08-07 13:41:24,A,1630,1595,6074,3170
2026-08-07 13:41:24,C,1261,787,6074,3170
2026-08-07 14:00:41,B,886,194,5964,3280
2026-08-07 14:00:41,F,1287,259,5964,3280
2026-08-07 14:00:41,E,966,379,5964,3280
2026-08-07 14:00:41,A,1596,1629,5964,3280
2026-08-07 14:00:41,C,1229,819,5964,3280
2026-08-07 14:30:32,B,861,219,5706,3538
2026-08-07 14:30:32,F,1255,291,5706,3538
2026-08-07 14:30:32,E,929,416,5706,3538
2026-08-07 14:30:32,A,1531,1694,5706,3538
2026-08-07 14:30:32,C,1130,918,5706,3538
2026-08-07 15:00:41,B,818,262,5370,3874
2026-08-07 15:00:41,F,1178,368,5370,3874
2026-08-07 15:00:41,E,832,513,5370,3874
2026-08-07 15:00:41,A,1478,1747,5370,3874
2026-08-07 15:00:41,C,1064,984,5370,3874
2026-08-07 15:25:36,B,787,293,5090,4154
2026-08-07 15:25:36,F,1127,419,5090,4154
2026-08-07 15:25:36,E,792,553,5090,4154
2026-08-07 15:25:36,A,1369,1856,5090,4154
2026-08-07 15:25:36,C,1015,1033,5090,4154
2026-08-07 15:30:32,B,782,298,5062,4182
2026-08-07 15:30:32,F,1111,435,5062,4182
2026-08-07 15:30:32,E,798,547,5062,4182
2026-08-07 15:30:32,A,1365,1860,5062,4182
2026-08-07 15:30:32,C,1006,1042,5062,4182
2026-08-07 16:00:38,B,807,273,4958,4286
2026-08-07 16:00:38,F,1061,485,4958,4286
2026-08-07 16:00:38,E,779,566,4958,4286
2026-08-07 16:00:38,A,1310,1915,4958,4286
2026-08-07 16:00:38,C,1001,1047,4958,4286
2026-08-07 16:30:32,B,843,237,4967,4277
2026-08-07 16:30:32,F,1065,481,4967,4277
2026-08-07 16:30:32,E,762,583,4967,4277
2026-08-07 16:30:32,A,1271,1954,4967,4277
2026-08-07 16:30:32,C,1026,1022,4967,4277
2026-08-07 16:39:00,B,859,221,4935,4309
2026-08-07 16:39:00,F,1058,488,4935,4309
2026-08-07 16:39:00,E,761,584,4935,4309
2026-08-07 16:39:00,A,1245,1980,4935,4309
2026-08-07 16:39:00,C,1012,1036,4935,4309
2026-08-07 17:00:41,B,912,168,5061,4183
2026-08-07 17:00:41,F,1095,451,5061,4183
2026-08-07 17:00:41,E,785,560,5061,4183
2026-08-07 17:00:41,A,1255,1970,5061,4183
2026-08-07 17:00:41,C,1014,1034,5061,4183
2026-08-07 17:30:34,B,962,118,5080,4164
2026-08-07 17:30:34,F,1096,450,5080,4164
2026-08-07 17:30:34,E,786,559,5080,4164
2026-08-07 17:30:34,A,1234,1991,5080,4164
2026-08-07 17:30:34,C,1002,1046,5080,4164
2026-08-07 18:00:47,B,977,103,5229,4015
2026-08-07 18:00:47,F,1116,430,5229,4015
2026-08-07 18:00:47,E,809,536,5229,4015
2026-08-07 18:00:47,A,1275,1950,5229,4015
2026-08-07 18:00:47,C,1052,996,5229,4015
2026-08-07 18:02:45,B,980,100,5251,3993
2026-08-07 18:02:45,F,1114,432,5251,3993
2026-08-07 18:02:45,E,814,531,5251,3993
2026-08-07 18:02:45,A,1293,1932,5251,3993
2026-08-07 18:02:45,C,1050,998,5251,3993
2026-08-07 18:30:31,B,986,94,5573,3671
2026-08-07 18:30:31,F,1161,385,5573,3671
2026-08-07 18:30:31,E,881,464,5573,3671
2026-08-07 18:30:31,A,1424,1801,5573,3671
2026-08-07 18:30:31,C,1121,927,5573,3671
2026-08-07 19:00:43,B,992,88,5786,3458
2026-08-07 19:00:43,F,1199,347,5786,3458
2026-08-07 19:00:43,E,926,419,5786,3458
2026-08-07 19:00:43,A,1498,1727,5786,3458
2026-08-07 19:00:43,C,1171,877,5786,3458
2026-08-07 19:27:48,B,992,88,5964,3280
2026-08-07 19:27:48,F,1216,330,5964,3280
2026-08-07 19:27:48,E,959,386,5964,3280
2026-08-07 19:27:48,A,1604,1621,5964,3280
2026-08-07 19:27:48,C,1193,855,5964,3280
2026-08-07 19:30:34,B,992,88,5955,3289
2026-08-07 19:30:34,F,1217,329,5955,3289
2026-08-07 19:30:34,E,955,390,5955,3289
2026-08-07 19:30:34,A,1599,1626,5955,3289
2026-08-07 19:30:34,C,1192,856,5955,3289
2026-08-07 20:00:42,B,984,96,5813,3431
2026-08-07 20:00:42,F,1197,349,5813,3431
2026-08-07 20:00:42,E,943,402,5813,3431
2026-08-07 20:00:42,A,1523,1702,5813,3431
2026-08-07 20:00:42,C,1166,882,5813,3431
2026-08-07 20:23:57,B,986,94,5381,3863
2026-08-07 20:23:57,F,1097,449,5381,3863
2026-08-07 20:23:57,E,854,491,5381,3863
2026-08-07 20:23:57,A,1375,1850,5381,3863
2026-08-07 20:23:57,C,1069,979,5381,3863
2026-08-07 20:30:32,B,977,103,5188,4056
2026-08-07 20:30:32,F,1052,494,5188,4056
2026-08-07 20:30:32,E,811,534,5188,4056
2026-08-07 20:30:32,A,1311,1914,5188,4056
2026-08-07 20:30:32,C,1037,1011,5188,4056
2026-08-07 21:00:39,B,924,156,4141,5103
2026-08-07 21:00:39,F,865,681,4141,5103
2026-08-07 21:00:39,E,592,753,4141,5103
2026-08-07 21:00:39,A,966,2259,4141,5103
2026-08-07 21:00:39,C,794,1254,4141,5103
2026-08-07 21:12:49,B,817,263,3332,5912
2026-08-07 21:12:49,F,688,858,3332,5912
2026-08-07 21:12:49,E,481,864,3332,5912
2026-08-07 21:12:49,A,707,2518,3332,5912
2026-08-07 21:12:49,C,639,1409,3332,5912
2026-08-07 21:30:33,B,654,426,2452,6792
2026-08-07 21:30:33,F,529,1017,2452,6792
2026-08-07 21:30:33,E,332,1013,2452,6792
2026-08-07 21:30:33,A,472,2753,2452,6792
2026-08-07 21:30:33,C,465,1583,2452,6792
2026-08-07 22:00:40,B,591,489,1752,7492
2026-08-07 22:00:40,F,366,1180,1752,7492
2026-08-07 22:00:40,E,207,1138,1752,7492
2026-08-07 22:00:40,A,286,2939,1752,7492
2026-08-07 22:00:40,C,302,1746,1752,7492
2026-08-07 22:03:20,B,591,489,1708,7536
2026-08-07 22:03:20,F,356,1190,1708,7536
2026-08-07 22:03:20,E,198,1147,1708,7536
2026-08-07 22:03:20,A,273,2952,1708,7536
2026-08-07 22:03:20,C,290,1758,1708,7536
2026-08-07 22:30:30,B,527,553,1333,7911
2026-08-07 22:30:30,F,274,1272,1333,7911
2026-08-07 22:30:30,E,137,1208,1333,7911
2026-08-07 22:30:30,A,194,3031,1333,7911
2026-08-07 22:30:30,C,201,1847,1333,7911
2026-08-07 23:30:33,B,448,632,1016,8228
2026-08-07 23:30:33,F,209,1337,1016,8228
2026-08-07 23:30:33,E,93,1252,1016,8228
2026-08-07 23:30:33,A,124,3101,1016,8228
2026-08-07 23:30:33,C,142,1906,1016,8228
2026-08-07 23:44:06,B,419,661,966,8278
2026-08-07 23:44:06,F,204,1342,966,8278
2026-08-07 23:44:06,E,90,1255,966,8278
2026-08-07 23:44:06,A,116,3109,966,8278
2026-08-07 23:44:06,C,137,1911,966,8278
2026-08-08 00:00:45,B,384,696,875,8369
2026-08-08 00:00:45,F,190,1356,875,8369
2026-08-08 00:00:45,E,84,1261,875,8369
2026-08-08 00:00:45,A,97,3128,875,8369
2026-08-08 00:00:45,C,120,1928,875,8369
2026-08-08 00:30:34,B,335,745,810,8434
2026-08-08 00:30:34,F,190,1356,810,8434
2026-08-08 00:30:34,E,77,1268,810,8434
2026-08-08 00:30:34,A,92,3133,810,8434
2026-08-08 00:30:34,C,116,1932,810,8434
2026-08-08 00:42:57,B,303,777,748,8496
2026-08-08 00:42:57,F,180,1366,748,8496
2026-08-08 00:42:57,E,74,1271,748,8496
2026-08-08 00:42:57,A,82,3143,748,8496
2026-08-08 00:42:57,C,109,1939,748,8496
2026-08-08 01:00:40,B,205,875,631,8613
2026-08-08 01:00:40,F,176,1370,631,8613
2026-08-08 01:00:40,E,74,1271,631,8613
2026-08-08 01:00:40,A,76,3149,631,8613
2026-08-08 01:00:40,C,100,1948,631,8613
2026-08-08 01:30:31,B,107,973,474,8770
2026-08-08 01:30:31,F,163,1383,474,8770
2026-08-08 01:30:31,E,65,1280,474,8770
2026-08-08 01:30:31,A,63,3162,474,8770
2026-08-08 01:30:31,C,76,1972,474,8770
2026-08-08 01:40:19,B,88,992,444,8800
2026-08-08 01:40:19,F,160,1386,444,8800
2026-08-08 01:40:19,E,64,1281,444,8800
2026-08-08 01:40:19,A,61,3164,444,8800
2026-08-08 01:40:19,C,71,1977,444,8800
2026-08-08 02:00:45,B,55,1025,388,8856
2026-08-08 02:00:45,F,154,1392,388,8856
2026-08-08 02:00:45,E,62,1283,388,8856
2026-08-08 02:00:45,A,54,3171,388,8856
2026-08-08 02:00:45,C,63,1985,388,8856
2026-08-08 02:30:35,B,46,1034,377,8867
2026-08-08 02:30:35,F,153,1393,377,8867
2026-08-08 02:30:35,E,63,1282,377,8867
2026-08-08 02:30:35,A,54,3171,377,8867
2026-08-08 02:30:35,C,61,1987,377,8867
2026-08-08 02:37:28,B,47,1033,377,8867
2026-08-08 02:37:28,F,153,1393,377,8867
2026-08-08 02:37:28,E,63,1282,377,8867
2026-08-08 02:37:28,A,54,3171,377,8867
2026-08-08 02:37:28,C,60,1988,377,8867
2026-08-08 03:00:42,B,45,1035,376,8868
2026-08-08 03:00:42,F,153,1393,376,8868
2026-08-08 03:00:42,E,63,1282,376,8868
2026-08-08 03:00:42,A,53,3172,376,8868
2026-08-08 03:00:42,C,62,1986,376,8868
2026-08-08 03:30:33,B,44,1036,370,8874
2026-08-08 03:30:33,F,151,1395,370,8874
2026-08-08 03:30:33,E,62,1283,370,8874
2026-08-08 03:30:33,A,51,3174,370,8874
2026-08-08 03:30:33,C,62,1986,370,8874
2026-08-08 03:37:08,B,44,1036,369,8875
2026-08-08 03:37:08,F,151,1395,369,8875
2026-08-08 03:37:08,E,62,1283,369,8875
2026-08-08 03:37:08,A,50,3175,369,8875
2026-08-08 03:37:08,C,62,1986,369,8875
2026-08-08 04:00:40,B,44,1036,369,8875
2026-08-08 04:00:40,F,150,1396,369,8875
2026-08-08 04:00:40,E,62,1283,369,8875
2026-08-08 04:00:40,A,50,3175,369,8875
2026-08-08 04:00:40,C,63,1985,369,8875
2026-08-08 04:30:37,B,45,1035,369,8875
2026-08-08 04:30:37,F,150,1396,369,8875
2026-08-08 04:30:37,E,61,1284,369,8875
2026-08-08 04:30:37,A,50,3175,369,8875
2026-08-08 04:30:37,C,63,1985,369,8875
2026-08-08 04:34:25,B,44,1036,368,8876
2026-08-08 04:34:25,F,150,1396,368,8876
2026-08-08 04:34:25,E,61,1284,368,8876
2026-08-08 04:34:25,A,50,3175,368,8876
2026-08-08 04:34:25,C,63,1985,368,8876
2026-08-08 05:00:39,B,44,1036,378,8866
2026-08-08 05:00:39,F,152,1394,378,8866
2026-08-08 05:00:39,E,66,1279,378,8866
2026-08-08 05:00:39,A,50,3175,378,8866
2026-08-08 05:00:39,C,66,1982,378,8866
2026-08-08 05:30:32,B,44,1036,383,8861
2026-08-08 05:30:32,F,154,1392,383,8861
2026-08-08 05:30:32,E,70,1275,383,8861
2026-08-08 05:30:32,A,49,3176,383,8861
2026-08-08 05:30:32,C,66,1982,383,8861
2026-08-08 05:40:55,B,44,1036,390,8854
2026-08-08 05:40:55,F,157,1389,390,8854
2026-08-08 05:40:55,E,70,1275,390,8854
2026-08-08 05:40:55,A,53,3172,390,8854
2026-08-08 05:40:55,C,66,1982,390,8854
2026-08-08 06:00:38,B,44,1036,416,8828
2026-08-08 06:00:38,F,172,1374,416,8828
2026-08-08 06:00:38,E,73,1272,416,8828
2026-08-08 06:00:38,A,55,3170,416,8828
2026-08-08 06:00:38,C,72,1976,416,8828
2026-08-08 06:25:02,B,44,1036,447,8797
2026-08-08 06:25:02,F,182,1364,447,8797
2026-08-08 06:25:02,E,79,1266,447,8797
2026-08-08 06:25:02,A,58,3167,447,8797
2026-08-08 06:25:02,C,84,1964,447,8797
2026-08-08 06:30:34,B,44,1036,457,8787
2026-08-08 06:30:34,F,185,1361,457,8787
2026-08-08 06:30:34,E,82,1263,457,8787
2026-08-08 06:30:34,A,60,3165,457,8787
2026-08-08 06:30:34,C,86,1962,457,8787
2026-08-08 07:00:41,B,53,1027,535,8709
2026-08-08 07:00:41,F,204,1342,535,8709
2026-08-08 07:00:41,E,89,1256,535,8709
2026-08-08 07:00:41,A,78,3147,535,8709
2026-08-08 07:00:41,C,111,1937,535,8709
2026-08-08 07:05:06,B,54,1026,548,8696
2026-08-08 07:05:06,F,207,1339,548,8696
2026-08-08 07:05:06,E,90,1255,548,8696
2026-08-08 07:05:06,A,82,3143,548,8696
2026-08-08 07:05:06,C,115,1933,548,8696
2026-08-08 07:30:30,B,61,1019,601,8643
2026-08-08 07:30:30,F,212,1334,601,8643
2026-08-08 07:30:30,E,102,1243,601,8643
2026-08-08 07:30:30,A,89,3136,601,8643
2026-08-08 07:30:30,C,137,1911,601,8643
2026-08-08 08:00:39,B,65,1015,755,8489
2026-08-08 08:00:39,F,244,1302,755,8489
2026-08-08 08:00:39,E,147,1198,755,8489
2026-08-08 08:00:39,A,114,3111,755,8489
2026-08-08 08:00:39,C,185,1863,755,8489
2026-08-08 08:30:32,B,93,987,1006,8238
2026-08-08 08:30:32,F,281,1265,1006,8238
2026-08-08 08:30:32,E,207,1138,1006,8238
2026-08-08 08:30:32,A,167,3058,1006,8238
2026-08-08 08:30:32,C,258,1790,1006,8238
2026-08-08 09:00:28,B,203,877,1720,7524
2026-08-08 09:00:28,F,406,1140,1720,7524
2026-08-08 09:00:28,E,370,975,1720,7524
2026-08-08 09:00:28,A,335,2890,1720,7524
2026-08-08 09:00:28,C,406,1642,1720,7524
2026-08-08 09:30:35,B,379,701,2608,6636
2026-08-08 09:30:35,F,611,935,2608,6636
2026-08-08 09:30:35,E,504,841,2608,6636
2026-08-08 09:30:35,A,546,2679,2608,6636
2026-08-08 09:30:35,C,568,1480,2608,6636
2026-08-08 09:53:19,B,526,554,3258,5986
2026-08-08 09:53:19,F,750,796,3258,5986
2026-08-08 09:53:19,E,576,769,3258,5986
2026-08-08 09:53:19,A,709,2516,3258,5986
2026-08-08 09:53:19,C,697,1351,3258,5986
2026-08-08 10:00:46,B,579,501,3519,5725
2026-08-08 10:00:46,F,801,745,3519,5725
2026-08-08 10:00:46,E,616,729,3519,5725
2026-08-08 10:00:46,A,784,2441,3519,5725
2026-08-08 10:00:46,C,739,1309,3519,5725
2026-08-08 10:30:37,B,722,358,4319,4925
2026-08-08 10:30:37,F,959,587,4319,4925
2026-08-08 10:30:37,E,735,610,4319,4925
2026-08-08 10:30:37,A,1024,2201,4319,4925
2026-08-08 10:30:37,C,879,1169,4319,4925
2026-08-08 10:37:10,B,760,320,4511,4733
2026-08-08 10:37:10,F,993,553,4511,4733
2026-08-08 10:37:10,E,767,578,4511,4733
2026-08-08 10:37:10,A,1077,2148,4511,4733
2026-08-08 10:37:10,C,914,1134,4511,4733
2026-08-08 11:00:38,B,846,234,5025,4219
2026-08-08 11:00:38,F,1097,449,5025,4219
2026-08-08 11:00:38,E,822,523,5025,4219
2026-08-08 11:00:38,A,1222,2003,5025,4219
2026-08-08 11:00:38,C,1038,1010,5025,4219
2026-08-08 12:00:39,B,976,104,6144,3100
2026-08-08 12:00:39,F,1282,264,6144,3100
2026-08-08 12:00:39,E,992,353,6144,3100
2026-08-08 12:00:39,A,1638,1587,6144,3100
2026-08-08 12:00:39,C,1256,792,6144,3100
2026-08-08 12:30:32,B,978,102,6503,2741
2026-08-08 12:30:32,F,1303,243,6503,2741
2026-08-08 12:30:32,E,1088,257,6503,2741
2026-08-08 12:30:32,A,1800,1425,6503,2741
2026-08-08 12:30:32,C,1334,714,6503,2741
2026-08-08 12:46:33,B,986,94,6798,2446
2026-08-08 12:46:33,F,1314,232,6798,2446
2026-08-08 12:46:33,E,1122,223,6798,2446
2026-08-08 12:46:33,A,1977,1248,6798,2446
2026-08-08 12:46:33,C,1399,649,6798,2446
2026-08-08 13:00:42,B,982,98,7012,2232
2026-08-08 13:00:42,F,1316,230,7012,2232
2026-08-08 13:00:42,E,1147,198,7012,2232
2026-08-08 13:00:42,A,2103,1122,7012,2232
2026-08-08 13:00:42,C,1464,584,7012,2232
2026-08-08 13:30:32,B,977,103,7205,2039
2026-08-08 13:30:32,F,1301,245,7205,2039
2026-08-08 13:30:32,E,1151,194,7205,2039
2026-08-08 13:30:32,A,2249,976,7205,2039
2026-08-08 13:30:32,C,1527,521,7205,2039
2026-08-08 14:00:12,B,980,100,7366,1878
2026-08-08 14:00:12,F,1301,245,7366,1878
2026-08-08 14:00:12,E,1102,243,7366,1878
2026-08-08 14:00:12,A,2370,855,7366,1878
2026-08-08 14:00:12,C,1613,435,7366,1878
2026-08-08 14:00:37,B,979,101,7373,1871
2026-08-08 14:00:37,F,1300,246,7373,1871
2026-08-08 14:00:37,E,1103,242,7373,1871
2026-08-08 14:00:37,A,2375,850,7373,1871
2026-08-08 14:00:37,C,1616,432,7373,1871
2026-08-08 14:30:30,B,991,89,7614,1630
2026-08-08 14:30:30,F,1303,243,7614,1630
2026-08-08 14:30:30,E,1150,195,7614,1630
2026-08-08 14:30:30,A,2534,691,7614,1630
2026-08-08 14:30:30,C,1636,412,7614,1630
2026-08-08 15:00:40,B,994,86,7643,1601
2026-08-08 15:00:40,F,1311,235,7643,1601
2026-08-08 15:00:40,E,1141,204,7643,1601
2026-08-08 15:00:40,A,2566,659,7643,1601
2026-08-08 15:00:40,C,1631,417,7643,1601
2026-08-08 15:12:05,B,987,93,7591,1653
2026-08-08 15:12:05,F,1295,251,7591,1653
2026-08-08 15:12:05,E,1128,217,7591,1653
2026-08-08 15:12:05,A,2566,659,7591,1653
2026-08-08 15:12:05,C,1615,433,7591,1653
2026-08-08 15:30:40,B,978,102,7581,1663
2026-08-08 15:30:40,F,1302,244,7581,1663
2026-08-08 15:30:40,E,1130,215,7581,1663
2026-08-08 15:30:40,A,2571,654,7581,1663
2026-08-08 15:30:40,C,1600,448,7581,1663
2026-08-08 16:00:44,B,991,89,7554,1690
2026-08-08 16:00:44,F,1303,243,7554,1690
2026-08-08 16:00:44,E,1130,215,7554,1690
2026-08-08 16:00:44,A,2520,705,7554,1690
2026-08-08 16:00:44,C,1610,438,7554,1690
2026-08-08 16:01:50,B,987,93,7545,1699
2026-08-08 16:01:50,F,1307,239,7545,1699
2026-08-08 16:01:50,E,1130,215,7545,1699
2026-08-08 16:01:50,A,2517,708,7545,1699
2026-08-08 16:01:50,C,1604,444,7545,1699
2026-08-08 16:30:32,B,994,86,7275,1969
2026-08-08 16:30:32,F,1293,253,7275,1969
2026-08-08 16:30:32,E,1089,256,7275,1969
2026-08-08 16:30:32,A,2363,862,7275,1969
2026-08-08 16:30:32,C,1536,512,7275,1969
2026-08-08 17:25:19,B,994,86,6702,2542
2026-08-08 17:25:19,F,1245,301,6702,2542
2026-08-08 17:25:19,E,1033,312,6702,2542
2026-08-08 17:25:19,A,2024,1201,6702,2542
2026-08-08 17:25:19,C,1406,642,6702,2542
2026-08-08 17:30:32,B,988,92,6638,2606
2026-08-08 17:30:32,F,1235,311,6638,2606
2026-08-08 17:30:32,E,1016,329,6638,2606
2026-08-08 17:30:32,A,2000,1225,6638,2606
2026-08-08 17:30:32,C,1399,649,6638,2606
2026-08-08 18:00:36,B,992,88,6390,2854
2026-08-08 18:00:36,F,1224,322,6390,2854
2026-08-08 18:00:36,E,981,364,6390,2854
2026-08-08 18:00:36,A,1853,1372,6390,2854
2026-08-08 18:00:36,C,1340,708,6390,2854
2026-08-08 18:04:27,B,987,93,6347,2897
2026-08-08 18:04:27,F,1222,324,6347,2897
2026-08-08 18:04:27,E,980,365,6347,2897
2026-08-08 18:04:27,A,1822,1403,6347,2897
2026-08-08 18:04:27,C,1336,712,6347,2897
2026-08-08 18:30:30,B,984,96,6119,3125
2026-08-08 18:30:30,F,1195,351,6119,3125
2026-08-08 18:30:30,E,980,365,6119,3125
2026-08-08 18:30:30,A,1697,1528,6119,3125
2026-08-08 18:30:30,C,1263,785,6119,3125
2026-08-08 19:00:36,B,998,82,5985,3259
2026-08-08 19:00:36,F,1171,375,5985,3259
2026-08-08 19:00:36,E,973,372,5985,3259
2026-08-08 19:00:36,A,1632,1593,5985,3259
2026-08-08 19:00:36,C,1211,837,5985,3259
2026-08-08 19:05:54,B,994,86,5953,3291
2026-08-08 19:05:54,F,1160,386,5953,3291
2026-08-08 19:05:54,E,955,390,5953,3291
2026-08-08 19:05:54,A,1640,1585,5953,3291
2026-08-08 19:05:54,C,1204,844,5953,3291
2026-08-08 19:30:31,B,1001,79,5669,3575
2026-08-08 19:30:31,F,1114,432,5669,3575
2026-08-08 19:30:31,E,888,457,5669,3575
2026-08-08 19:30:31,A,1515,1710,5669,3575
2026-08-08 19:30:31,C,1151,897,5669,3575
2026-08-08 19:59:40,B,988,92,5221,4023
2026-08-08 19:59:40,F,1040,506,5221,4023
2026-08-08 19:59:40,E,819,526,5221,4023
2026-08-08 19:59:40,A,1327,1898,5221,4023
2026-08-08 19:59:40,C,1047,1001,5221,4023
2026-08-08 20:00:44,B,988,92,5208,4036
2026-08-08 20:00:44,F,1041,505,5208,4036
2026-08-08 20:00:44,E,814,531,5208,4036
2026-08-08 20:00:44,A,1326,1899,5208,4036
2026-08-08 20:00:44,C,1039,1009,5208,4036
2026-08-08 20:30:31,B,959,121,4577,4667
2026-08-08 20:30:31,F,922,624,4577,4667
2026-08-08 20:30:31,E,697,648,4577,4667
2026-08-08 20:30:31,A,1109,2116,4577,4667
2026-08-08 20:30:31,C,890,1158,4577,4667
2026-08-08 20:30:58,B,961,119,4569,4675
2026-08-08 20:30:58,F,920,626,4569,4675
2026-08-08 20:30:58,E,693,652,4569,4675
2026-08-08 20:30:58,A,1106,2119,4569,4675
2026-08-08 20:30:58,C,889,1159,4569,4675
2026-08-08 21:16:39,B,712,368,2826,6418
2026-08-08 21:16:39,F,580,966,2826,6418
2026-08-08 21:16:39,E,385,960,2826,6418
2026-08-08 21:16:39,A,620,2605,2826,6418
2026-08-08 21:16:39,C,529,1519,2826,6418
2026-08-08 21:30:36,B,632,448,2319,6925
2026-08-08 21:30:36,F,482,1064,2319,6925
2026-08-08 21:30:36,E,291,1054,2319,6925
2026-08-08 21:30:36,A,483,2742,2319,6925
2026-08-08 21:30:36,C,431,1617,2319,6925
2026-08-08 21:49:21,B,622,458,1913,7331
2026-08-08 21:49:21,F,378,1168,1913,7331
2026-08-08 21:49:21,E,225,1120,1913,7331
2026-08-08 21:49:21,A,375,2850,1913,7331
2026-08-08 21:49:21,C,313,1735,1913,7331
2026-08-08 22:00:42,B,596,484,1758,7486
2026-08-08 22:00:42,F,353,1193,1758,7486
2026-08-08 22:00:42,E,206,1139,1758,7486
2026-08-08 22:00:42,A,329,2896,1758,7486
2026-08-08 22:00:42,C,274,1774,1758,7486
2026-08-08 22:30:40,B,566,514,1433,7811
2026-08-08 22:30:40,F,283,1263,1433,7811
2026-08-08 22:30:40,E,146,1199,1433,7811
2026-08-08 22:30:40,A,243,2982,1433,7811
2026-08-08 22:30:40,C,195,1853,1433,7811
2026-08-08 23:00:36,B,488,592,1149,8095
2026-08-08 23:00:36,F,225,1321,1149,8095
2026-08-08 23:00:36,E,113,1232,1149,8095
2026-08-08 23:00:36,A,170,3055,1149,8095
2026-08-08 23:00:36,C,153,1895,1149,8095
2026-08-08 23:23:06,B,466,614,1044,8200
2026-08-08 23:23:06,F,203,1343,1044,8200
2026-08-08 23:23:06,E,99,1246,1044,8200
2026-08-08 23:23:06,A,136,3089,1044,8200
2026-08-08 23:23:06,C,140,1908,1044,8200
2026-08-08 23:30:33,B,447,633,1008,8236
2026-08-08 23:30:33,F,198,1348,1008,8236
2026-08-08 23:30:33,E,95,1250,1008,8236
2026-08-08 23:30:33,A,132,3093,1008,8236
2026-08-08 23:30:33,C,136,1912,1008,8236
2026-08-09 00:00:36,B,391,689,899,8345
2026-08-09 00:00:36,F,181,1365,899,8345
2026-08-09 00:00:36,E,92,1253,899,8345
2026-08-09 00:00:36,A,114,3111,899,8345
2026-08-09 00:00:36,C,121,1927,899,8345
2026-08-09 00:02:37,B,391,689,897,8347
2026-08-09 00:02:37,F,184,1362,897,8347
2026-08-09 00:02:37,E,91,1254,897,8347
2026-08-09 00:02:37,A,111,3114,897,8347
2026-08-09 00:02:37,C,120,1928,897,8347
2026-08-09 00:30:34,B,350,730,830,8414
2026-08-09 00:30:34,F,186,1360,830,8414
2026-08-09 00:30:34,E,88,1257,830,8414
2026-08-09 00:30:34,A,97,3128,830,8414
2026-08-09 00:30:34,C,109,1939,830,8414
2026-08-09 00:54:31,B,268,812,711,8533
2026-08-09 00:54:31,F,180,1366,711,8533
2026-08-09 00:54:31,E,81,1264,711,8533
2026-08-09 00:54:31,A,91,3134,711,8533
2026-08-09 00:54:31,C,91,1957,711,8533
2026-08-09 01:00:37,B,228,852,642,8602
2026-08-09 01:00:37,F,175,1371,642,8602
2026-08-09 01:00:37,E,79,1266,642,8602
2026-08-09 01:00:37,A,76,3149,642,8602
2026-08-09 01:00:37,C,84,1964,642,8602
2026-08-09 01:15:26,B,187,893,565,8679
2026-08-09 01:15:26,F,171,1375,565,8679
2026-08-09 01:15:26,E,73,1272,565,8679
2026-08-09 01:15:26,A,60,3165,565,8679
2026-08-09 01:15:26,C,74,1974,565,8679
2026-08-09 01:30:37,B,140,940,502,8742
2026-08-09 01:30:37,F,163,1383,502,8742
2026-08-09 01:30:37,E,73,1272,502,8742
2026-08-09 01:30:37,A,54,3171,502,8742
2026-08-09 01:30:37,C,72,1976,502,8742
2026-08-09 01:51:45,B,69,1011,415,8829
2026-08-09 01:51:45,F,159,1387,415,8829
2026-08-09 01:51:45,E,71,1274,415,8829
2026-08-09 01:51:45,A,53,3172,415,8829
2026-08-09 01:51:45,C,63,1985,415,8829
2026-08-09 02:00:45,B,54,1026,393,8851
2026-08-09 02:00:45,F,157,1389,393,8851
2026-08-09 02:00:45,E,70,1275,393,8851
2026-08-09 02:00:45,A,51,3174,393,8851
2026-08-09 02:00:45,C,61,1987,393,8851
2026-08-09 02:15:47,B,53,1027,389,8855
2026-08-09 02:15:47,F,154,1392,389,8855
2026-08-09 02:15:47,E,72,1273,389,8855
2026-08-09 02:15:47,A,49,3176,389,8855
2026-08-09 02:15:47,C,61,1987,389,8855
2026-08-09 02:30:30,B,49,1031,383,8861
2026-08-09 02:30:30,F,153,1393,383,8861
2026-08-09 02:30:30,E,72,1273,383,8861
2026-08-09 02:30:30,A,48,3177,383,8861
2026-08-09 02:30:30,C,61,1987,383,8861
2026-08-09 02:57:51,B,48,1032,381,8863
2026-08-09 02:57:51,F,154,1392,381,8863
2026-08-09 02:57:51,E,71,1274,381,8863
2026-08-09 02:57:51,A,49,3176,381,8863
2026-08-09 02:57:51,C,59,1989,381,8863
2026-08-09 03:00:39,B,48,1032,382,8862
2026-08-09 03:00:39,F,154,1392,382,8862
2026-08-09 03:00:39,E,71,1274,382,8862
2026-08-09 03:00:39,A,49,3176,382,8862
2026-08-09 03:00:39,C,60,1988,382,8862
2026-08-09 03:23:17,B,52,1028,388,8856
2026-08-09 03:23:17,F,155,1391,388,8856
2026-08-09 03:23:17,E,73,1272,388,8856
2026-08-09 03:23:17,A,48,3177,388,8856
2026-08-09 03:23:17,C,60,1988,388,8856
2026-08-09 03:30:31,B,55,1025,392,8852
2026-08-09 03:30:31,F,156,1390,392,8852
2026-08-09 03:30:31,E,72,1273,392,8852
2026-08-09 03:30:31,A,49,3176,392,8852
2026-08-09 03:30:31,C,60,1988,392,8852
2026-08-09 03:53:22,B,48,1032,384,8860
2026-08-09 03:53:22,F,156,1390,384,8860
2026-08-09 03:53:22,E,71,1274,384,8860
2026-08-09 03:53:22,A,48,3177,384,8860
2026-08-09 03:53:22,C,61,1987,384,8860
2026-08-09 04:00:36,B,48,1032,385,8859
2026-08-09 04:00:36,F,156,1390,385,8859
2026-08-09 04:00:36,E,71,1274,385,8859
2026-08-09 04:00:36,A,49,3176,385,8859
2026-08-09 04:00:36,C,61,1987,385,8859
2026-08-09 04:16:52,B,46,1034,379,8865
2026-08-09 04:16:52,F,154,1392,379,8865
2026-08-09 04:16:52,E,70,1275,379,8865
2026-08-09 04:16:52,A,48,3177,379,8865
2026-08-09 04:16:52,C,61,1987,379,8865
2026-08-09 04:30:37,B,46,1034,380,8864
2026-08-09 04:30:37,F,154,1392,380,8864
2026-08-09 04:30:37,E,70,1275,380,8864
2026-08-09 04:30:37,A,48,3177,380,8864
2026-08-09 04:30:37,C,62,1986,380,8864
2026-08-09 05:00:37,B,46,1034,381,8863
2026-08-09 05:00:37,F,157,1389,381,8863
2026-08-09 05:00:37,E,69,1276,381,8863
2026-08-09 05:00:37,A,48,3177,381,8863
2026-08-09 05:00:37,C,61,1987,381,8863
2026-08-09 05:04:43,B,46,1034,380,8864
2026-08-09 05:04:43,F,156,1390,380,8864
2026-08-09 05:04:43,E,69,1276,380,8864
2026-08-09 05:04:43,A,48,3177,380,8864
2026-08-09 05:04:43,C,61,1987,380,8864
2026-08-09 05:30:30,B,46,1034,382,8862
2026-08-09 05:30:30,F,156,1390,382,8862
2026-08-09 05:30:30,E,70,1275,382,8862
2026-08-09 05:30:30,A,47,3178,382,8862
2026-08-09 05:30:30,C,63,1985,382,8862
2026-08-09 05:48:59,B,46,1034,383,8861
2026-08-09 05:48:59,F,158,1388,383,8861
2026-08-09 05:48:59,E,67,1278,383,8861
2026-08-09 05:48:59,A,48,3177,383,8861
2026-08-09 05:48:59,C,64,1984,383,8861
2026-08-09 06:00:36,B,47,1033,389,8855
2026-08-09 06:00:36,F,160,1386,389,8855
2026-08-09 06:00:36,E,67,1278,389,8855
2026-08-09 06:00:36,A,48,3177,389,8855
2026-08-09 06:00:36,C,67,1981,389,8855
2026-08-09 06:13:37,B,49,1031,395,8849
2026-08-09 06:13:37,F,162,1384,395,8849
2026-08-09 06:13:37,E,69,1276,395,8849
2026-08-09 06:13:37,A,48,3177,395,8849
2026-08-09 06:13:37,C,67,1981,395,8849
2026-08-09 06:30:30,B,47,1033,404,8840
2026-08-09 06:30:30,F,164,1382,404,8840
2026-08-09 06:30:30,E,75,1270,404,8840
2026-08-09 06:30:30,A,49,3176,404,8840
2026-08-09 06:30:30,C,69,1979,404,8840
2026-08-09 06:53:27,B,68,1012,451,8793
2026-08-09 06:53:27,F,173,1373,451,8793
2026-08-09 06:53:27,E,81,1264,451,8793
2026-08-09 06:53:27,A,50,3175,451,8793
2026-08-09 06:53:27,C,79,1969,451,8793
2026-08-09 07:00:39,B,77,1003,475,8769
2026-08-09 07:00:39,F,176,1370,475,8769
2026-08-09 07:00:39,E,83,1262,475,8769
2026-08-09 07:00:39,A,52,3173,475,8769
2026-08-09 07:00:39,C,87,1961,475,8769
2026-08-09 07:16:41,B,93,987,493,8751
2026-08-09 07:16:41,F,177,1369,493,8751
2026-08-09 07:16:41,E,81,1264,493,8751
2026-08-09 07:16:41,A,54,3171,493,8751
2026-08-09 07:16:41,C,88,1960,493,8751
2026-08-09 07:30:34,B,97,983,509,8735
2026-08-09 07:30:34,F,176,1370,509,8735
2026-08-09 07:30:34,E,85,1260,509,8735
2026-08-09 07:30:34,A,56,3169,509,8735
2026-08-09 07:30:34,C,95,1953,509,8735
2026-08-09 07:51:29,B,96,984,572,8672
2026-08-09 07:51:29,F,190,1356,572,8672
2026-08-09 07:51:29,E,99,1246,572,8672
2026-08-09 07:51:29,A,63,3162,572,8672
2026-08-09 07:51:29,C,124,1924,572,8672
2026-08-09 08:00:38,B,99,981,619,8625
2026-08-09 08:00:38,F,194,1352,619,8625
2026-08-09 08:00:38,E,113,1232,619,8625
2026-08-09 08:00:38,A,69,3156,619,8625
2026-08-09 08:00:38,C,144,1904,619,8625
2026-08-09 08:13:33,B,108,972,685,8559
2026-08-09 08:13:33,F,200,1346,685,8559
2026-08-09 08:13:33,E,131,1214,685,8559
2026-08-09 08:13:33,A,75,3150,685,8559
2026-08-09 08:13:33,C,171,1877,685,8559
2026-08-09 08:30:33,B,123,957,763,8481
2026-08-09 08:30:33,F,206,1340,763,8481
2026-08-09 08:30:33,E,161,1184,763,8481
2026-08-09 08:30:33,A,78,3147,763,8481
2026-08-09 08:30:33,C,195,1853,763,8481
2026-08-09 08:52:19,B,164,916,923,8321
2026-08-09 08:52:19,F,238,1308,923,8321
2026-08-09 08:52:19,E,196,1149,923,8321
2026-08-09 08:52:19,A,97,3128,923,8321
2026-08-09 08:52:19,C,228,1820,923,8321
2026-08-09 09:00:38,B,201,879,1058,8186
2026-08-09 09:00:38,F,262,1284,1058,8186
2026-08-09 09:00:38,E,226,1119,1058,8186
2026-08-09 09:00:38,A,113,3112,1058,8186
2026-08-09 09:00:38,C,256,1792,1058,8186
2026-08-09 09:14:51,B,281,799,1318,7926
2026-08-09 09:14:51,F,301,1245,1318,7926
2026-08-09 09:14:51,E,274,1071,1318,7926
2026-08-09 09:14:51,A,148,3077,1318,7926
2026-08-09 09:14:51,C,314,1734,1318,7926
2026-08-09 09:49:42,B,554,526,2364,6880
2026-08-09 09:49:42,F,480,1066,2364,6880
2026-08-09 09:49:42,E,433,912,2364,6880
2026-08-09 09:49:42,A,360,2865,2364,6880
2026-08-09 09:49:42,C,537,1511,2364,6880
2026-08-09 10:30:32,B,877,203,4132,5112
2026-08-09 10:30:32,F,849,697,4132,5112
2026-08-09 10:30:32,E,692,653,4132,5112
2026-08-09 10:30:32,A,864,2361,4132,5112
2026-08-09 10:30:32,C,850,1198,4132,5112
2026-08-09 11:00:38,B,977,103,5217,4027
2026-08-09 11:00:38,F,1014,532,5217,4027
2026-08-09 11:00:38,E,815,530,5217,4027
2026-08-09 11:00:38,A,1283,1942,5217,4027
2026-08-09 11:00:38,C,1128,920,5217,4027
2026-08-09 12:30:32,B,986,94,7345,1899
2026-08-09 12:30:32,F,1298,248,7345,1899
2026-08-09 12:30:32,E,1103,242,7345,1899
2026-08-09 12:30:32,A,2344,881,7345,1899
2026-08-09 12:30:32,C,1614,434,7345,1899
2026-08-09 12:54:07,B,992,88,7649,1595
2026-08-09 12:54:07,F,1296,250,7649,1595
2026-08-09 12:54:07,E,1140,205,7649,1595
2026-08-09 12:54:07,A,2543,682,7649,1595
2026-08-09 12:54:07,C,1678,370,7649,1595
2026-08-09 13:00:39,B,986,94,7694,1550
2026-08-09 13:00:39,F,1297,249,7694,1550
2026-08-09 13:00:39,E,1140,205,7694,1550
2026-08-09 13:00:39,A,2584,641,7694,1550
2026-08-09 13:00:39,C,1687,361,7694,1550
2026-08-09 14:06:20,B,990,90,8136,1108
2026-08-09 14:06:20,F,1296,250,8136,1108
2026-08-09 14:06:20,E,1148,197,8136,1108
2026-08-09 14:06:20,A,2945,280,8136,1108
2026-08-09 14:06:20,C,1757,291,8136,1108
2026-08-09 15:00:38,B,993,87,8177,1067
2026-08-09 15:00:38,F,1305,241,8177,1067
2026-08-09 15:00:38,E,1141,204,8177,1067
2026-08-09 15:00:38,A,2995,230,8177,1067
2026-08-09 15:00:38,C,1743,305,8177,1067
2026-08-09 15:30:34,B,988,92,7982,1262
2026-08-09 15:30:34,F,1294,252,7982,1262
2026-08-09 15:30:34,E,1126,219,7982,1262
2026-08-09 15:30:34,A,2878,347,7982,1262
2026-08-09 15:30:34,C,1696,352,7982,1262
2026-08-09 16:00:38,B,992,88,7664,1580
2026-08-09 16:00:38,F,1300,246,7664,1580
2026-08-09 16:00:38,E,1134,211,7664,1580
2026-08-09 16:00:38,A,2620,605,7664,1580
2026-08-09 16:00:38,C,1618,430,7664,1580
2026-08-09 16:05:46,B,984,96,7611,1633
2026-08-09 16:05:46,F,1288,258,7611,1633
2026-08-09 16:05:46,E,1134,211,7611,1633
2026-08-09 16:05:46,A,2598,627,7611,1633
2026-08-09 16:05:46,C,1607,441,7611,1633
2026-08-09 16:30:33,B,987,93,7244,2000
2026-08-09 16:30:33,F,1251,295,7244,2000
2026-08-09 16:30:33,E,1088,257,7244,2000
2026-08-09 16:30:33,A,2380,845,7244,2000
2026-08-09 16:30:33,C,1538,510,7244,2000
2026-08-09 17:27:52,B,960,120,5946,3298
2026-08-09 17:27:52,F,1092,454,5946,3298
2026-08-09 17:27:52,E,931,414,5946,3298
2026-08-09 17:27:52,A,1753,1472,5946,3298
2026-08-09 17:27:52,C,1210,838,5946,3298
2026-08-09 17:30:31,B,969,111,5883,3361
2026-08-09 17:30:31,F,1086,460,5883,3361
2026-08-09 17:30:31,E,922,423,5883,3361
2026-08-09 17:30:31,A,1713,1512,5883,3361
2026-08-09 17:30:31,C,1193,855,5883,3361
2026-08-09 18:00:36,B,973,107,5194,4050
2026-08-09 18:00:36,F,968,578,5194,4050
2026-08-09 18:00:36,E,816,529,5194,4050
2026-08-09 18:00:36,A,1425,1800,5194,4050
2026-08-09 18:00:36,C,1012,1036,5194,4050
2026-08-09 18:06:20,B,975,105,5030,4214
2026-08-09 18:06:20,F,935,611,5030,4214
2026-08-09 18:06:20,E,772,573,5030,4214
2026-08-09 18:06:20,A,1366,1859,5030,4214
2026-08-09 18:06:20,C,982,1066,5030,4214
2026-08-09 18:30:31,B,943,137,4396,4848
2026-08-09 18:30:31,F,809,737,4396,4848
2026-08-09 18:30:31,E,681,664,4396,4848
2026-08-09 18:30:31,A,1116,2109,4396,4848
2026-08-09 18:30:31,C,847,1201,4396,4848
2026-08-09 19:00:37,B,886,194,3579,5665
2026-08-09 19:00:37,F,647,899,3579,5665
2026-08-09 19:00:37,E,543,802,3579,5665
2026-08-09 19:00:37,A,822,2403,3579,5665
2026-08-09 19:00:37,C,681,1367,3579,5665
2026-08-09 19:07:26,B,848,232,3259,5985
2026-08-09 19:07:26,F,578,968,3259,5985
2026-08-09 19:07:26,E,506,839,3259,5985
2026-08-09 19:07:26,A,705,2520,3259,5985
2026-08-09 19:07:26,C,622,1426,3259,5985
2026-08-09 19:30:32,B,722,358,2428,6816
2026-08-09 19:30:32,F,431,1115,2428,6816
2026-08-09 19:30:32,E,381,964,2428,6816
2026-08-09 19:30:32,A,433,2792,2428,6816
2026-08-09 19:30:32,C,461,1587,2428,6816
2026-08-09 20:00:37,B,637,443,1869,7375
2026-08-09 20:00:37,F,347,1199,1869,7375
2026-08-09 20:00:37,E,269,1076,1869,7375
2026-08-09 20:00:37,A,272,2953,1869,7375
2026-08-09 20:00:37,C,344,1704,1869,7375
2026-08-09 20:01:08,B,636,444,1858,7386
2026-08-09 20:01:08,F,346,1200,1858,7386
2026-08-09 20:01:08,E,264,1081,1858,7386
2026-08-09 20:01:08,A,271,2954,1858,7386
2026-08-09 20:01:08,C,341,1707,1858,7386
2026-08-09 20:30:31,B,579,501,1536,7708
2026-08-09 20:30:31,F,301,1245,1536,7708
2026-08-09 20:30:31,E,190,1155,1536,7708
2026-08-09 20:30:31,A,201,3024,1536,7708
2026-08-09 20:30:31,C,265,1783,1536,7708
2026-08-09 20:57:56,B,534,546,1334,7910
2026-08-09 20:57:56,F,245,1301,1334,7910
2026-08-09 20:57:56,E,166,1179,1334,7910
2026-08-09 20:57:56,A,169,3056,1334,7910
2026-08-09 20:57:56,C,220,1828,1334,7910
2026-08-09 21:23:15,B,448,632,1117,8127
2026-08-09 21:23:15,F,219,1327,1117,8127
2026-08-09 21:23:15,E,128,1217,1117,8127
2026-08-09 21:23:15,A,136,3089,1117,8127
2026-08-09 21:23:15,C,186,1862,1117,8127
2026-08-09 21:30:32,B,452,628,1073,8171
2026-08-09 21:30:32,F,201,1345,1073,8171
2026-08-09 21:30:32,E,117,1228,1073,8171
2026-08-09 21:30:32,A,127,3098,1073,8171
2026-08-09 21:30:32,C,176,1872,1073,8171
2026-08-09 21:51:08,B,446,634,998,8246
2026-08-09 21:51:08,F,178,1368,998,8246
2026-08-09 21:51:08,E,110,1235,998,8246
2026-08-09 21:51:08,A,103,3122,998,8246
2026-08-09 21:51:08,C,161,1887,998,8246
2026-08-09 22:00:38,B,443,637,970,8274
2026-08-09 22:00:38,F,171,1375,970,8274
2026-08-09 22:00:38,E,107,1238,970,8274
2026-08-09 22:00:38,A,103,3122,970,8274
2026-08-09 22:00:38,C,146,1902,970,8274
2026-08-09 22:20:19,B,379,701,865,8379
2026-08-09 22:20:19,F,162,1384,865,8379
2026-08-09 22:20:19,E,97,1248,865,8379
2026-08-09 22:20:19,A,92,3133,865,8379
2026-08-09 22:20:19,C,135,1913,865,8379
2026-08-09 22:30:32,B,357,723,816,8428
2026-08-09 22:30:32,F,157,1389,816,8428
2026-08-09 22:30:32,E,93,1252,816,8428
2026-08-09 22:30:32,A,85,3140,816,8428
2026-08-09 22:30:32,C,124,1924,816,8428
2026-08-09 23:00:38,B,338,742,762,8482
2026-08-09 23:00:38,F,149,1397,762,8482
2026-08-09 23:00:38,E,84,1261,762,8482
2026-08-09 23:00:38,A,76,3149,762,8482
2026-08-09 23:00:38,C,115,1933,762,8482
2026-08-09 23:26:58,B,276,804,666,8578
2026-08-09 23:26:58,F,139,1407,666,8578
2026-08-09 23:26:58,E,80,1265,666,8578
2026-08-09 23:26:58,A,65,3160,666,8578
2026-08-09 23:26:58,C,106,1942,666,8578
2026-08-09 23:30:30,B,275,805,664,8580
2026-08-09 23:30:30,F,140,1406,664,8580
2026-08-09 23:30:30,E,79,1266,664,8580
2026-08-09 23:30:30,A,65,3160,664,8580
2026-08-09 23:30:30,C,105,1943,664,8580
2026-08-10 00:03:49,B,245,835,625,8619
2026-08-10 00:03:49,F,135,1411,625,8619
2026-08-10 00:03:49,E,77,1268,625,8619
2026-08-10 00:03:49,A,62,3163,625,8619
2026-08-10 00:03:49,C,106,1942,625,8619
2026-08-10 00:30:34,B,171,909,548,8696
2026-08-10 00:30:34,F,145,1401,548,8696
2026-08-10 00:30:34,E,75,1270,548,8696
2026-08-10 00:30:34,A,61,3164,548,8696
2026-08-10 00:30:34,C,96,1952,548,8696
2026-08-10 00:57:32,B,82,998,426,8818
2026-08-10 00:57:32,F,138,1408,426,8818
2026-08-10 00:57:32,E,67,1278,426,8818
2026-08-10 00:57:32,A,58,3167,426,8818
2026-08-10 00:57:32,C,81,1967,426,8818
2026-08-10 01:00:38,B,70,1010,410,8834
2026-08-10 01:00:38,F,137,1409,410,8834
2026-08-10 01:00:38,E,67,1278,410,8834
2026-08-10 01:00:38,A,56,3169,410,8834
2026-08-10 01:00:38,C,80,1968,410,8834
2026-08-10 01:23:12,B,55,1025,384,8860
2026-08-10 01:23:12,F,134,1412,384,8860
2026-08-10 01:23:12,E,66,1279,384,8860
2026-08-10 01:23:12,A,56,3169,384,8860
2026-08-10 01:23:12,C,73,1975,384,8860
2026-08-10 01:30:31,B,50,1030,379,8865
2026-08-10 01:30:31,F,134,1412,379,8865
2026-08-10 01:30:31,E,67,1278,379,8865
2026-08-10 01:30:31,A,56,3169,379,8865
2026-08-10 01:30:31,C,72,1976,379,8865
2026-08-10 01:53:16,B,45,1035,366,8878
2026-08-10 01:53:16,F,134,1412,366,8878
2026-08-10 01:53:16,E,64,1281,366,8878
2026-08-10 01:53:16,A,53,3172,366,8878
2026-08-10 01:53:16,C,70,1978,366,8878
2026-08-10 02:00:38,B,43,1037,365,8879
2026-08-10 02:00:38,F,134,1412,365,8879
2026-08-10 02:00:38,E,65,1280,365,8879
2026-08-10 02:00:38,A,52,3173,365,8879
2026-08-10 02:00:38,C,71,1977,365,8879
2026-08-10 02:17:43,B,44,1036,363,8881
2026-08-10 02:17:43,F,134,1412,363,8881
2026-08-10 02:17:43,E,66,1279,363,8881
2026-08-10 02:17:43,A,49,3176,363,8881
2026-08-10 02:17:43,C,70,1978,363,8881
2026-08-10 02:30:33,B,44,1036,364,8880
2026-08-10 02:30:33,F,134,1412,364,8880
2026-08-10 02:30:33,E,67,1278,364,8880
2026-08-10 02:30:33,A,49,3176,364,8880
2026-08-10 02:30:33,C,70,1978,364,8880
2026-08-10 03:00:36,B,45,1035,367,8877
2026-08-10 03:00:36,F,134,1412,367,8877
2026-08-10 03:00:36,E,70,1275,367,8877
2026-08-10 03:00:36,A,47,3178,367,8877
2026-08-10 03:00:36,C,71,1977,367,8877
2026-08-10 03:30:30,B,44,1036,366,8878
2026-08-10 03:30:30,F,133,1413,366,8878
2026-08-10 03:30:30,E,70,1275,366,8878
2026-08-10 03:30:30,A,47,3178,366,8878
2026-08-10 03:30:30,C,72,1976,366,8878
2026-08-10 03:53:49,B,43,1037,364,8880
2026-08-10 03:53:49,F,133,1413,364,8880
2026-08-10 03:53:49,E,70,1275,364,8880
2026-08-10 03:53:49,A,44,3181,364,8880
2026-08-10 03:53:49,C,74,1974,364,8880
2026-08-10 04:00:36,B,45,1035,365,8879
2026-08-10 04:00:36,F,133,1413,365,8879
2026-08-10 04:00:36,E,70,1275,365,8879
2026-08-10 04:00:36,A,43,3182,365,8879
2026-08-10 04:00:36,C,74,1974,365,8879
2026-08-10 04:19:28,B,46,1034,366,8878
2026-08-10 04:19:28,F,133,1413,366,8878
2026-08-10 04:19:28,E,69,1276,366,8878
2026-08-10 04:19:28,A,44,3181,366,8878
2026-08-10 04:19:28,C,74,1974,366,8878
2026-08-10 04:30:32,B,47,1033,365,8879
2026-08-10 04:30:32,F,133,1413,365,8879
2026-08-10 04:30:32,E,69,1276,365,8879
2026-08-10 04:30:32,A,44,3181,365,8879
2026-08-10 04:30:32,C,72,1976,365,8879
2026-08-10 05:00:37,B,49,1031,370,8874
2026-08-10 05:00:37,F,136,1410,370,8874
2026-08-10 05:00:37,E,67,1278,370,8874
2026-08-10 05:00:37,A,45,3180,370,8874
2026-08-10 05:00:37,C,73,1975,370,8874
2026-08-10 05:08:17,B,49,1031,370,8874
2026-08-10 05:08:17,F,136,1410,370,8874
2026-08-10 05:08:17,E,68,1277,370,8874
2026-08-10 05:08:17,A,44,3181,370,8874
2026-08-10 05:08:17,C,73,1975,370,8874
2026-08-10 05:30:32,B,49,1031,374,8870
2026-08-10 05:30:32,F,139,1407,374,8870
2026-08-10 05:30:32,E,70,1275,374,8870
2026-08-10 05:30:32,A,41,3184,374,8870
2026-08-10 05:30:32,C,75,1973,374,8870
2026-08-10 05:52:25,B,51,1029,423,8821
2026-08-10 05:52:25,F,160,1386,423,8821
2026-08-10 05:52:25,E,79,1266,423,8821
2026-08-10 05:52:25,A,51,3174,423,8821
2026-08-10 05:52:25,C,82,1966,423,8821
2026-08-10 06:00:36,B,49,1031,461,8783
2026-08-10 06:00:36,F,183,1363,461,8783
2026-08-10 06:00:36,E,81,1264,461,8783
2026-08-10 06:00:36,A,53,3172,461,8783
2026-08-10 06:00:36,C,95,1953,461,8783
2026-08-10 06:16:00,B,50,1030,484,8760
2026-08-10 06:16:00,F,188,1358,484,8760
2026-08-10 06:16:00,E,91,1254,484,8760
2026-08-10 06:16:00,A,56,3169,484,8760
2026-08-10 06:16:00,C,99,1949,484,8760
2026-08-10 06:30:31,B,47,1033,525,8719
2026-08-10 06:30:31,F,202,1344,525,8719
2026-08-10 06:30:31,E,105,1240,525,8719
2026-08-10 06:30:31,A,59,3166,525,8719
2026-08-10 06:30:31,C,112,1936,525,8719
2026-08-10 06:57:36,B,50,1030,683,8561
2026-08-10 06:57:36,F,246,1300,683,8561
2026-08-10 06:57:36,E,134,1211,683,8561
2026-08-10 06:57:36,A,74,3151,683,8561
2026-08-10 06:57:36,C,179,1869,683,8561
2026-08-10 07:00:39,B,49,1031,709,8535
2026-08-10 07:00:39,F,250,1296,709,8535
2026-08-10 07:00:39,E,137,1208,709,8535
2026-08-10 07:00:39,A,78,3147,709,8535
2026-08-10 07:00:39,C,195,1853,709,8535
2026-08-10 07:24:00,B,49,1031,841,8403
2026-08-10 07:24:00,F,282,1264,841,8403
2026-08-10 07:24:00,E,155,1190,841,8403
2026-08-10 07:24:00,A,107,3118,841,8403
2026-08-10 07:24:00,C,248,1800,841,8403
2026-08-10 07:30:31,B,49,1031,872,8372
2026-08-10 07:30:31,F,287,1259,872,8372
2026-08-10 07:30:31,E,160,1185,872,8372
2026-08-10 07:30:31,A,115,3110,872,8372
2026-08-10 07:30:31,C,261,1787,872,8372
2026-08-10 07:54:14,B,50,1030,1064,8180
2026-08-10 07:54:14,F,319,1227,1064,8180
2026-08-10 07:54:14,E,187,1158,1064,8180
2026-08-10 07:54:14,A,142,3083,1064,8180
2026-08-10 07:54:14,C,366,1682,1064,8180
2026-08-10 08:00:40,B,48,1032,1167,8077
2026-08-10 08:00:40,F,343,1203,1167,8077
2026-08-10 08:00:40,E,211,1134,1167,8077
2026-08-10 08:00:40,A,157,3068,1167,8077
2026-08-10 08:00:40,C,408,1640,1167,8077
2026-08-10 08:15:19,B,48,1032,1371,7873
2026-08-10 08:15:19,F,377,1169,1371,7873
2026-08-10 08:15:19,E,264,1081,1371,7873
2026-08-10 08:15:19,A,186,3039,1371,7873
2026-08-10 08:15:19,C,496,1552,1371,7873
2026-08-10 08:30:31,B,50,1030,1610,7634
2026-08-10 08:30:31,F,429,1117,1610,7634
2026-08-10 08:30:31,E,308,1037,1610,7634
2026-08-10 08:30:31,A,229,2996,1610,7634
2026-08-10 08:30:31,C,594,1454,1610,7634
2026-08-10 08:54:56,B,91,989,2160,7084
2026-08-10 08:54:56,F,556,990,2160,7084
2026-08-10 08:54:56,E,401,944,2160,7084
2026-08-10 08:54:56,A,355,2870,2160,7084
2026-08-10 08:54:56,C,757,1291,2160,7084
2026-08-10 09:00:38,B,116,964,2338,6906
2026-08-10 09:00:38,F,607,939,2338,6906
2026-08-10 09:00:38,E,428,917,2338,6906
2026-08-10 09:00:38,A,385,2840,2338,6906
2026-08-10 09:00:38,C,802,1246,2338,6906
2026-08-10 09:17:22,B,199,881,2918,6326
2026-08-10 09:17:22,F,743,803,2918,6326
2026-08-10 09:17:22,E,534,811,2918,6326
2026-08-10 09:17:22,A,484,2741,2918,6326
2026-08-10 09:17:22,C,958,1090,2918,6326
2026-08-10 09:30:32,B,258,822,3343,5901
2026-08-10 09:30:32,F,846,700,3343,5901
2026-08-10 09:30:32,E,596,749,3343,5901
2026-08-10 09:30:32,A,599,2626,3343,5901
2026-08-10 09:30:32,C,1044,1004,3343,5901
2026-08-10 09:53:25,B,346,734,3917,5327
2026-08-10 09:53:25,F,1004,542,3917,5327
2026-08-10 09:53:25,E,674,671,3917,5327
2026-08-10 09:53:25,A,746,2479,3917,5327
2026-08-10 09:53:25,C,1147,901,3917,5327
2026-08-10 10:00:47,B,401,679,4150,5094
2026-08-10 10:00:47,F,1056,490,4150,5094
2026-08-10 10:00:47,E,697,648,4150,5094
2026-08-10 10:00:47,A,809,2416,4150,5094
2026-08-10 10:00:47,C,1187,861,4150,5094
2026-08-10 10:30:31,B,520,560,4753,4491
2026-08-10 10:30:31,F,1174,372,4753,4491
2026-08-10 10:30:31,E,767,578,4753,4491
2026-08-10 10:30:31,A,1011,2214,4753,4491
2026-08-10 10:30:31,C,1281,767,4753,4491
2026-08-10 10:40:58,B,565,515,4958,4286
2026-08-10 10:40:58,F,1212,334,4958,4286
2026-08-10 10:40:58,E,790,555,4958,4286
2026-08-10 10:40:58,A,1071,2154,4958,4286
2026-08-10 10:40:58,C,1320,728,4958,4286
2026-08-10 11:00:36,B,632,448,5312,3932
2026-08-10 11:00:36,F,1261,285,5312,3932
2026-08-10 11:00:36,E,849,496,5312,3932
2026-08-10 11:00:36,A,1187,2038,5312,3932
2026-08-10 11:00:36,C,1383,665,5312,3932
2026-08-10 11:30:40,B,713,367,5707,3537
2026-08-10 11:30:40,F,1296,250,5707,3537
2026-08-10 11:30:40,E,942,403,5707,3537
2026-08-10 11:30:40,A,1314,1911,5707,3537
2026-08-10 11:30:40,C,1442,606,5707,3537
2026-08-10 12:00:41,B,769,311,6039,3205
2026-08-10 12:00:41,F,1315,231,6039,3205
2026-08-10 12:00:41,E,987,358,6039,3205
2026-08-10 12:00:41,A,1439,1786,6039,3205
2026-08-10 12:00:41,C,1529,519,6039,3205
2026-08-10 12:30:40,B,779,301,6255,2989
2026-08-10 12:30:40,F,1312,234,6255,2989
2026-08-10 12:30:40,E,1031,314,6255,2989
2026-08-10 12:30:40,A,1573,1652,6255,2989
2026-08-10 12:30:40,C,1560,488,6255,2989
2026-08-10 13:02:41,B,772,308,6428,2816
2026-08-10 13:02:41,F,1313,233,6428,2816
2026-08-10 13:02:41,E,1074,271,6428,2816
2026-08-10 13:02:41,A,1687,1538,6428,2816
2026-08-10 13:02:41,C,1582,466,6428,2816
2026-08-10 13:30:32,B,781,299,6475,2769
2026-08-10 13:30:32,F,1307,239,6475,2769
2026-08-10 13:30:32,E,1072,273,6475,2769
2026-08-10 13:30:32,A,1720,1505,6475,2769
2026-08-10 13:30:32,C,1595,453,6475,2769
2026-08-10 14:00:39,B,826,254,6401,2843
2026-08-10 14:00:39,F,1287,259,6401,2843
2026-08-10 14:00:39,E,1049,296,6401,2843
2026-08-10 14:00:39,A,1662,1563,6401,2843
2026-08-10 14:00:39,C,1577,471,6401,2843
2026-08-10 14:30:31,B,816,264,6160,3084
2026-08-10 14:30:31,F,1242,304,6160,3084
2026-08-10 14:30:31,E,1005,340,6160,3084
2026-08-10 14:30:31,A,1573,1652,6160,3084
2026-08-10 14:30:31,C,1524,524,6160,3084
2026-08-10 14:59:43,B,763,317,5757,3487
2026-08-10 14:59:43,F,1223,323,5757,3487
2026-08-10 14:59:43,E,933,412,5757,3487
2026-08-10 14:59:43,A,1421,1804,5757,3487
2026-08-10 14:59:43,C,1417,631,5757,3487
2026-08-10 15:00:38,B,760,320,5734,3510
2026-08-10 15:00:38,F,1217,329,5734,3510
2026-08-10 15:00:38,E,931,414,5734,3510
2026-08-10 15:00:38,A,1413,1812,5734,3510
2026-08-10 15:00:38,C,1413,635,5734,3510
2026-08-10 15:30:31,B,721,359,5349,3895
2026-08-10 15:30:31,F,1150,396,5349,3895
2026-08-10 15:30:31,E,875,470,5349,3895
2026-08-10 15:30:31,A,1246,1979,5349,3895
2026-08-10 15:30:31,C,1357,691,5349,3895
2026-08-10 16:00:40,B,679,401,5023,4221
2026-08-10 16:00:40,F,1112,434,5023,4221
2026-08-10 16:00:40,E,846,499,5023,4221
2026-08-10 16:00:40,A,1092,2133,5023,4221
2026-08-10 16:00:40,C,1294,754,5023,4221
2026-08-10 16:09:22,B,689,391,4851,4393
2026-08-10 16:09:22,F,1067,479,4851,4393
2026-08-10 16:09:22,E,809,536,4851,4393
2026-08-10 16:09:22,A,1046,2179,4851,4393
2026-08-10 16:09:22,C,1240,808,4851,4393
2026-08-10 17:00:53,B,667,413,4158,5086
2026-08-10 17:00:53,F,948,598,4158,5086
2026-08-10 17:00:53,E,706,639,4158,5086
2026-08-10 17:00:53,A,846,2379,4158,5086
2026-08-10 17:00:53,C,991,1057,4158,5086
2026-08-10 17:30:34,B,598,482,3294,5950
2026-08-10 17:30:34,F,771,775,3294,5950
2026-08-10 17:30:34,E,544,801,3294,5950
2026-08-10 17:30:34,A,633,2592,3294,5950
2026-08-10 17:30:34,C,748,1300,3294,5950
2026-08-10 18:00:39,B,513,567,2300,6944
2026-08-10 18:00:39,F,532,1014,2300,6944
2026-08-10 18:00:39,E,401,944,2300,6944
2026-08-10 18:00:39,A,370,2855,2300,6944
2026-08-10 18:00:39,C,484,1564,2300,6944
2026-08-10 18:10:21,B,491,589,2040,7204
2026-08-10 18:10:21,F,454,1092,2040,7204
2026-08-10 18:10:21,E,382,963,2040,7204
2026-08-10 18:10:21,A,289,2936,2040,7204
2026-08-10 18:10:21,C,424,1624,2040,7204
2026-08-10 18:30:32,B,493,587,1764,7480
2026-08-10 18:30:32,F,364,1182,1764,7480
2026-08-10 18:30:32,E,338,1007,1764,7480
2026-08-10 18:30:32,A,209,3016,1764,7480
2026-08-10 18:30:32,C,360,1688,1764,7480
2026-08-10 19:00:41,B,500,580,1552,7692
2026-08-10 19:00:41,F,318,1228,1552,7692
2026-08-10 19:00:41,E,304,1041,1552,7692
2026-08-10 19:00:41,A,143,3082,1552,7692
2026-08-10 19:00:41,C,287,1761,1552,7692
2026-08-10 19:30:32,B,486,594,1415,7829
2026-08-10 19:30:32,F,303,1243,1415,7829
2026-08-10 19:30:32,E,258,1087,1415,7829
2026-08-10 19:30:32,A,127,3098,1415,7829
2026-08-10 19:30:32,C,241,1807,1415,7829
2026-08-10 19:53:22,B,468,612,1315,7929
2026-08-10 19:53:22,F,293,1253,1315,7929
2026-08-10 19:53:22,E,225,1120,1315,7929
2026-08-10 19:53:22,A,115,3110,1315,7929
2026-08-10 19:53:22,C,214,1834,1315,7929
2026-08-10 20:00:45,B,456,624,1266,7978
2026-08-10 20:00:45,F,287,1259,1266,7978
2026-08-10 20:00:45,E,207,1138,1266,7978
2026-08-10 20:00:45,A,110,3115,1266,7978
2026-08-10 20:00:45,C,206,1842,1266,7978
2026-08-10 20:30:35,B,445,635,1170,8074
2026-08-10 20:30:35,F,269,1277,1170,8074
2026-08-10 20:30:35,E,173,1172,1170,8074
2026-08-10 20:30:35,A,93,3132,1170,8074
2026-08-10 20:30:35,C,190,1858,1170,8074
2026-08-10 20:53:10,B,427,653,1091,8153
2026-08-10 20:53:10,F,250,1296,1091,8153
2026-08-10 20:53:10,E,146,1199,1091,8153
2026-08-10 20:53:10,A,89,3136,1091,8153
2026-08-10 20:53:10,C,179,1869,1091,8153
2026-08-10 21:00:40,B,420,660,1064,8180
2026-08-10 21:00:40,F,238,1308,1064,8180
2026-08-10 21:00:40,E,143,1202,1064,8180
2026-08-10 21:00:40,A,92,3133,1064,8180
2026-08-10 21:00:40,C,171,1877,1064,8180
2026-08-10 21:30:31,B,310,770,855,8389
2026-08-10 21:30:31,F,203,1343,855,8389
2026-08-10 21:30:31,E,119,1226,855,8389
2026-08-10 21:30:31,A,75,3150,855,8389
2026-08-10 21:30:31,C,148,1900,855,8389
2026-08-10 21:38:36,B,300,780,810,8434
2026-08-10 21:38:36,F,196,1350,810,8434
2026-08-10 21:38:36,E,110,1235,810,8434
2026-08-10 21:38:36,A,73,3152,810,8434
2026-08-10 21:38:36,C,131,1917,810,8434
2026-08-10 22:00:40,B,300,780,756,8488
2026-08-10 22:00:40,F,177,1369,756,8488
2026-08-10 22:00:40,E,84,1261,756,8488
2026-08-10 22:00:40,A,71,3154,756,8488
2026-08-10 22:00:40,C,124,1924,756,8488
2026-08-10 22:30:47,B,248,832,650,8594
2026-08-10 22:30:47,F,158,1388,650,8594
2026-08-10 22:30:47,E,72,1273,650,8594
2026-08-10 22:30:47,A,67,3158,650,8594
2026-08-10 22:30:47,C,105,1943,650,8594
2026-08-10 22:36:30,B,231,849,630,8614
2026-08-10 22:36:30,F,157,1389,630,8614
2026-08-10 22:36:30,E,73,1272,630,8614
2026-08-10 22:36:30,A,66,3159,630,8614
2026-08-10 22:36:30,C,103,1945,630,8614
2026-08-10 23:00:44,B,217,863,582,8662
2026-08-10 23:00:44,F,148,1398,582,8662
2026-08-10 23:00:44,E,63,1282,582,8662
2026-08-10 23:00:44,A,56,3169,582,8662
2026-08-10 23:00:44,C,98,1950,582,8662
2026-08-10 23:30:33,B,174,906,515,8729
2026-08-10 23:30:33,F,139,1407,515,8729
2026-08-10 23:30:33,E,60,1285,515,8729
2026-08-10 23:30:33,A,57,3168,515,8729
2026-08-10 23:30:33,C,85,1963,515,8729
2026-08-11 00:00:42,B,138,942,477,8767
2026-08-11 00:00:42,F,135,1411,477,8767
2026-08-11 00:00:42,E,60,1285,477,8767
2026-08-11 00:00:42,A,56,3169,477,8767
2026-08-11 00:00:42,C,88,1960,477,8767
2026-08-11 00:08:57,B,129,951,456,8788
2026-08-11 00:08:57,F,126,1420,456,8788
2026-08-11 00:08:57,E,57,1288,456,8788
2026-08-11 00:08:57,A,57,3168,456,8788
2026-08-11 00:08:57,C,87,1961,456,8788
2026-08-11 00:30:34,B,108,972,436,8808
2026-08-11 00:30:34,F,134,1412,436,8808
2026-08-11 00:30:34,E,53,1292,436,8808
2026-08-11 00:30:34,A,57,3168,436,8808
2026-08-11 00:30:34,C,84,1964,436,8808
2026-08-11 01:00:43,B,63,1017,381,8863
2026-08-11 01:00:43,F,130,1416,381,8863
2026-08-11 01:00:43,E,52,1293,381,8863
2026-08-11 01:00:43,A,57,3168,381,8863
2026-08-11 01:00:43,C,79,1969,381,8863
2026-08-11 01:27:08,B,50,1030,368,8876
2026-08-11 01:27:08,F,130,1416,368,8876
2026-08-11 01:27:08,E,53,1292,368,8876
2026-08-11 01:27:08,A,56,3169,368,8876
2026-08-11 01:27:08,C,79,1969,368,8876
2026-08-11 01:30:38,B,49,1031,367,8877
2026-08-11 01:30:38,F,130,1416,367,8877
2026-08-11 01:30:38,E,52,1293,367,8877
2026-08-11 01:30:38,A,57,3168,367,8877
2026-08-11 01:30:38,C,79,1969,367,8877
2026-08-11 02:00:42,B,43,1037,358,8886
2026-08-11 02:00:42,F,131,1415,358,8886
2026-08-11 02:00:42,E,50,1295,358,8886
2026-08-11 02:00:42,A,55,3170,358,8886
2026-08-11 02:00:42,C,79,1969,358,8886
2026-08-11 02:13:31,B,45,1035,358,8886
2026-08-11 02:13:31,F,131,1415,358,8886
2026-08-11 02:13:31,E,49,1296,358,8886
2026-08-11 02:13:31,A,54,3171,358,8886
2026-08-11 02:13:31,C,79,1969,358,8886
2026-08-11 02:30:33,B,44,1036,356,8888
2026-08-11 02:30:33,F,132,1414,356,8888
2026-08-11 02:30:33,E,47,1298,356,8888
2026-08-11 02:30:33,A,54,3171,356,8888
2026-08-11 02:30:33,C,79,1969,356,8888
2026-08-11 03:00:41,B,43,1037,353,8891
2026-08-11 03:00:41,F,129,1417,353,8891
2026-08-11 03:00:41,E,48,1297,353,8891
2026-08-11 03:00:41,A,55,3170,353,8891
2026-08-11 03:00:41,C,78,1970,353,8891
2026-08-11 03:14:37,B,43,1037,350,8894
2026-08-11 03:14:37,F,128,1418,350,8894
2026-08-11 03:14:37,E,48,1297,350,8894
2026-08-11 03:14:37,A,54,3171,350,8894
2026-08-11 03:14:37,C,77,1971,350,8894
2026-08-11 03:30:34,B,43,1037,352,8892
2026-08-11 03:30:34,F,127,1419,352,8892
2026-08-11 03:30:34,E,48,1297,352,8892
2026-08-11 03:30:34,A,56,3169,352,8892
2026-08-11 03:30:34,C,78,1970,352,8892
2026-08-11 04:00:40,B,42,1038,352,8892
2026-08-11 04:00:40,F,126,1420,352,8892
2026-08-11 04:00:40,E,48,1297,352,8892
2026-08-11 04:00:40,A,55,3170,352,8892
2026-08-11 04:00:40,C,81,1967,352,8892
2026-08-11 04:08:57,B,42,1038,353,8891
2026-08-11 04:08:57,F,127,1419,353,8891
2026-08-11 04:08:57,E,49,1296,353,8891
2026-08-11 04:08:57,A,54,3171,353,8891
2026-08-11 04:08:57,C,81,1967,353,8891
2026-08-11 04:30:41,B,42,1038,354,8890
2026-08-11 04:30:41,F,127,1419,354,8890
2026-08-11 04:30:41,E,48,1297,354,8890
2026-08-11 04:30:41,A,56,3169,354,8890
2026-08-11 04:30:41,C,81,1967,354,8890
2026-08-11 05:00:49,B,42,1038,358,8886
2026-08-11 05:00:49,F,131,1415,358,8886
2026-08-11 05:00:49,E,49,1296,358,8886
2026-08-11 05:00:49,A,53,3172,358,8886
2026-08-11 05:00:49,C,83,1965,358,8886
2026-08-11 05:26:11,B,42,1038,363,8881
2026-08-11 05:26:11,F,136,1410,363,8881
2026-08-11 05:26:11,E,52,1293,363,8881
2026-08-11 05:26:11,A,46,3179,363,8881
2026-08-11 05:26:11,C,87,1961,363,8881
2026-08-11 05:30:32,B,42,1038,370,8874
2026-08-11 05:30:32,F,140,1406,370,8874
2026-08-11 05:30:32,E,53,1292,370,8874
2026-08-11 05:30:32,A,48,3177,370,8874
2026-08-11 05:30:32,C,87,1961,370,8874
2026-08-11 06:00:40,B,43,1037,456,8788
2026-08-11 06:00:40,F,171,1375,456,8788
2026-08-11 06:00:40,E,71,1274,456,8788
2026-08-11 06:00:40,A,56,3169,456,8788
2026-08-11 06:00:40,C,115,1933,456,8788
2026-08-11 06:07:46,B,43,1037,476,8768
2026-08-11 06:07:46,F,175,1371,476,8768
2026-08-11 06:07:46,E,79,1266,476,8768
2026-08-11 06:07:46,A,59,3166,476,8768
2026-08-11 06:07:46,C,120,1928,476,8768
2026-08-11 06:30:33,B,46,1034,530,8714
2026-08-11 06:30:33,F,192,1354,530,8714
2026-08-11 06:30:33,E,97,1248,530,8714
2026-08-11 06:30:33,A,62,3163,530,8714
2026-08-11 06:30:33,C,133,1915,530,8714
2026-08-11 07:00:39,B,49,1031,717,8527
2026-08-11 07:00:39,F,226,1320,717,8527
2026-08-11 07:00:39,E,124,1221,717,8527
2026-08-11 07:00:39,A,101,3124,717,8527
2026-08-11 07:00:39,C,217,1831,717,8527
2026-08-11 07:07:38,B,48,1032,746,8498
2026-08-11 07:07:38,F,233,1313,746,8498
2026-08-11 07:07:38,E,134,1211,746,8498
2026-08-11 07:07:38,A,103,3122,746,8498
2026-08-11 07:07:38,C,228,1820,746,8498
2026-08-11 07:30:33,B,48,1032,847,8397
2026-08-11 07:30:33,F,257,1289,847,8397
2026-08-11 07:30:33,E,139,1206,847,8397
2026-08-11 07:30:33,A,123,3102,847,8397
2026-08-11 07:30:33,C,280,1768,847,8397
2026-08-11 08:00:40,B,51,1029,1143,8101
2026-08-11 08:00:40,F,307,1239,1143,8101
2026-08-11 08:00:40,E,176,1169,1143,8101
2026-08-11 08:00:40,A,174,3051,1143,8101
2026-08-11 08:00:40,C,435,1613,1143,8101
2026-08-11 08:02:53,B,50,1030,1180,8064
2026-08-11 08:02:53,F,315,1231,1180,8064
2026-08-11 08:02:53,E,181,1164,1180,8064
2026-08-11 08:02:53,A,180,3045,1180,8064
2026-08-11 08:02:53,C,454,1594,1180,8064
2026-08-11 08:30:38,B,50,1030,1592,7652
2026-08-11 08:30:38,F,417,1129,1592,7652
2026-08-11 08:30:38,E,240,1105,1592,7652
2026-08-11 08:30:38,A,233,2992,1592,7652
2026-08-11 08:30:38,C,652,1396,1592,7652
2026-08-11 09:01:38,B,123,957,2402,6842
2026-08-11 09:01:38,F,601,945,2402,6842
2026-08-11 09:01:38,E,386,959,2402,6842
2026-08-11 09:01:38,A,426,2799,2402,6842
2026-08-11 09:01:38,C,866,1182,2402,6842
2026-08-11 09:30:34,B,260,820,3321,5923
2026-08-11 09:30:34,F,828,718,3321,5923
2026-08-11 09:30:34,E,543,802,3321,5923
2026-08-11 09:30:34,A,620,2605,3321,5923
2026-08-11 09:30:34,C,1070,978,3321,5923
2026-08-11 09:55:46,B,366,714,3949,5295
2026-08-11 09:55:46,F,972,574,3949,5295
2026-08-11 09:55:46,E,624,721,3949,5295
2026-08-11 09:55:46,A,772,2453,3949,5295
2026-08-11 09:55:46,C,1215,833,3949,5295
2026-08-11 10:00:42,B,395,685,4066,5178
2026-08-11 10:00:42,F,995,551,4066,5178
2026-08-11 10:00:42,E,646,699,4066,5178
2026-08-11 10:00:42,A,804,2421,4066,5178
2026-08-11 10:00:42,C,1226,822,4066,5178
2026-08-11 10:30:33,B,554,526,4621,4623
2026-08-11 10:30:33,F,1102,444,4621,4623
2026-08-11 10:30:33,E,705,640,4621,4623
2026-08-11 10:30:33,A,965,2260,4621,4623
2026-08-11 10:30:33,C,1295,753,4621,4623
2026-08-11 10:47:57,B,629,451,4923,4321
2026-08-11 10:47:57,F,1146,400,4923,4321
2026-08-11 10:47:57,E,735,610,4923,4321
2026-08-11 10:47:57,A,1072,2153,4923,4321
2026-08-11 10:47:57,C,1341,707,4923,4321
2026-08-11 11:00:38,B,669,411,5139,4105
2026-08-11 11:00:38,F,1182,364,5139,4105
2026-08-11 11:00:38,E,761,584,5139,4105
2026-08-11 11:00:38,A,1151,2074,5139,4105
2026-08-11 11:00:38,C,1376,672,5139,4105
2026-08-11 11:30:31,B,746,334,5460,3784
2026-08-11 11:30:31,F,1241,305,5460,3784
2026-08-11 11:30:31,E,808,537,5460,3784
2026-08-11 11:30:31,A,1250,1975,5460,3784
2026-08-11 11:30:31,C,1415,633,5460,3784
2026-08-11 12:00:41,B,819,261,5786,3458
2026-08-11 12:00:41,F,1290,256,5786,3458
2026-08-11 12:00:41,E,865,480,5786,3458
2026-08-11 12:00:41,A,1343,1882,5786,3458
2026-08-11 12:00:41,C,1469,579,5786,3458
2026-08-11 12:30:33,B,865,215,6024,3220
2026-08-11 12:30:33,F,1299,247,6024,3220
2026-08-11 12:30:33,E,944,401,6024,3220
2026-08-11 12:30:33,A,1399,1826,6024,3220
2026-08-11 12:30:33,C,1517,531,6024,3220
2026-08-11 12:55:59,B,868,212,6122,3122
2026-08-11 12:55:59,F,1305,241,6122,3122
2026-08-11 12:55:59,E,989,356,6122,3122
2026-08-11 12:55:59,A,1434,1791,6122,3122
2026-08-11 12:55:59,C,1526,522,6122,3122
2026-08-11 13:00:38,B,873,207,6143,3101
2026-08-11 13:00:38,F,1307,239,6143,3101
2026-08-11 13:00:38,E,995,350,6143,3101
2026-08-11 13:00:38,A,1441,1784,6143,3101
2026-08-11 13:00:38,C,1527,521,6143,3101
2026-08-11 13:30:33,B,874,206,6137,3107
2026-08-11 13:30:33,F,1284,262,6137,3107
2026-08-11 13:30:33,E,990,355,6137,3107
2026-08-11 13:30:33,A,1447,1778,6137,3107
2026-08-11 13:30:33,C,1542,506,6137,3107
2026-08-11 14:00:39,B,877,203,6056,3188
2026-08-11 14:00:39,F,1282,264,6056,3188
2026-08-11 14:00:39,E,953,392,6056,3188
2026-08-11 14:00:39,A,1420,1805,6056,3188
2026-08-11 14:00:39,C,1524,524,6056,3188
2026-08-11 14:10:36,B,848,232,5963,3281
2026-08-11 14:10:36,F,1271,275,5963,3281
2026-08-11 14:10:36,E,939,406,5963,3281
2026-08-11 14:10:36,A,1401,1824,5963,3281
2026-08-11 14:10:36,C,1504,544,5963,3281
2026-08-11 14:30:33,B,849,231,5816,3428
2026-08-11 14:30:33,F,1242,304,5816,3428
2026-08-11 14:30:33,E,901,444,5816,3428
2026-08-11 14:30:33,A,1355,1870,5816,3428
2026-08-11 14:30:33,C,1469,579,5816,3428
2026-08-11 15:00:41,B,763,317,5443,3801
2026-08-11 15:00:41,F,1210,336,5443,3801
2026-08-11 15:00:41,E,831,514,5443,3801
2026-08-11 15:00:41,A,1230,1995,5443,3801
2026-08-11 15:00:41,C,1409,639,5443,3801
2026-08-11 15:30:40,B,731,349,5054,4190
2026-08-11 15:30:40,F,1104,442,5054,4190
2026-08-11 15:30:40,E,765,580,5054,4190
2026-08-11 15:30:40,A,1118,2107,5054,4190
2026-08-11 15:30:40,C,1336,712,5054,4190
2026-08-11 15:32:23,B,729,351,5034,4210
2026-08-11 15:32:23,F,1100,446,5034,4210
2026-08-11 15:32:23,E,763,582,5034,4210
2026-08-11 15:32:23,A,1113,2112,5034,4210
2026-08-11 15:32:23,C,1329,719,5034,4210
2026-08-11 16:00:38,B,697,383,4747,4497
2026-08-11 16:00:38,F,1045,501,4747,4497
2026-08-11 16:00:38,E,730,615,4747,4497
2026-08-11 16:00:38,A,1010,2215,4747,4497
2026-08-11 16:00:38,C,1265,783,4747,4497
2026-08-11 16:30:32,B,703,377,4390,4854
2026-08-11 16:30:32,F,972,574,4390,4854
2026-08-11 16:30:32,E,688,657,4390,4854
2026-08-11 16:30:32,A,895,2330,4390,4854
2026-08-11 16:30:32,C,1132,916,4390,4854
2026-08-11 16:40:38,B,686,394,4221,5023
2026-08-11 16:40:38,F,928,618,4221,5023
2026-08-11 16:40:38,E,662,683,4221,5023
2026-08-11 16:40:38,A,862,2363,4221,5023
2026-08-11 16:40:38,C,1083,965,4221,5023
2026-08-11 17:00:39,B,703,377,3999,5245
2026-08-11 17:00:39,F,906,640,3999,5245
2026-08-11 17:00:39,E,632,713,3999,5245
2026-08-11 17:00:39,A,791,2434,3999,5245
2026-08-11 17:00:39,C,967,1081,3999,5245
2026-08-11 17:30:32,B,652,428,3189,6055
2026-08-11 17:30:32,F,735,811,3189,6055
2026-08-11 17:30:32,E,512,833,3189,6055
2026-08-11 17:30:32,A,591,2634,3189,6055
2026-08-11 17:30:32,C,699,1349,3189,6055
2026-08-11 17:59:35,B,608,472,2350,6894
2026-08-11 17:59:35,F,517,1029,2350,6894
2026-08-11 17:59:35,E,379,966,2350,6894
2026-08-11 17:59:35,A,353,2872,2350,6894
2026-08-11 17:59:35,C,493,1555,2350,6894
2026-08-11 18:00:40,B,605,475,2317,6927
2026-08-11 18:00:40,F,511,1035,2317,6927
2026-08-11 18:00:40,E,374,971,2317,6927
2026-08-11 18:00:40,A,344,2881,2317,6927
2026-08-11 18:00:40,C,483,1565,2317,6927
2026-08-11 18:30:38,B,614,466,1872,7372
2026-08-11 18:30:38,F,392,1154,1872,7372
2026-08-11 18:30:38,E,303,1042,1872,7372
2026-08-11 18:30:38,A,203,3022,1872,7372
2026-08-11 18:30:38,C,360,1688,1872,7372
2026-08-11 18:53:30,B,644,436,1776,7468
2026-08-11 18:53:30,F,354,1192,1776,7468
2026-08-11 18:53:30,E,275,1070,1776,7468
2026-08-11 18:53:30,A,162,3063,1776,7468
2026-08-11 18:53:30,C,341,1707,1776,7468
2026-08-11 19:00:41,B,659,421,1759,7485
2026-08-11 19:00:41,F,349,1197,1759,7485
2026-08-11 19:00:41,E,275,1070,1759,7485
2026-08-11 19:00:41,A,152,3073,1759,7485
2026-08-11 19:00:41,C,324,1724,1759,7485
2026-08-11 19:30:35,B,675,405,1644,7600
2026-08-11 19:30:35,F,324,1222,1644,7600
2026-08-11 19:30:35,E,235,1110,1644,7600
2026-08-11 19:30:35,A,129,3096,1644,7600
2026-08-11 19:30:35,C,281,1767,1644,7600
2026-08-11 19:45:44,B,665,415,1589,7655
2026-08-11 19:45:44,F,319,1227,1589,7655
2026-08-11 19:45:44,E,223,1122,1589,7655
2026-08-11 19:45:44,A,122,3103,1589,7655
2026-08-11 19:45:44,C,260,1788,1589,7655
2026-08-11 20:38:33,B,666,414,1415,7829
2026-08-11 20:38:33,F,264,1282,1415,7829
2026-08-11 20:38:33,E,170,1175,1415,7829
2026-08-11 20:38:33,A,105,3120,1415,7829
2026-08-11 20:38:33,C,210,1838,1415,7829
2026-08-11 21:30:34,B,494,586,1046,8198
2026-08-11 21:30:34,F,209,1337,1046,8198
2026-08-11 21:30:34,E,113,1232,1046,8198
2026-08-11 21:30:34,A,78,3147,1046,8198
2026-08-11 21:30:34,C,152,1896,1046,8198
2026-08-11 21:34:03,B,490,590,1038,8206
2026-08-11 21:34:03,F,202,1344,1038,8206
2026-08-11 21:34:03,E,116,1229,1038,8206
2026-08-11 21:34:03,A,78,3147,1038,8206
2026-08-11 21:34:03,C,152,1896,1038,8206
2026-08-11 22:00:42,B,450,630,934,8310
2026-08-11 22:00:42,F,178,1368,934,8310
2026-08-11 22:00:42,E,105,1240,934,8310
2026-08-11 22:00:42,A,71,3154,934,8310
2026-08-11 22:00:42,C,130,1918,934,8310
2026-08-11 22:30:33,B,399,681,835,8409
2026-08-11 22:30:33,F,168,1378,835,8409
2026-08-11 22:30:33,E,85,1260,835,8409
2026-08-11 22:30:33,A,68,3157,835,8409
2026-08-11 22:30:33,C,115,1933,835,8409
2026-08-11 22:33:27,B,395,685,833,8411
2026-08-11 22:33:27,F,170,1376,833,8411
2026-08-11 22:33:27,E,86,1259,833,8411
2026-08-11 22:33:27,A,67,3158,833,8411
2026-08-11 22:33:27,C,115,1933,833,8411
2026-08-11 23:30:38,B,293,787,653,8591
2026-08-11 23:30:38,F,139,1407,653,8591
2026-08-11 23:30:38,E,66,1279,653,8591
2026-08-11 23:30:38,A,59,3166,653,8591
2026-08-11 23:30:38,C,96,1952,653,8591
2026-08-12 00:09:01,B,235,845,584,8660
2026-08-12 00:09:01,F,139,1407,584,8660
2026-08-12 00:09:01,E,64,1281,584,8660
2026-08-12 00:09:01,A,58,3167,584,8660
2026-08-12 00:09:01,C,88,1960,584,8660
2026-08-12 00:30:35,B,177,903,526,8718
2026-08-12 00:30:35,F,145,1401,526,8718
2026-08-12 00:30:35,E,64,1281,526,8718
2026-08-12 00:30:35,A,58,3167,526,8718
2026-08-12 00:30:35,C,82,1966,526,8718
2026-08-12 01:00:42,B,85,995,419,8825
2026-08-12 01:00:42,F,140,1406,419,8825
2026-08-12 01:00:42,E,60,1285,419,8825
2026-08-12 01:00:42,A,57,3168,419,8825
2026-08-12 01:00:42,C,77,1971,419,8825
2026-08-12 01:26:07,B,44,1036,365,8879
2026-08-12 01:26:07,F,135,1411,365,8879
2026-08-12 01:26:07,E,60,1285,365,8879
2026-08-12 01:26:07,A,55,3170,365,8879
2026-08-12 01:26:07,C,71,1977,365,8879
2026-08-12 01:30:35,B,43,1037,366,8878
2026-08-12 01:30:35,F,135,1411,366,8878
2026-08-12 01:30:35,E,59,1286,366,8878
2026-08-12 01:30:35,A,57,3168,366,8878
2026-08-12 01:30:35,C,72,1976,366,8878
2026-08-12 02:00:43,B,41,1039,358,8886
2026-08-12 02:00:43,F,137,1409,358,8886
2026-08-12 02:00:43,E,54,1291,358,8886
2026-08-12 02:00:43,A,56,3169,358,8886
2026-08-12 02:00:43,C,70,1978,358,8886
2026-08-12 02:14:57,B,41,1039,356,8888
2026-08-12 02:14:57,F,133,1413,356,8888
2026-08-12 02:14:57,E,54,1291,356,8888
2026-08-12 02:14:57,A,56,3169,356,8888
2026-08-12 02:14:57,C,72,1976,356,8888
2026-08-12 02:30:35,B,42,1038,356,8888
2026-08-12 02:30:35,F,133,1413,356,8888
2026-08-12 02:30:35,E,54,1291,356,8888
2026-08-12 02:30:35,A,56,3169,356,8888
2026-08-12 02:30:35,C,71,1977,356,8888
2026-08-12 03:00:42,B,42,1038,353,8891
2026-08-12 03:00:42,F,132,1414,353,8891
2026-08-12 03:00:42,E,54,1291,353,8891
2026-08-12 03:00:42,A,55,3170,353,8891
2026-08-12 03:00:42,C,70,1978,353,8891
2026-08-12 03:23:23,B,42,1038,349,8895
2026-08-12 03:23:23,F,133,1413,349,8895
2026-08-12 03:23:23,E,53,1292,349,8895
2026-08-12 03:23:23,A,51,3174,349,8895
2026-08-12 03:23:23,C,70,1978,349,8895
2026-08-12 03:30:34,B,42,1038,345,8899
2026-08-12 03:30:34,F,131,1415,345,8899
2026-08-12 03:30:34,E,52,1293,345,8899
2026-08-12 03:30:34,A,50,3175,345,8899
2026-08-12 03:30:34,C,70,1978,345,8899
2026-08-12 04:00:38,B,42,1038,346,8898
2026-08-12 04:00:38,F,132,1414,346,8898
2026-08-12 04:00:38,E,51,1294,346,8898
2026-08-12 04:00:38,A,50,3175,346,8898
2026-08-12 04:00:38,C,71,1977,346,8898
2026-08-12 04:11:54,B,41,1039,346,8898
2026-08-12 04:11:54,F,133,1413,346,8898
2026-08-12 04:11:54,E,51,1294,346,8898
2026-08-12 04:11:54,A,50,3175,346,8898
2026-08-12 04:11:54,C,71,1977,346,8898
2026-08-12 05:00:40,B,41,1039,353,8891
2026-08-12 05:00:40,F,137,1409,353,8891
2026-08-12 05:00:40,E,51,1294,353,8891
2026-08-12 05:00:40,A,49,3176,353,8891
2026-08-12 05:00:40,C,75,1973,353,8891
2026-08-12 05:30:47,B,40,1040,354,8890
2026-08-12 05:30:47,F,139,1407,354,8890
2026-08-12 05:30:47,E,54,1291,354,8890
2026-08-12 05:30:47,A,47,3178,354,8890
2026-08-12 05:30:47,C,74,1974,354,8890
2026-08-12 06:00:39,B,43,1037,432,8812
2026-08-12 06:00:39,F,175,1371,432,8812
2026-08-12 06:00:39,E,65,1280,432,8812
2026-08-12 06:00:39,A,55,3170,432,8812
2026-08-12 06:00:39,C,94,1954,432,8812
2026-08-12 06:30:04,B,45,1035,526,8718
2026-08-12 06:30:04,F,205,1341,526,8718
2026-08-12 06:30:04,E,94,1251,526,8718
2026-08-12 06:30:04,A,58,3167,526,8718
2026-08-12 06:30:04,C,124,1924,526,8718
2026-08-12 06:30:32,B,44,1036,523,8721
2026-08-12 06:30:32,F,204,1342,523,8721
2026-08-12 06:30:32,E,94,1251,523,8721
2026-08-12 06:30:32,A,58,3167,523,8721
2026-08-12 06:30:32,C,123,1925,523,8721
2026-08-12 07:00:40,B,44,1036,680,8564
2026-08-12 07:00:40,F,248,1298,680,8564
2026-08-12 07:00:40,E,121,1224,680,8564
2026-08-12 07:00:40,A,83,3142,680,8564
2026-08-12 07:00:40,C,184,1864,680,8564
2026-08-12 07:21:41,B,45,1035,784,8460
2026-08-12 07:21:41,F,268,1278,784,8460
2026-08-12 07:21:41,E,132,1213,784,8460
2026-08-12 07:21:41,A,107,3118,784,8460
2026-08-12 07:21:41,C,232,1816,784,8460
2026-08-12 07:30:40,B,45,1035,858,8386
2026-08-12 07:30:40,F,282,1264,858,8386
2026-08-12 07:30:40,E,148,1197,858,8386
2026-08-12 07:30:40,A,119,3106,858,8386
2026-08-12 07:30:40,C,264,1784,858,8386
2026-08-12 08:00:40,B,42,1038,1126,8118
2026-08-12 08:00:40,F,330,1216,1126,8118
2026-08-12 08:00:40,E,193,1152,1126,8118
2026-08-12 08:00:40,A,172,3053,1126,8118
2026-08-12 08:00:40,C,389,1659,1126,8118
2026-08-12 08:08:58,B,42,1038,1232,8012
2026-08-12 08:08:58,F,348,1198,1232,8012
2026-08-12 08:08:58,E,211,1134,1232,8012
2026-08-12 08:08:58,A,185,3040,1232,8012
2026-08-12 08:08:58,C,446,1602,1232,8012
2026-08-12 08:30:33,B,43,1037,1551,7693
2026-08-12 08:30:33,F,409,1137,1551,7693
2026-08-12 08:30:33,E,265,1080,1551,7693
2026-08-12 08:30:33,A,234,2991,1551,7693
2026-08-12 08:30:33,C,600,1448,1551,7693
2026-08-12 09:00:39,B,122,958,2307,6937
2026-08-12 09:00:39,F,600,946,2307,6937
2026-08-12 09:00:39,E,387,958,2307,6937
2026-08-12 09:00:39,A,394,2831,2307,6937
2026-08-12 09:00:39,C,804,1244,2307,6937
2026-08-12 09:08:19,B,160,920,2576,6668
2026-08-12 09:08:19,F,660,886,2576,6668
2026-08-12 09:08:19,E,429,916,2576,6668
2026-08-12 09:08:19,A,451,2774,2576,6668
2026-08-12 09:08:19,C,876,1172,2576,6668
2026-08-12 09:30:33,B,264,816,3302,5942
2026-08-12 09:30:33,F,828,718,3302,5942
2026-08-12 09:30:33,E,541,804,3302,5942
2026-08-12 09:30:33,A,619,2606,3302,5942
2026-08-12 09:30:33,C,1050,998,3302,5942
2026-08-12 10:00:43,B,425,655,4120,5124
2026-08-12 10:00:43,F,1025,521,4120,5124
2026-08-12 10:00:43,E,658,687,4120,5124
2026-08-12 10:00:43,A,820,2405,4120,5124
2026-08-12 10:00:43,C,1192,856,4120,5124
2026-08-12 10:03:54,B,444,636,4221,5023
2026-08-12 10:03:54,F,1030,516,4221,5023
2026-08-12 10:03:54,E,680,665,4221,5023
2026-08-12 10:03:54,A,849,2376,4221,5023
2026-08-12 10:03:54,C,1218,830,4221,5023
2026-08-12 10:30:32,B,571,509,4721,4523
2026-08-12 10:30:32,F,1108,438,4721,4523
2026-08-12 10:30:32,E,744,601,4721,4523
2026-08-12 10:30:32,A,1000,2225,4721,4523
2026-08-12 10:30:32,C,1298,750,4721,4523
2026-08-12 11:00:39,B,705,375,5370,3874
2026-08-12 11:00:39,F,1231,315,5370,3874
2026-08-12 11:00:39,E,812,533,5370,3874
2026-08-12 11:00:39,A,1201,2024,5370,3874
2026-08-12 11:00:39,C,1421,627,5370,3874
2026-08-12 11:30:32,B,781,299,5810,3434
2026-08-12 11:30:32,F,1301,245,5810,3434
2026-08-12 11:30:32,E,883,462,5810,3434
2026-08-12 11:30:32,A,1342,1883,5810,3434
2026-08-12 11:30:32,C,1503,545,5810,3434
2026-08-12 12:30:33,B,894,186,6281,2963
2026-08-12 12:30:33,F,1311,235,6281,2963
2026-08-12 12:30:33,E,1005,340,6281,2963
2026-08-12 12:30:33,A,1520,1705,6281,2963
2026-08-12 12:30:33,C,1551,497,6281,2963
2026-08-12 13:00:44,B,919,161,6382,2862
2026-08-12 13:00:44,F,1309,237,6382,2862
2026-08-12 13:00:44,E,1017,328,6382,2862
2026-08-12 13:00:44,A,1571,1654,6382,2862
2026-08-12 13:00:44,C,1566,482,6382,2862
2026-08-12 13:01:06,B,920,160,6376,2868
2026-08-12 13:01:06,F,1308,238,6376,2868
2026-08-12 13:01:06,E,1016,329,6376,2868
2026-08-12 13:01:06,A,1567,1658,6376,2868
2026-08-12 13:01:06,C,1565,483,6376,2868
2026-08-12 13:30:32,B,948,132,6432,2812
2026-08-12 13:30:32,F,1309,237,6432,2812
2026-08-12 13:30:32,E,1043,302,6432,2812
2026-08-12 13:30:32,A,1568,1657,6432,2812
2026-08-12 13:30:32,C,1564,484,6432,2812
2026-08-12 15:30:32,B,704,376,5211,4033
2026-08-12 15:30:32,F,1120,426,5211,4033
2026-08-12 15:30:32,E,828,517,5211,4033
2026-08-12 15:30:32,A,1203,2022,5211,4033
2026-08-12 15:30:32,C,1356,692,5211,4033
2026-08-12 16:00:39,B,680,400,4912,4332
2026-08-12 16:00:39,F,1082,464,4912,4332
2026-08-12 16:00:39,E,773,572,4912,4332
2026-08-12 16:00:39,A,1103,2122,4912,4332
2026-08-12 16:00:39,C,1274,774,4912,4332
2026-08-12 16:30:32,B,645,435,4597,4647
2026-08-12 16:30:32,F,1021,525,4597,4647
2026-08-12 16:30:32,E,739,606,4597,4647
2026-08-12 16:30:32,A,1013,2212,4597,4647
2026-08-12 16:30:32,C,1179,869,4597,4647
2026-08-12 16:49:19,B,620,460,4351,4893
2026-08-12 16:49:19,F,1005,541,4351,4893
2026-08-12 16:49:19,E,696,649,4351,4893
2026-08-12 16:49:19,A,945,2280,4351,4893
2026-08-12 16:49:19,C,1085,963,4351,4893
2026-08-12 17:00:41,B,611,469,4117,5127
2026-08-12 17:00:41,F,965,581,4117,5127
2026-08-12 17:00:41,E,666,679,4117,5127
2026-08-12 17:00:41,A,869,2356,4117,5127
2026-08-12 17:00:41,C,1006,1042,4117,5127
2026-08-12 17:30:32,B,585,495,3267,5977
2026-08-12 17:30:32,F,789,757,3267,5977
2026-08-12 17:30:32,E,535,810,3267,5977
2026-08-12 17:30:32,A,612,2613,3267,5977
2026-08-12 17:30:32,C,746,1302,3267,5977
2026-08-12 18:07:02,B,564,516,2230,7014
2026-08-12 18:07:02,F,492,1054,2230,7014
2026-08-12 18:07:02,E,404,941,2230,7014
2026-08-12 18:07:02,A,303,2922,2230,7014
2026-08-12 18:07:02,C,467,1581,2230,7014
2026-08-12 18:30:45,B,600,480,1992,7252
2026-08-12 18:30:45,F,458,1088,1992,7252
2026-08-12 18:30:45,E,355,990,1992,7252
2026-08-12 18:30:45,A,196,3029,1992,7252
2026-08-12 18:30:45,C,383,1665,1992,7252
2026-08-12 19:30:31,B,641,439,1793,7451
2026-08-12 19:30:31,F,426,1120,1793,7451
2026-08-12 19:30:31,E,300,1045,1793,7451
2026-08-12 19:30:31,A,139,3086,1793,7451
2026-08-12 19:30:31,C,287,1761,1793,7451
2026-08-12 19:35:09,B,641,439,1778,7466
2026-08-12 19:35:09,F,419,1127,1778,7466
2026-08-12 19:35:09,E,297,1048,1778,7466
2026-08-12 19:35:09,A,136,3089,1778,7466
2026-08-12 19:35:09,C,285,1763,1778,7466
2026-08-12 20:00:50,B,617,463,1636,7608
2026-08-12 20:00:50,F,396,1150,1636,7608
2026-08-12 20:00:50,E,248,1097,1636,7608
2026-08-12 20:00:50,A,117,3108,1636,7608
2026-08-12 20:00:50,C,258,1790,1636,7608
2026-08-12 20:30:39,B,562,518,1467,7777
2026-08-12 20:30:39,F,360,1186,1467,7777
2026-08-12 20:30:39,E,213,1132,1467,7777
2026-08-12 20:30:39,A,106,3119,1467,7777
2026-08-12 20:30:39,C,226,1822,1467,7777
2026-08-12 20:47:06,B,493,587,1339,7905
2026-08-12 20:47:06,F,347,1199,1339,7905
2026-08-12 20:47:06,E,198,1147,1339,7905
2026-08-12 20:47:06,A,98,3127,1339,7905
2026-08-12 20:47:06,C,203,1845,1339,7905
2026-08-12 21:00:40,B,411,669,1148,8096
2026-08-12 21:00:40,F,313,1233,1148,8096
2026-08-12 21:00:40,E,151,1194,1148,8096
2026-08-12 21:00:40,A,91,3134,1148,8096
2026-08-12 21:00:40,C,182,1866,1148,8096
2026-08-12 21:30:33,B,334,746,905,8339
2026-08-12 21:30:33,F,227,1319,905,8339
2026-08-12 21:30:33,E,120,1225,905,8339
2026-08-12 21:30:33,A,75,3150,905,8339
2026-08-12 21:30:33,C,149,1899,905,8339
2026-08-12 21:36:20,B,321,759,858,8386
2026-08-12 21:36:20,F,206,1340,858,8386
2026-08-12 21:36:20,E,111,1234,858,8386
2026-08-12 21:36:20,A,74,3151,858,8386
2026-08-12 21:36:20,C,146,1902,858,8386
2026-08-12 22:00:41,B,334,746,790,8454
2026-08-12 22:00:41,F,181,1365,790,8454
2026-08-12 22:00:41,E,83,1262,790,8454
2026-08-12 22:00:41,A,68,3157,790,8454
2026-08-12 22:00:41,C,124,1924,790,8454
2026-08-12 22:30:37,B,282,798,665,8579
2026-08-12 22:30:37,F,158,1388,665,8579
2026-08-12 22:30:37,E,64,1281,665,8579
2026-08-12 22:30:37,A,56,3169,665,8579
2026-08-12 22:30:37,C,105,1943,665,8579
2026-08-12 22:36:12,B,267,813,649,8595
2026-08-12 22:36:12,F,159,1387,649,8595
2026-08-12 22:36:12,E,63,1282,649,8595
2026-08-12 22:36:12,A,56,3169,649,8595
2026-08-12 22:36:12,C,104,1944,649,8595
2026-08-12 23:00:40,B,245,835,611,8633
2026-08-12 23:00:40,F,157,1389,611,8633
2026-08-12 23:00:40,E,62,1283,611,8633
2026-08-12 23:00:40,A,52,3173,611,8633
2026-08-12 23:00:40,C,95,1953,611,8633
2026-08-12 23:30:36,B,204,876,545,8699
2026-08-12 23:30:36,F,138,1408,545,8699
2026-08-12 23:30:36,E,60,1285,545,8699
2026-08-12 23:30:36,A,51,3174,545,8699
2026-08-12 23:30:36,C,92,1956,545,8699
2026-08-13 00:00:42,B,182,898,519,8725
2026-08-13 00:00:42,F,137,1409,519,8725
2026-08-13 00:00:42,E,58,1287,519,8725
2026-08-13 00:00:42,A,51,3174,519,8725
2026-08-13 00:00:42,C,91,1957,519,8725
2026-08-13 00:09:34,B,146,934,475,8769
2026-08-13 00:09:34,F,137,1409,475,8769
2026-08-13 00:09:34,E,57,1288,475,8769
2026-08-13 00:09:34,A,50,3175,475,8769
2026-08-13 00:09:34,C,85,1963,475,8769
2026-08-13 00:30:36,B,121,959,450,8794
2026-08-13 00:30:36,F,141,1405,450,8794
2026-08-13 00:30:36,E,57,1288,450,8794
2026-08-13 00:30:36,A,52,3173,450,8794
2026-08-13 00:30:36,C,79,1969,450,8794
2026-08-13 01:00:43,B,57,1023,373,8871
2026-08-13 01:00:43,F,135,1411,373,8871
2026-08-13 01:00:43,E,57,1288,373,8871
2026-08-13 01:00:43,A,49,3176,373,8871
2026-08-13 01:00:43,C,75,1973,373,8871
2026-08-13 01:25:22,B,47,1033,359,8885
2026-08-13 01:25:22,F,134,1412,359,8885
2026-08-13 01:25:22,E,57,1288,359,8885
2026-08-13 01:25:22,A,49,3176,359,8885
2026-08-13 01:25:22,C,72,1976,359,8885
2026-08-13 01:30:33,B,45,1035,355,8889
2026-08-13 01:30:33,F,134,1412,355,8889
2026-08-13 01:30:33,E,57,1288,355,8889
2026-08-13 01:30:33,A,47,3178,355,8889
2026-08-13 01:30:33,C,72,1976,355,8889
2026-08-13 02:00:42,B,43,1037,350,8894
2026-08-13 02:00:42,F,134,1412,350,8894
2026-08-13 02:00:42,E,57,1288,350,8894
2026-08-13 02:00:42,A,45,3180,350,8894
2026-08-13 02:00:42,C,71,1977,350,8894
2026-08-13 02:14:36,B,43,1037,350,8894
2026-08-13 02:14:36,F,134,1412,350,8894
2026-08-13 02:14:36,E,56,1289,350,8894
2026-08-13 02:14:36,A,45,3180,350,8894
2026-08-13 02:14:36,C,72,1976,350,8894
2026-08-13 02:30:32,B,44,1036,349,8895
2026-08-13 02:30:32,F,133,1413,349,8895
2026-08-13 02:30:32,E,56,1289,349,8895
2026-08-13 02:30:32,A,44,3181,349,8895
2026-08-13 02:30:32,C,72,1976,349,8895
2026-08-13 03:00:41,B,44,1036,351,8893
2026-08-13 03:00:41,F,133,1413,351,8893
2026-08-13 03:00:41,E,57,1288,351,8893
2026-08-13 03:00:41,A,44,3181,351,8893
2026-08-13 03:00:41,C,73,1975,351,8893
2026-08-13 03:23:46,B,44,1036,350,8894
2026-08-13 03:23:46,F,133,1413,350,8894
2026-08-13 03:23:46,E,56,1289,350,8894
2026-08-13 03:23:46,A,44,3181,350,8894
2026-08-13 03:23:46,C,73,1975,350,8894
2026-08-13 03:30:33,B,45,1035,351,8893
2026-08-13 03:30:33,F,133,1413,351,8893
2026-08-13 03:30:33,E,56,1289,351,8893
2026-08-13 03:30:33,A,44,3181,351,8893
2026-08-13 03:30:33,C,73,1975,351,8893
2026-08-13 04:00:41,B,44,1036,351,8893
2026-08-13 04:00:41,F,132,1414,351,8893
2026-08-13 04:00:41,E,56,1289,351,8893
2026-08-13 04:00:41,A,44,3181,351,8893
2026-08-13 04:00:41,C,75,1973,351,8893
2026-08-13 04:12:24,B,44,1036,348,8896
2026-08-13 04:12:24,F,132,1414,348,8896
2026-08-13 04:12:24,E,56,1289,348,8896
2026-08-13 04:12:24,A,41,3184,348,8896
2026-08-13 04:12:24,C,75,1973,348,8896
2026-08-13 04:30:33,B,45,1035,347,8897
2026-08-13 04:30:33,F,132,1414,347,8897
2026-08-13 04:30:33,E,54,1291,347,8897
2026-08-13 04:30:33,A,42,3183,347,8897
2026-08-13 04:30:33,C,74,1974,347,8897
2026-08-13 05:00:39,B,44,1036,348,8896
2026-08-13 05:00:39,F,134,1412,348,8896
2026-08-13 05:00:39,E,55,1290,348,8896
2026-08-13 05:00:39,A,41,3184,348,8896
2026-08-13 05:00:39,C,74,1974,348,8896
2026-08-13 05:30:34,B,44,1036,355,8889
2026-08-13 05:30:34,F,136,1410,355,8889
2026-08-13 05:30:34,E,55,1290,355,8889
2026-08-13 05:30:34,A,39,3186,355,8889
2026-08-13 05:30:34,C,81,1967,355,8889
2026-08-13 05:32:06,B,43,1037,358,8886
2026-08-13 05:32:06,F,138,1408,358,8886
2026-08-13 05:32:06,E,55,1290,358,8886
2026-08-13 05:32:06,A,39,3186,358,8886
2026-08-13 05:32:06,C,83,1965,358,8886
2026-08-13 06:00:39,B,44,1036,448,8796
2026-08-13 06:00:39,F,174,1372,448,8796
2026-08-13 06:00:39,E,78,1267,448,8796
2026-08-13 06:00:39,A,55,3170,448,8796
2026-08-13 06:00:39,C,97,1951,448,8796
2026-08-13 06:28:15,B,45,1035,517,8727
2026-08-13 06:28:15,F,194,1352,517,8727
2026-08-13 06:28:15,E,100,1245,517,8727
2026-08-13 06:28:15,A,63,3162,517,8727
2026-08-13 06:28:15,C,115,1933,517,8727
2026-08-13 06:30:39,B,45,1035,521,8723
2026-08-13 06:30:39,F,195,1351,521,8723
2026-08-13 06:30:39,E,100,1245,521,8723
2026-08-13 06:30:39,A,63,3162,521,8723
2026-08-13 06:30:39,C,118,1930,521,8723
2026-08-13 07:00:47,B,44,1036,676,8568
2026-08-13 07:00:47,F,237,1309,676,8568
2026-08-13 07:00:47,E,127,1218,676,8568
2026-08-13 07:00:47,A,94,3131,676,8568
2026-08-13 07:00:47,C,174,1874,676,8568
2026-08-13 07:12:18,B,43,1037,728,8516
2026-08-13 07:12:18,F,249,1297,728,8516
2026-08-13 07:12:18,E,134,1211,728,8516
2026-08-13 07:12:18,A,102,3123,728,8516
2026-08-13 07:12:18,C,200,1848,728,8516
2026-08-13 07:30:38,B,44,1036,813,8431
2026-08-13 07:30:38,F,263,1283,813,8431
2026-08-13 07:30:38,E,153,1192,813,8431
2026-08-13 07:30:38,A,115,3110,813,8431
2026-08-13 07:30:38,C,238,1810,813,8431
2026-08-13 08:00:38,B,45,1035,1091,8153
2026-08-13 08:00:38,F,311,1235,1091,8153
2026-08-13 08:00:38,E,215,1130,1091,8153
2026-08-13 08:00:38,A,166,3059,1091,8153
2026-08-13 08:00:38,C,354,1694,1091,8153
2026-08-13 08:07:01,B,45,1035,1176,8068
2026-08-13 08:07:01,F,327,1219,1176,8068
2026-08-13 08:07:01,E,236,1109,1176,8068
2026-08-13 08:07:01,A,175,3050,1176,8068
2026-08-13 08:07:01,C,393,1655,1176,8068
2026-08-13 08:30:32,B,44,1036,1479,7765
2026-08-13 08:30:32,F,393,1153,1479,7765
2026-08-13 08:30:32,E,300,1045,1479,7765
2026-08-13 08:30:32,A,230,2995,1479,7765
2026-08-13 08:30:32,C,512,1536,1479,7765
2026-08-13 09:00:40,B,112,968,2226,7018
2026-08-13 09:00:40,F,569,977,2226,7018
2026-08-13 09:00:40,E,453,892,2226,7018
2026-08-13 09:00:40,A,361,2864,2226,7018
2026-08-13 09:00:40,C,731,1317,2226,7018
2026-08-13 09:06:52,B,135,945,2407,6837
2026-08-13 09:06:52,F,620,926,2407,6837
2026-08-13 09:06:52,E,487,858,2407,6837
2026-08-13 09:06:52,A,396,2829,2407,6837
2026-08-13 09:06:52,C,769,1279,2407,6837
2026-08-13 10:00:41,B,415,665,4022,5222
2026-08-13 10:00:41,F,1003,543,4022,5222
2026-08-13 10:00:41,E,730,615,4022,5222
2026-08-13 10:00:41,A,781,2444,4022,5222
2026-08-13 10:00:41,C,1093,955,4022,5222
2026-08-13 10:03:38,B,426,654,4098,5146
2026-08-13 10:03:38,F,1019,527,4098,5146
2026-08-13 10:03:38,E,746,599,4098,5146
2026-08-13 10:03:38,A,810,2415,4098,5146
2026-08-13 10:03:38,C,1097,951,4098,5146
2026-08-13 10:30:33,B,539,541,4695,4549
2026-08-13 10:30:33,F,1121,425,4695,4549
2026-08-13 10:30:33,E,831,514,4695,4549
2026-08-13 10:30:33,A,1009,2216,4695,4549
2026-08-13 10:30:33,C,1195,853,4695,4549
2026-08-13 11:00:37,B,636,444,5200,4044
2026-08-13 11:00:37,F,1208,338,5200,4044
2026-08-13 11:00:37,E,897,448,5200,4044
2026-08-13 11:00:37,A,1174,2051,5200,4044
2026-08-13 11:00:37,C,1285,763,5200,4044
2026-08-13 11:30:31,B,742,338,5685,3559
2026-08-13 11:30:31,F,1267,279,5685,3559
2026-08-13 11:30:31,E,970,375,5685,3559
2026-08-13 11:30:31,A,1354,1871,5685,3559
2026-08-13 11:30:31,C,1352,696,5685,3559
2026-08-13 12:00:39,B,811,269,6098,3146
2026-08-13 12:00:39,F,1322,224,6098,3146
2026-08-13 12:00:39,E,1011,334,6098,3146
2026-08-13 12:00:39,A,1509,1716,6098,3146
2026-08-13 12:00:39,C,1445,603,6098,3146
2026-08-13 12:30:32,B,864,216,6377,2867
2026-08-13 12:30:32,F,1324,222,6377,2867
2026-08-13 12:30:32,E,1068,277,6377,2867
2026-08-13 12:30:32,A,1631,1594,6377,2867
2026-08-13 12:30:32,C,1490,558,6377,2867
2026-08-13 13:00:41,B,892,188,6534,2710
2026-08-13 13:00:41,F,1319,227,6534,2710
2026-08-13 13:00:41,E,1066,279,6534,2710
2026-08-13 13:00:41,A,1709,1516,6534,2710
2026-08-13 13:00:41,C,1548,500,6534,2710
2026-08-13 13:04:16,B,890,190,6554,2690
2026-08-13 13:04:16,F,1321,225,6554,2690
2026-08-13 13:04:16,E,1073,272,6554,2690
2026-08-13 13:04:16,A,1717,1508,6554,2690
2026-08-13 13:04:16,C,1553,495,6554,2690
2026-08-13 13:30:34,B,911,169,6610,2634
2026-08-13 13:30:34,F,1320,226,6610,2634
2026-08-13 13:30:34,E,1097,248,6610,2634
2026-08-13 13:30:34,A,1738,1487,6610,2634
2026-08-13 13:30:34,C,1544,504,6610,2634
2026-08-13 14:00:40,B,921,159,6568,2676
2026-08-13 14:00:40,F,1315,231,6568,2676
2026-08-13 14:00:40,E,1088,257,6568,2676
2026-08-13 14:00:40,A,1699,1526,6568,2676
2026-08-13 14:00:40,C,1545,503,6568,2676
2026-08-13 14:30:34,B,879,201,6305,2939
2026-08-13 14:30:34,F,1293,253,6305,2939
2026-08-13 14:30:34,E,1024,321,6305,2939
2026-08-13 14:30:34,A,1633,1592,6305,2939
2026-08-13 14:30:34,C,1476,572,6305,2939
2026-08-13 15:00:39,B,827,253,5933,3311
2026-08-13 15:00:39,F,1257,289,5933,3311
2026-08-13 15:00:39,E,949,396,5933,3311
2026-08-13 15:00:39,A,1504,1721,5933,3311
2026-08-13 15:00:39,C,1396,652,5933,3311
2026-08-13 15:13:58,B,798,282,5753,3491
2026-08-13 15:13:58,F,1227,319,5753,3491
2026-08-13 15:13:58,E,924,421,5753,3491
2026-08-13 15:13:58,A,1441,1784,5753,3491
2026-08-13 15:13:58,C,1363,685,5753,3491
2026-08-13 15:30:32,B,786,294,5565,3679
2026-08-13 15:30:32,F,1200,346,5565,3679
2026-08-13 15:30:32,E,899,446,5565,3679
2026-08-13 15:30:32,A,1373,1852,5565,3679
2026-08-13 15:30:32,C,1307,741,5565,3679
2026-08-13 16:30:35,B,827,253,5310,3934
2026-08-13 16:30:35,F,1131,415,5310,3934
2026-08-13 16:30:35,E,922,423,5310,3934
2026-08-13 16:30:35,A,1209,2016,5310,3934
2026-08-13 16:30:35,C,1221,827,5310,3934
2026-08-13 16:52:10,B,836,244,5210,4034
2026-08-13 16:52:10,F,1117,429,5210,4034
2026-08-13 16:52:10,E,916,429,5210,4034
2026-08-13 16:52:10,A,1197,2028,5210,4034
2026-08-13 16:52:10,C,1144,904,5210,4034
2026-08-13 17:30:34,B,911,169,4907,4337
2026-08-13 17:30:34,F,1042,504,4907,4337
2026-08-13 17:30:34,E,803,542,4907,4337
2026-08-13 17:30:34,A,1159,2066,4907,4337
2026-08-13 17:30:34,C,992,1056,4907,4337
2026-08-13 18:00:48,B,969,111,4907,4337
2026-08-13 18:00:48,F,1043,503,4907,4337
2026-08-13 18:00:48,E,794,551,4907,4337
2026-08-13 18:00:48,A,1139,2086,4907,4337
2026-08-13 18:00:48,C,962,1086,4907,4337
2026-08-13 18:08:47,B,979,101,4920,4324
2026-08-13 18:08:47,F,1043,503,4920,4324
2026-08-13 18:08:47,E,803,542,4920,4324
2026-08-13 18:08:47,A,1148,2077,4920,4324
2026-08-13 18:08:47,C,947,1101,4920,4324
2026-08-13 18:30:34,B,983,97,5014,4230
2026-08-13 18:30:34,F,1045,501,5014,4230
2026-08-13 18:30:34,E,839,506,5014,4230
2026-08-13 18:30:34,A,1182,2043,5014,4230
2026-08-13 18:30:34,C,965,1083,5014,4230
2026-08-13 19:36:27,B,1001,79,5230,4014
2026-08-13 19:36:27,F,1071,475,5230,4014
2026-08-13 19:36:27,E,869,476,5230,4014
2026-08-13 19:36:27,A,1295,1930,5230,4014
2026-08-13 19:36:27,C,994,1054,5230,4014
2026-08-13 20:00:46,B,996,84,4946,4298
2026-08-13 20:00:46,F,1017,529,4946,4298
2026-08-13 20:00:46,E,805,540,4946,4298
2026-08-13 20:00:46,A,1218,2007,4946,4298
2026-08-13 20:00:46,C,910,1138,4946,4298
2026-08-13 20:30:35,B,951,129,4326,4918
2026-08-13 20:30:35,F,891,655,4326,4918
2026-08-13 20:30:35,E,667,678,4326,4918
2026-08-13 20:30:35,A,1047,2178,4326,4918
2026-08-13 20:30:35,C,770,1278,4326,4918
2026-08-13 20:48:38,B,874,206,3737,5507
2026-08-13 20:48:38,F,763,783,3737,5507
2026-08-13 20:48:38,E,555,790,3737,5507
2026-08-13 20:48:38,A,885,2340,3737,5507
2026-08-13 20:48:38,C,660,1388,3737,5507
2026-08-13 21:00:42,B,813,267,3259,5985
2026-08-13 21:00:42,F,661,885,3259,5985
2026-08-13 21:00:42,E,490,855,3259,5985
2026-08-13 21:00:42,A,739,2486,3259,5985
2026-08-13 21:00:42,C,556,1492,3259,5985
2026-08-13 21:30:34,B,475,605,1680,7564
2026-08-13 21:30:34,F,356,1190,1680,7564
2026-08-13 21:30:34,E,237,1108,1680,7564
2026-08-13 21:30:34,A,326,2899,1680,7564
2026-08-13 21:30:34,C,286,1762,1680,7564
2026-08-13 21:35:51,B,439,641,1549,7695
2026-08-13 21:35:51,F,323,1223,1549,7695
2026-08-13 21:35:51,E,218,1127,1549,7695
2026-08-13 21:35:51,A,300,2925,1549,7695
2026-08-13 21:35:51,C,269,1779,1549,7695
2026-08-13 22:00:41,B,337,743,1048,8196
2026-08-13 22:00:41,F,205,1341,1048,8196
2026-08-13 22:00:41,E,143,1202,1048,8196
2026-08-13 22:00:41,A,177,3048,1048,8196
2026-08-13 22:00:41,C,186,1862,1048,8196
2026-08-13 22:30:35,B,255,825,771,8473
2026-08-13 22:30:35,F,162,1384,771,8473
2026-08-13 22:30:35,E,111,1234,771,8473
2026-08-13 22:30:35,A,107,3118,771,8473
2026-08-13 22:30:35,C,136,1912,771,8473
2026-08-13 22:37:11,B,239,841,734,8510
2026-08-13 22:37:11,F,157,1389,734,8510
2026-08-13 22:37:11,E,107,1238,734,8510
2026-08-13 22:37:11,A,103,3122,734,8510
2026-08-13 22:37:11,C,128,1920,734,8510
2026-08-13 23:00:42,B,206,874,641,8603
2026-08-13 23:00:42,F,147,1399,641,8603
2026-08-13 23:00:42,E,96,1249,641,8603
2026-08-13 23:00:42,A,85,3140,641,8603
2026-08-13 23:00:42,C,107,1941,641,8603
2026-08-14 00:00:42,B,151,929,519,8725
2026-08-14 00:00:42,F,135,1411,519,8725
2026-08-14 00:00:42,E,77,1268,519,8725
2026-08-14 00:00:42,A,70,3155,519,8725
2026-08-14 00:00:42,C,86,1962,519,8725
2026-08-14 00:11:37,B,140,940,505,8739
2026-08-14 00:11:37,F,139,1407,505,8739
2026-08-14 00:11:37,E,74,1271,505,8739
2026-08-14 00:11:37,A,69,3156,505,8739
2026-08-14 00:11:37,C,83,1965,505,8739
2026-08-14 00:30:34,B,125,955,476,8768
2026-08-14 00:30:34,F,139,1407,476,8768
2026-08-14 00:30:34,E,71,1274,476,8768
2026-08-14 00:30:34,A,61,3164,476,8768
2026-08-14 00:30:34,C,80,1968,476,8768
2026-08-14 01:00:43,B,71,1009,402,8842
2026-08-14 01:00:43,F,134,1412,402,8842
2026-08-14 01:00:43,E,68,1277,402,8842
2026-08-14 01:00:43,A,58,3167,402,8842
2026-08-14 01:00:43,C,71,1977,402,8842
2026-08-14 01:26:59,B,47,1033,365,8879
2026-08-14 01:26:59,F,132,1414,365,8879
2026-08-14 01:26:59,E,67,1278,365,8879
2026-08-14 01:26:59,A,51,3174,365,8879
2026-08-14 01:26:59,C,68,1980,365,8879
2026-08-14 01:30:34,B,47,1033,364,8880
2026-08-14 01:30:34,F,132,1414,364,8880
2026-08-14 01:30:34,E,66,1279,364,8880
2026-08-14 01:30:34,A,52,3173,364,8880
2026-08-14 01:30:34,C,67,1981,364,8880
2026-08-14 02:00:42,B,42,1038,359,8885
2026-08-14 02:00:42,F,132,1414,359,8885
2026-08-14 02:00:42,E,66,1279,359,8885
2026-08-14 02:00:42,A,51,3174,359,8885
2026-08-14 02:00:42,C,68,1980,359,8885
2026-08-14 02:14:58,B,42,1038,362,8882
2026-08-14 02:14:58,F,133,1413,362,8882
2026-08-14 02:14:58,E,67,1278,362,8882
2026-08-14 02:14:58,A,52,3173,362,8882
2026-08-14 02:14:58,C,68,1980,362,8882
2026-08-14 02:30:34,B,42,1038,360,8884
2026-08-14 02:30:34,F,133,1413,360,8884
2026-08-14 02:30:34,E,65,1280,360,8884
2026-08-14 02:30:34,A,52,3173,360,8884
2026-08-14 02:30:34,C,68,1980,360,8884
2026-08-14 03:00:44,B,42,1038,357,8887
2026-08-14 03:00:44,F,131,1415,357,8887
2026-08-14 03:00:44,E,65,1280,357,8887
2026-08-14 03:00:44,A,49,3176,357,8887
2026-08-14 03:00:44,C,70,1978,357,8887
2026-08-14 03:24:46,B,42,1038,356,8888
2026-08-14 03:24:46,F,132,1414,356,8888
2026-08-14 03:24:46,E,65,1280,356,8888
2026-08-14 03:24:46,A,48,3177,356,8888
2026-08-14 03:24:46,C,69,1979,356,8888
2026-08-14 03:30:34,B,42,1038,356,8888
2026-08-14 03:30:34,F,131,1415,356,8888
2026-08-14 03:30:34,E,65,1280,356,8888
2026-08-14 03:30:34,A,49,3176,356,8888
2026-08-14 03:30:34,C,69,1979,356,8888
2026-08-14 04:00:43,B,42,1038,358,8886
2026-08-14 04:00:43,F,132,1414,358,8886
2026-08-14 04:00:43,E,65,1280,358,8886
2026-08-14 04:00:43,A,49,3176,358,8886
2026-08-14 04:00:43,C,70,1978,358,8886
2026-08-14 04:13:21,B,42,1038,358,8886
2026-08-14 04:13:21,F,131,1415,358,8886
2026-08-14 04:13:21,E,65,1280,358,8886
2026-08-14 04:13:21,A,49,3176,358,8886
2026-08-14 04:13:21,C,71,1977,358,8886
2026-08-14 04:30:35,B,42,1038,356,8888
2026-08-14 04:30:35,F,131,1415,356,8888
2026-08-14 04:30:35,E,65,1280,356,8888
2026-08-14 04:30:35,A,48,3177,356,8888
2026-08-14 04:30:35,C,70,1978,356,8888
2026-08-14 05:00:42,B,42,1038,360,8884
2026-08-14 05:00:42,F,133,1413,360,8884
2026-08-14 05:00:42,E,68,1277,360,8884
2026-08-14 05:00:42,A,47,3178,360,8884
2026-08-14 05:00:42,C,70,1978,360,8884
2026-08-14 05:30:39,B,43,1037,363,8881
2026-08-14 05:30:39,F,136,1410,363,8881
2026-08-14 05:30:39,E,68,1277,363,8881
2026-08-14 05:30:39,A,45,3180,363,8881
2026-08-14 05:30:39,C,71,1977,363,8881
2026-08-14 06:00:41,B,44,1036,447,8797
2026-08-14 06:00:41,F,169,1377,447,8797
2026-08-14 06:00:41,E,87,1258,447,8797
2026-08-14 06:00:41,A,53,3172,447,8797
2026-08-14 06:00:41,C,94,1954,447,8797
2026-08-14 06:26:13,B,44,1036,507,8737
2026-08-14 06:26:13,F,185,1361,507,8737
2026-08-14 06:26:13,E,104,1241,507,8737
2026-08-14 06:26:13,A,59,3166,507,8737
2026-08-14 06:26:13,C,115,1933,507,8737
2026-08-14 06:30:33,B,43,1037,518,8726
2026-08-14 06:30:33,F,189,1357,518,8726
2026-08-14 06:30:33,E,105,1240,518,8726
2026-08-14 06:30:33,A,60,3165,518,8726
2026-08-14 06:30:33,C,121,1927,518,8726
2026-08-14 07:00:41,B,44,1036,654,8590
2026-08-14 07:00:41,F,235,1311,654,8590
2026-08-14 07:00:41,E,132,1213,654,8590
2026-08-14 07:00:41,A,82,3143,654,8590
2026-08-14 07:00:41,C,161,1887,654,8590
2026-08-14 07:10:38,B,43,1037,698,8546
2026-08-14 07:10:38,F,244,1302,698,8546
2026-08-14 07:10:38,E,141,1204,698,8546
2026-08-14 07:10:38,A,96,3129,698,8546
2026-08-14 07:10:38,C,174,1874,698,8546
2026-08-14 07:30:35,B,43,1037,771,8473
2026-08-14 07:30:35,F,260,1286,771,8473
2026-08-14 07:30:35,E,148,1197,771,8473
2026-08-14 07:30:35,A,109,3116,771,8473
2026-08-14 07:30:35,C,211,1837,771,8473
2026-08-14 08:00:42,B,43,1037,972,8272
2026-08-14 08:00:42,F,303,1243,972,8272
2026-08-14 08:00:42,E,192,1153,972,8272
2026-08-14 08:00:42,A,148,3077,972,8272
2026-08-14 08:00:42,C,286,1762,972,8272
2026-08-14 08:07:11,B,42,1038,1020,8224
2026-08-14 08:07:11,F,313,1233,1020,8224
2026-08-14 08:07:11,E,208,1137,1020,8224
2026-08-14 08:07:11,A,156,3069,1020,8224
2026-08-14 08:07:11,C,301,1747,1020,8224
2026-08-14 08:30:34,B,43,1037,1271,7973
2026-08-14 08:30:34,F,359,1187,1271,7973
2026-08-14 08:30:34,E,268,1077,1271,7973
2026-08-14 08:30:34,A,200,3025,1271,7973
2026-08-14 08:30:34,C,401,1647,1271,7973
2026-08-14 09:00:39,B,110,970,1915,7329
2026-08-14 09:00:39,F,506,1040,1915,7329
2026-08-14 09:00:39,E,400,945,1915,7329
2026-08-14 09:00:39,A,338,2887,1915,7329
2026-08-14 09:00:39,C,561,1487,1915,7329
2026-08-14 09:08:04,B,160,920,2149,7095
2026-08-14 09:08:04,F,558,988,2149,7095
2026-08-14 09:08:04,E,435,910,2149,7095
2026-08-14 09:08:04,A,388,2837,2149,7095
2026-08-14 09:08:04,C,608,1440,2149,7095
2026-08-14 09:30:33,B,270,810,2787,6457
2026-08-14 09:30:33,F,693,853,2787,6457
2026-08-14 09:30:33,E,545,800,2787,6457
2026-08-14 09:30:33,A,552,2673,2787,6457
2026-08-14 09:30:33,C,727,1321,2787,6457
2026-08-14 10:00:42,B,430,650,3622,5622
2026-08-14 10:00:42,F,893,653,3622,5622
2026-08-14 10:00:42,E,652,693,3622,5622
2026-08-14 10:00:42,A,779,2446,3622,5622
2026-08-14 10:00:42,C,868,1180,3622,5622
2026-08-14 10:03:20,B,445,635,3685,5559
2026-08-14 10:03:20,F,908,638,3685,5559
2026-08-14 10:03:20,E,666,679,3685,5559
2026-08-14 10:03:20,A,789,2436,3685,5559
2026-08-14 10:03:20,C,877,1171,3685,5559
2026-08-14 10:30:33,B,521,559,4024,5220
2026-08-14 10:30:33,F,995,551,4024,5220
2026-08-14 10:30:33,E,711,634,4024,5220
2026-08-14 10:30:33,A,888,2337,4024,5220
2026-08-14 10:30:33,C,909,1139,4024,5220
2026-08-14 11:00:40,B,670,410,4829,4415
2026-08-14 11:00:40,F,1116,430,4829,4415
2026-08-14 11:00:40,E,827,518,4829,4415
2026-08-14 11:00:40,A,1193,2032,4829,4415
2026-08-14 11:00:40,C,1023,1025,4829,4415
2026-08-14 11:30:35,B,788,292,5332,3912
2026-08-14 11:30:35,F,1195,351,5332,3912
2026-08-14 11:30:35,E,905,440,5332,3912
2026-08-14 11:30:35,A,1360,1865,5332,3912
2026-08-14 11:30:35,C,1084,964,5332,3912
2026-08-14 12:00:40,B,854,226,5752,3492
2026-08-14 12:00:40,F,1277,269,5752,3492
2026-08-14 12:00:40,E,951,394,5752,3492
2026-08-14 12:00:40,A,1499,1726,5752,3492
2026-08-14 12:00:40,C,1171,877,5752,3492
2026-08-14 12:30:39,B,903,177,6136,3108
2026-08-14 12:30:39,F,1313,233,6136,3108
2026-08-14 12:30:39,E,1015,330,6136,3108
2026-08-14 12:30:39,A,1658,1567,6136,3108
2026-08-14 12:30:39,C,1247,801,6136,3108
2026-08-14 13:00:40,B,925,155,6283,2961
2026-08-14 13:00:40,F,1315,231,6283,2961
2026-08-14 13:00:40,E,1070,275,6283,2961
2026-08-14 13:00:40,A,1709,1516,6283,2961
2026-08-14 13:00:40,C,1264,784,6283,2961
2026-08-14 13:03:14,B,926,154,6285,2959
2026-08-14 13:03:14,F,1309,237,6285,2959
2026-08-14 13:03:14,E,1068,277,6285,2959
2026-08-14 13:03:14,A,1717,1508,6285,2959
2026-08-14 13:03:14,C,1265,783,6285,2959
2026-08-14 13:30:33,B,933,147,6269,2975
2026-08-14 13:30:33,F,1298,248,6269,2975
2026-08-14 13:30:33,E,1056,289,6269,2975
2026-08-14 13:30:33,A,1706,1519,6269,2975
2026-08-14 13:30:33,C,1276,772,6269,2975
2026-08-14 14:00:42,B,908,172,6167,3077
2026-08-14 14:00:42,F,1278,268,6167,3077
2026-08-14 14:00:42,E,1010,335,6167,3077
2026-08-14 14:00:42,A,1692,1533,6167,3077
2026-08-14 14:00:42,C,1279,769,6167,3077
2026-08-14 15:00:41,B,833,247,5728,3516
2026-08-14 15:00:41,F,1222,324,5728,3516
2026-08-14 15:00:41,E,906,439,5728,3516
2026-08-14 15:00:41,A,1568,1657,5728,3516
2026-08-14 15:00:41,C,1199,849,5728,3516
2026-08-14 15:11:00,B,809,271,5592,3652
2026-08-14 15:11:00,F,1212,334,5592,3652
2026-08-14 15:11:00,E,874,471,5592,3652
2026-08-14 15:11:00,A,1533,1692,5592,3652
2026-08-14 15:11:00,C,1164,884,5592,3652
2026-08-14 15:30:31,B,797,283,5392,3852
2026-08-14 15:30:31,F,1198,348,5392,3852
2026-08-14 15:30:31,E,849,496,5392,3852
2026-08-14 15:30:31,A,1457,1768,5392,3852
2026-08-14 15:30:31,C,1091,957,5392,3852
2026-08-14 16:00:38,B,815,265,5131,4113
2026-08-14 16:00:38,F,1145,401,5131,4113
2026-08-14 16:00:38,E,812,533,5131,4113
2026-08-14 16:00:38,A,1318,1907,5131,4113
2026-08-14 16:00:38,C,1041,1007,5131,4113
2026-08-14 16:49:21,B,834,246,4967,4277
2026-08-14 16:49:21,F,1093,453,4967,4277
2026-08-14 16:49:21,E,766,579,4967,4277
2026-08-14 16:49:21,A,1275,1950,4967,4277
2026-08-14 16:49:21,C,999,1049,4967,4277
2026-08-14 17:30:33,B,939,141,5091,4153
2026-08-14 17:30:33,F,1113,433,5091,4153
2026-08-14 17:30:33,E,776,569,5091,4153
2026-08-14 17:30:33,A,1252,1973,5091,4153
2026-08-14 17:30:33,C,1011,1037,5091,4153
2026-08-14 19:00:42,B,947,133,5440,3804
2026-08-14 19:00:42,F,1167,379,5440,3804
2026-08-14 19:00:42,E,874,471,5440,3804
2026-08-14 19:00:42,A,1378,1847,5440,3804
2026-08-14 19:00:42,C,1074,974,5440,3804
2026-08-14 19:31:05,B,944,136,5582,3662
2026-08-14 19:31:05,F,1168,378,5582,3662
2026-08-14 19:31:05,E,904,441,5582,3662
2026-08-14 19:31:05,A,1455,1770,5582,3662
2026-08-14 19:31:05,C,1111,937,5582,3662
2026-08-14 20:00:41,B,955,125,5763,3481
2026-08-14 20:00:41,F,1182,364,5763,3481
2026-08-14 20:00:41,E,926,419,5763,3481
2026-08-14 20:00:41,A,1559,1666,5763,3481
2026-08-14 20:00:41,C,1141,907,5763,3481
2026-08-14 20:30:36,B,962,118,5845,3399
2026-08-14 20:30:36,F,1192,354,5845,3399
2026-08-14 20:30:36,E,945,400,5845,3399
2026-08-14 20:30:36,A,1590,1635,5845,3399
2026-08-14 20:30:36,C,1156,892,5845,3399
2026-08-14 20:44:28,B,956,124,5825,3419
2026-08-14 20:44:28,F,1189,357,5825,3419
2026-08-14 20:44:28,E,935,410,5825,3419
2026-08-14 20:44:28,A,1594,1631,5825,3419
2026-08-14 20:44:28,C,1151,897,5825,3419
2026-08-14 21:33:20,B,840,240,5157,4087
2026-08-14 21:33:20,F,1100,446,5157,4087
2026-08-14 21:33:20,E,791,554,5157,4087
2026-08-14 21:33:20,A,1448,1777,5157,4087
2026-08-14 21:33:20,C,978,1070,5157,4087
2026-08-14 22:30:35,B,746,334,4349,4895
2026-08-14 22:30:35,F,989,557,4349,4895
2026-08-14 22:30:35,E,639,706,4349,4895
2026-08-14 22:30:35,A,1234,1991,4349,4895
2026-08-14 22:30:35,C,741,1307,4349,4895
2026-08-14 22:32:42,B,736,344,4287,4957
2026-08-14 22:32:42,F,981,565,4287,4957
2026-08-14 22:32:42,E,630,715,4287,4957
2026-08-14 22:32:42,A,1231,1994,4287,4957
2026-08-14 22:32:42,C,709,1339,4287,4957
2026-08-14 23:00:43,B,689,391,3928,5316
2026-08-14 23:00:43,F,886,660,3928,5316
2026-08-14 23:00:43,E,576,769,3928,5316
2026-08-14 23:00:43,A,1126,2099,3928,5316
2026-08-14 23:00:43,C,651,1397,3928,5316
2026-08-14 23:30:35,B,597,483,3146,6098
2026-08-14 23:30:35,F,736,810,3146,6098
2026-08-14 23:30:35,E,451,894,3146,6098
2026-08-14 23:30:35,A,914,2311,3146,6098
2026-08-14 23:30:35,C,448,1600,3146,6098
2026-08-15 00:00:40,B,500,580,2499,6745
2026-08-15 00:00:40,F,632,914,2499,6745
2026-08-15 00:00:40,E,365,980,2499,6745
2026-08-15 00:00:40,A,691,2534,2499,6745
2026-08-15 00:00:40,C,311,1737,2499,6745
2026-08-15 00:04:48,B,480,600,2350,6894
2026-08-15 00:04:48,F,604,942,2350,6894
2026-08-15 00:04:48,E,340,1005,2350,6894
2026-08-15 00:04:48,A,644,2581,2350,6894
2026-08-15 00:04:48,C,282,1766,2350,6894
2026-08-15 00:30:35,B,369,711,1836,7408
2026-08-15 00:30:35,F,522,1024,1836,7408
2026-08-15 00:30:35,E,242,1103,1836,7408
2026-08-15 00:30:35,A,501,2724,1836,7408
2026-08-15 00:30:35,C,202,1846,1836,7408
2026-08-15 01:30:34,B,138,942,988,8256
2026-08-15 01:30:34,F,322,1224,988,8256
2026-08-15 01:30:34,E,155,1190,988,8256
2026-08-15 01:30:34,A,253,2972,988,8256
2026-08-15 01:30:34,C,120,1928,988,8256
2026-08-15 02:00:40,B,80,1000,660,8584
2026-08-15 02:00:40,F,226,1320,660,8584
2026-08-15 02:00:40,E,134,1211,660,8584
2026-08-15 02:00:40,A,117,3108,660,8584
2026-08-15 02:00:40,C,103,1945,660,8584
2026-08-15 02:10:12,B,61,1019,606,8638
2026-08-15 02:10:12,F,214,1332,606,8638
2026-08-15 02:10:12,E,132,1213,606,8638
2026-08-15 02:10:12,A,98,3127,606,8638
2026-08-15 02:10:12,C,101,1947,606,8638
2026-08-15 02:30:33,B,54,1026,554,8690
2026-08-15 02:30:33,F,207,1339,554,8690
2026-08-15 02:30:33,E,127,1218,554,8690
2026-08-15 02:30:33,A,69,3156,554,8690
2026-08-15 02:30:33,C,97,1951,554,8690
2026-08-15 03:00:40,B,51,1029,529,8715
2026-08-15 03:00:40,F,196,1350,529,8715
2026-08-15 03:00:40,E,123,1222,529,8715
2026-08-15 03:00:40,A,66,3159,529,8715
2026-08-15 03:00:40,C,93,1955,529,8715
2026-08-15 03:21:51,B,51,1029,505,8739
2026-08-15 03:21:51,F,190,1356,505,8739
2026-08-15 03:21:51,E,114,1231,505,8739
2026-08-15 03:21:51,A,61,3164,505,8739
2026-08-15 03:21:51,C,89,1959,505,8739
2026-08-15 03:30:35,B,51,1029,502,8742
2026-08-15 03:30:35,F,189,1357,502,8742
2026-08-15 03:30:35,E,114,1231,502,8742
2026-08-15 03:30:35,A,60,3165,502,8742
2026-08-15 03:30:35,C,88,1960,502,8742
2026-08-15 04:00:44,B,48,1032,486,8758
2026-08-15 04:00:44,F,186,1360,486,8758
2026-08-15 04:00:44,E,113,1232,486,8758
2026-08-15 04:00:44,A,52,3173,486,8758
2026-08-15 04:00:44,C,87,1961,486,8758
2026-08-15 04:11:09,B,48,1032,484,8760
2026-08-15 04:11:09,F,186,1360,484,8760
2026-08-15 04:11:09,E,113,1232,484,8760
2026-08-15 04:11:09,A,50,3175,484,8760
2026-08-15 04:11:09,C,87,1961,484,8760
2026-08-15 05:00:41,B,47,1033,483,8761
2026-08-15 05:00:41,F,187,1359,483,8761
2026-08-15 05:00:41,E,116,1229,483,8761
2026-08-15 05:00:41,A,47,3178,483,8761
2026-08-15 05:00:41,C,86,1962,483,8761
2026-08-15 05:24:17,B,46,1034,484,8760
2026-08-15 05:24:17,F,186,1360,484,8760
2026-08-15 05:24:17,E,118,1227,484,8760
2026-08-15 05:24:17,A,48,3177,484,8760
2026-08-15 05:24:17,C,86,1962,484,8760
2026-08-15 05:30:32,B,46,1034,485,8759
2026-08-15 05:30:32,F,186,1360,485,8759
2026-08-15 05:30:32,E,118,1227,485,8759
2026-08-15 05:30:32,A,48,3177,485,8759
2026-08-15 05:30:32,C,87,1961,485,8759
2026-08-15 06:00:17,B,47,1033,519,8725
2026-08-15 06:00:17,F,193,1353,519,8725
2026-08-15 06:00:17,E,124,1221,519,8725
2026-08-15 06:00:17,A,57,3168,519,8725
2026-08-15 06:00:17,C,98,1950,519,8725
2026-08-15 06:00:38,B,48,1032,521,8723
2026-08-15 06:00:38,F,194,1352,521,8723
2026-08-15 06:00:38,E,124,1221,521,8723
2026-08-15 06:00:38,A,57,3168,521,8723
2026-08-15 06:00:38,C,98,1950,521,8723
2026-08-15 06:30:33,B,47,1033,545,8699
2026-08-15 06:30:33,F,207,1339,545,8699
2026-08-15 06:30:33,E,131,1214,545,8699
2026-08-15 06:30:33,A,57,3168,545,8699
2026-08-15 06:30:33,C,103,1945,545,8699
2026-08-15 06:51:03,B,47,1033,581,8663
2026-08-15 06:51:03,F,218,1328,581,8663
2026-08-15 06:51:03,E,139,1206,581,8663
2026-08-15 06:51:03,A,62,3163,581,8663
2026-08-15 06:51:03,C,115,1933,581,8663
2026-08-15 07:00:40,B,46,1034,614,8630
2026-08-15 07:00:40,F,234,1312,614,8630
2026-08-15 07:00:40,E,143,1202,614,8630
2026-08-15 07:00:40,A,69,3156,614,8630
2026-08-15 07:00:40,C,122,1926,614,8630
2026-08-15 07:30:33,B,46,1034,663,8581
2026-08-15 07:30:33,F,245,1301,663,8581
2026-08-15 07:30:33,E,155,1190,663,8581
2026-08-15 07:30:33,A,78,3147,663,8581
2026-08-15 07:30:33,C,139,1909,663,8581
2026-08-15 07:45:20,B,46,1034,694,8550
2026-08-15 07:45:20,F,252,1294,694,8550
2026-08-15 07:45:20,E,162,1183,694,8550
2026-08-15 07:45:20,A,84,3141,694,8550
2026-08-15 07:45:20,C,150,1898,694,8550
2026-08-15 08:00:40,B,45,1035,796,8448
2026-08-15 08:00:40,F,274,1272,796,8448
2026-08-15 08:00:40,E,184,1161,796,8448
2026-08-15 08:00:40,A,103,3122,796,8448
2026-08-15 08:00:40,C,190,1858,796,8448
2026-08-15 08:09:12,B,45,1035,847,8397
2026-08-15 08:09:12,F,286,1260,847,8397
2026-08-15 08:09:12,E,190,1155,847,8397
2026-08-15 08:09:12,A,111,3114,847,8397
2026-08-15 08:09:12,C,215,1833,847,8397
2026-08-15 08:30:33,B,45,1035,1023,8221
2026-08-15 08:30:33,F,306,1240,1023,8221
2026-08-15 08:30:33,E,245,1100,1023,8221
2026-08-15 08:30:33,A,155,3070,1023,8221
2026-08-15 08:30:33,C,272,1776,1023,8221
2026-08-15 08:44:37,B,50,1030,1241,8003
2026-08-15 08:44:37,F,353,1193,1241,8003
2026-08-15 08:44:37,E,290,1055,1241,8003
2026-08-15 08:44:37,A,204,3021,1241,8003
2026-08-15 08:44:37,C,344,1704,1241,8003
2026-08-15 09:00:42,B,125,955,1641,7603
2026-08-15 09:00:42,F,435,1111,1641,7603
2026-08-15 09:00:42,E,366,979,1641,7603
2026-08-15 09:00:42,A,277,2948,1641,7603
2026-08-15 09:00:42,C,438,1610,1641,7603
2026-08-15 09:09:12,B,199,881,1958,7286
2026-08-15 09:09:12,F,503,1043,1958,7286
2026-08-15 09:09:12,E,419,926,1958,7286
2026-08-15 09:09:12,A,349,2876,1958,7286
2026-08-15 09:09:12,C,488,1560,1958,7286
2026-08-15 09:30:33,B,339,741,2578,6666
2026-08-15 09:30:33,F,617,929,2578,6666
2026-08-15 09:30:33,E,526,819,2578,6666
2026-08-15 09:30:33,A,506,2719,2578,6666
2026-08-15 09:30:33,C,590,1458,2578,6666
2026-08-15 09:43:05,B,397,683,2849,6395
2026-08-15 09:43:05,F,695,851,2849,6395
2026-08-15 09:43:05,E,550,795,2849,6395
2026-08-15 09:43:05,A,562,2663,2849,6395
2026-08-15 09:43:05,C,645,1403,2849,6395
2026-08-15 10:00:43,B,507,573,3467,5777
2026-08-15 10:00:43,F,813,733,3467,5777
2026-08-15 10:00:43,E,671,674,3467,5777
2026-08-15 10:00:43,A,731,2494,3467,5777
2026-08-15 10:00:43,C,745,1303,3467,5777
2026-08-15 10:26:14,B,612,468,4129,5115
2026-08-15 10:26:14,F,935,611,4129,5115
2026-08-15 10:26:14,E,782,563,4129,5115
2026-08-15 10:26:14,A,940,2285,4129,5115
2026-08-15 10:26:14,C,860,1188,4129,5115
2026-08-15 11:00:43,B,726,354,4706,4538
2026-08-15 11:00:43,F,1032,514,4706,4538
2026-08-15 11:00:43,E,854,491,4706,4538
2026-08-15 11:00:43,A,1118,2107,4706,4538
2026-08-15 11:00:43,C,976,1072,4706,4538
2026-08-15 11:30:33,B,813,267,5175,4069
2026-08-15 11:30:33,F,1108,438,5175,4069
2026-08-15 11:30:33,E,914,431,5175,4069
2026-08-15 11:30:33,A,1247,1978,5175,4069
2026-08-15 11:30:33,C,1093,955,5175,4069
2026-08-15 11:54:21,B,832,248,5400,3844
2026-08-15 11:54:21,F,1129,417,5400,3844
2026-08-15 11:54:21,E,942,403,5400,3844
2026-08-15 11:54:21,A,1341,1884,5400,3844
2026-08-15 11:54:21,C,1156,892,5400,3844
2026-08-15 12:00:41,B,845,235,5489,3755
2026-08-15 12:00:41,F,1134,412,5489,3755
2026-08-15 12:00:41,E,950,395,5489,3755
2026-08-15 12:00:41,A,1384,1841,5489,3755
2026-08-15 12:00:41,C,1176,872,5489,3755
2026-08-15 12:30:36,B,879,201,5763,3481
2026-08-15 12:30:36,F,1177,369,5763,3481
2026-08-15 12:30:36,E,974,371,5763,3481
2026-08-15 12:30:36,A,1490,1735,5763,3481
2026-08-15 12:30:36,C,1243,805,5763,3481
2026-08-15 13:26:35,B,916,164,6236,3008
2026-08-15 13:26:35,F,1214,332,6236,3008
2026-08-15 13:26:35,E,1026,319,6236,3008
2026-08-15 13:26:35,A,1742,1483,6236,3008
2026-08-15 13:26:35,C,1338,710,6236,3008
2026-08-15 13:30:32,B,918,162,6319,2925
2026-08-15 13:30:32,F,1206,340,6319,2925
2026-08-15 13:30:32,E,1027,318,6319,2925
2026-08-15 13:30:32,A,1817,1408,6319,2925
2026-08-15 13:30:32,C,1351,697,6319,2925
2026-08-15 14:00:19,B,946,134,6687,2557
2026-08-15 14:00:19,F,1228,318,6687,2557
2026-08-15 14:00:19,E,1051,294,6687,2557
2026-08-15 14:00:19,A,2031,1194,6687,2557
2026-08-15 14:00:19,C,1431,617,6687,2557
2026-08-15 14:30:32,B,963,117,7141,2103
2026-08-15 14:30:32,F,1238,308,7141,2103
2026-08-15 14:30:32,E,1058,287,7141,2103
2026-08-15 14:30:32,A,2337,888,7141,2103
2026-08-15 14:30:32,C,1545,503,7141,2103
2026-08-15 14:52:20,B,967,113,7256,1988
2026-08-15 14:52:20,F,1252,294,7256,1988
2026-08-15 14:52:20,E,1061,284,7256,1988
2026-08-15 14:52:20,A,2410,815,7256,1988
2026-08-15 14:52:20,C,1566,482,7256,1988
2026-08-15 15:00:41,B,971,109,7277,1967
2026-08-15 15:00:41,F,1251,295,7277,1967
2026-08-15 15:00:41,E,1052,293,7277,1967
2026-08-15 15:00:41,A,2429,796,7277,1967
2026-08-15 15:00:41,C,1574,474,7277,1967
2026-08-15 15:13:01,B,980,100,7387,1857
2026-08-15 15:13:01,F,1263,283,7387,1857
2026-08-15 15:13:01,E,1079,266,7387,1857
2026-08-15 15:13:01,A,2467,758,7387,1857
2026-08-15 15:13:01,C,1598,450,7387,1857
2026-08-15 15:30:34,B,991,89,7454,1790
2026-08-15 15:30:34,F,1267,279,7454,1790
2026-08-15 15:30:34,E,1117,228,7454,1790
2026-08-15 15:30:34,A,2491,734,7454,1790
2026-08-15 15:30:34,C,1588,460,7454,1790
2026-08-15 15:46:36,B,985,95,7375,1869
2026-08-15 15:46:36,F,1261,285,7375,1869
2026-08-15 15:46:36,E,1097,248,7375,1869
2026-08-15 15:46:36,A,2460,765,7375,1869
2026-08-15 15:46:36,C,1572,476,7375,1869
2026-08-15 16:00:38,B,960,120,7292,1952
2026-08-15 16:00:38,F,1253,293,7292,1952
2026-08-15 16:00:38,E,1088,257,7292,1952
2026-08-15 16:00:38,A,2436,789,7292,1952
2026-08-15 16:00:38,C,1555,493,7292,1952
2026-08-15 16:15:12,B,958,122,7211,2033
2026-08-15 16:15:12,F,1248,298,7211,2033
2026-08-15 16:15:12,E,1056,289,7211,2033
2026-08-15 16:15:12,A,2391,834,7211,2033
2026-08-15 16:15:12,C,1558,490,7211,2033
2026-08-15 16:30:33,B,951,129,7154,2090
2026-08-15 16:30:33,F,1250,296,7154,2090
2026-08-15 16:30:33,E,1033,312,7154,2090
2026-08-15 16:30:33,A,2365,860,7154,2090
2026-08-15 16:30:33,C,1555,493,7154,2090
2026-08-15 17:00:40,B,949,131,7011,2233
2026-08-15 17:00:40,F,1245,301,7011,2233
2026-08-15 17:00:40,E,1005,340,7011,2233
2026-08-15 17:00:40,A,2308,917,7011,2233
2026-08-15 17:00:40,C,1504,544,7011,2233
2026-08-15 17:03:20,B,945,135,6997,2247
2026-08-15 17:03:20,F,1245,301,6997,2247
2026-08-15 17:03:20,E,1004,341,6997,2247
2026-08-15 17:03:20,A,2305,920,6997,2247
2026-08-15 17:03:20,C,1498,550,6997,2247
2026-08-15 17:48:44,B,921,159,6706,2538
2026-08-15 17:48:44,F,1235,311,6706,2538
2026-08-15 17:48:44,E,993,352,6706,2538
2026-08-15 17:48:44,A,2139,1086,6706,2538
2026-08-15 17:48:44,C,1418,630,6706,2538
2026-08-15 18:00:37,B,925,155,6656,2588
2026-08-15 18:00:37,F,1228,318,6656,2588
2026-08-15 18:00:37,E,979,366,6656,2588
2026-08-15 18:00:37,A,2116,1109,6656,2588
2026-08-15 18:00:37,C,1408,640,6656,2588
2026-08-15 18:11:45,B,929,151,6595,2649
2026-08-15 18:11:45,F,1233,313,6595,2649
2026-08-15 18:11:45,E,968,377,6595,2649
2026-08-15 18:11:45,A,2084,1141,6595,2649
2026-08-15 18:11:45,C,1381,667,6595,2649
2026-08-15 18:30:32,B,931,149,6481,2763
2026-08-15 18:30:32,F,1217,329,6481,2763
2026-08-15 18:30:32,E,954,391,6481,2763
2026-08-15 18:30:32,A,2043,1182,6481,2763
2026-08-15 18:30:32,C,1336,712,6481,2763
2026-08-15 18:50:15,B,958,122,6283,2961
2026-08-15 18:50:15,F,1215,331,6283,2961
2026-08-15 18:50:15,E,950,395,6283,2961
2026-08-15 18:50:15,A,1931,1294,6283,2961
2026-08-15 18:50:15,C,1229,819,6283,2961
2026-08-15 19:45:21,B,967,113,6019,3225
2026-08-15 19:45:21,F,1176,370,6019,3225
2026-08-15 19:45:21,E,918,427,6019,3225
2026-08-15 19:45:21,A,1775,1450,6019,3225
2026-08-15 19:45:21,C,1183,865,6019,3225
2026-08-15 20:00:38,B,964,116,5958,3286
2026-08-15 20:00:38,F,1156,390,5958,3286
2026-08-15 20:00:38,E,914,431,5958,3286
2026-08-15 20:00:38,A,1748,1477,5958,3286
2026-08-15 20:00:38,C,1176,872,5958,3286
2026-08-15 20:08:57,B,962,118,5904,3340
2026-08-15 20:08:57,F,1158,388,5904,3340
2026-08-15 20:08:57,E,899,446,5904,3340
2026-08-15 20:08:57,A,1731,1494,5904,3340
2026-08-15 20:08:57,C,1154,894,5904,3340
2026-08-15 20:30:34,B,952,128,5817,3427
2026-08-15 20:30:34,F,1142,404,5817,3427
2026-08-15 20:30:34,E,878,467,5817,3427
2026-08-15 20:30:34,A,1710,1515,5817,3427
2026-08-15 20:30:34,C,1135,913,5817,3427
2026-08-15 20:44:10,B,952,128,5817,3427
2026-08-15 20:44:10,F,1142,404,5817,3427
2026-08-15 20:44:10,E,878,467,5817,3427
2026-08-15 20:44:10,A,1710,1515,5817,3427
2026-08-15 20:44:10,C,1135,913,5817,3427
2026-08-15 21:00:39,B,949,131,5765,3479
2026-08-15 21:00:39,F,1123,423,5765,3479
2026-08-15 21:00:39,E,867,478,5765,3479
2026-08-15 21:00:39,A,1697,1528,5765,3479
2026-08-15 21:00:39,C,1129,919,5765,3479
2026-08-15 21:07:21,B,949,131,5765,3479
2026-08-15 21:07:21,F,1123,423,5765,3479
2026-08-15 21:07:21,E,867,478,5765,3479
2026-08-15 21:07:21,A,1697,1528,5765,3479
2026-08-15 21:07:21,C,1129,919,5765,3479
2026-08-15 21:30:32,B,951,129,5720,3524
2026-08-15 21:30:32,F,1120,426,5720,3524
2026-08-15 21:30:32,E,850,495,5720,3524
2026-08-15 21:30:32,A,1684,1541,5720,3524
2026-08-15 21:30:32,C,1115,933,5720,3524
2026-08-15 21:39:50,B,951,129,5720,3524
2026-08-15 21:39:50,F,1120,426,5720,3524
2026-08-15 21:39:50,E,850,495,5720,3524
2026-08-15 21:39:50,A,1684,1541,5720,3524
2026-08-15 21:39:50,C,1115,933,5720,3524
2026-08-15 22:00:39,B,947,133,5673,3571
2026-08-15 22:00:39,F,1116,430,5673,3571
2026-08-15 22:00:39,E,846,499,5673,3571
2026-08-15 22:00:39,A,1665,1560,5673,3571
2026-08-15 22:00:39,C,1099,949,5673,3571
2026-08-15 22:10:42,B,941,139,5667,3577
2026-08-15 22:10:42,F,1116,430,5667,3577
2026-08-15 22:10:42,E,846,499,5667,3577
2026-08-15 22:10:42,A,1665,1560,5667,3577
2026-08-15 22:10:42,C,1099,949,5667,3577
2026-08-15 22:30:32,B,941,139,5667,3577
2026-08-15 22:30:32,F,1116,430,5667,3577
2026-08-15 22:30:32,E,846,499,5667,3577
2026-08-15 22:30:32,A,1665,1560,5667,3577
2026-08-15 22:30:32,C,1099,949,5667,3577
2026-08-15 23:00:41,B,922,158,5555,3689
2026-08-15 23:00:41,F,1082,464,5555,3689
2026-08-15 23:00:41,E,838,507,5555,3689
2026-08-15 23:00:41,A,1643,1582,5555,3689
2026-08-15 23:00:41,C,1070,978,5555,3689
2026-08-15 23:03:57,B,922,158,5555,3689
2026-08-15 23:03:57,F,1082,464,5555,3689
2026-08-15 23:03:57,E,838,507,5555,3689
2026-08-15 23:03:57,A,1643,1582,5555,3689
2026-08-15 23:03:57,C,1070,978,5555,3689
2026-08-15 23:30:32,B,922,158,5525,3719
2026-08-15 23:30:32,F,1075,471,5525,3719
2026-08-15 23:30:32,E,837,508,5525,3719
2026-08-15 23:30:32,A,1640,1585,5525,3719
2026-08-15 23:30:32,C,1051,997,5525,3719
2026-08-15 23:47:50,B,917,163,5501,3743
2026-08-15 23:47:50,F,1072,474,5501,3743
2026-08-15 23:47:50,E,833,512,5501,3743
2026-08-15 23:47:50,A,1635,1590,5501,3743
2026-08-15 23:47:50,C,1044,1004,5501,3743
2026-08-16 00:00:40,B,917,163,5501,3743
2026-08-16 00:00:40,F,1072,474,5501,3743
2026-08-16 00:00:40,E,833,512,5501,3743
2026-08-16 00:00:40,A,1635,1590,5501,3743
2026-08-16 00:00:40,C,1044,1004,5501,3743
2026-08-16 00:09:10,B,917,163,5501,3743
2026-08-16 00:09:10,F,1072,474,5501,3743
2026-08-16 00:09:10,E,833,512,5501,3743
2026-08-16 00:09:10,A,1635,1590,5501,3743
2026-08-16 00:09:10,C,1044,1004,5501,3743
2026-08-16 00:30:31,B,883,197,5325,3919
2026-08-16 00:30:31,F,1050,496,5325,3919
2026-08-16 00:30:31,E,794,551,5325,3919
2026-08-16 00:30:31,A,1590,1635,5325,3919
2026-08-16 00:30:31,C,1008,1040,5325,3919
2026-08-16 00:44:00,B,796,284,4807,4437
2026-08-16 00:44:00,F,990,556,4807,4437
2026-08-16 00:44:00,E,696,649,4807,4437
2026-08-16 00:44:00,A,1431,1794,4807,4437
2026-08-16 00:44:00,C,894,1154,4807,4437
2026-08-16 01:00:40,B,661,419,4183,5061
2026-08-16 01:00:40,F,930,616,4183,5061
2026-08-16 01:00:40,E,621,724,4183,5061
2026-08-16 01:00:40,A,1252,1973,4183,5061
2026-08-16 01:00:40,C,719,1329,4183,5061
2026-08-16 01:07:45,B,604,476,3905,5339
2026-08-16 01:07:45,F,896,650,3905,5339
2026-08-16 01:07:45,E,599,746,3905,5339
2026-08-16 01:07:45,A,1152,2073,3905,5339
2026-08-16 01:07:45,C,654,1394,3905,5339
2026-08-16 01:30:31,B,394,686,2902,6342
2026-08-16 01:30:31,F,728,818,2902,6342
2026-08-16 01:30:31,E,445,900,2902,6342
2026-08-16 01:30:31,A,860,2365,2902,6342
2026-08-16 01:30:31,C,475,1573,2902,6342
2026-08-16 01:40:39,B,293,787,2410,6834
2026-08-16 01:40:39,F,648,898,2410,6834
2026-08-16 01:40:39,E,380,965,2410,6834
2026-08-16 01:40:39,A,718,2507,2410,6834
2026-08-16 01:40:39,C,371,1677,2410,6834
2026-08-16 02:00:38,B,168,912,1584,7660
2026-08-16 02:00:38,F,493,1053,1584,7660
2026-08-16 02:00:38,E,232,1113,1584,7660
2026-08-16 02:00:38,A,474,2751,1584,7660
2026-08-16 02:00:38,C,217,1831,1584,7660
2026-08-16 02:08:07,B,132,948,1348,7896
2026-08-16 02:08:07,F,417,1129,1348,7896
2026-08-16 02:08:07,E,193,1152,1348,7896
2026-08-16 02:08:07,A,415,2810,1348,7896
2026-08-16 02:08:07,C,191,1857,1348,7896
2026-08-16 02:30:33,B,77,1003,798,8446
2026-08-16 02:30:33,F,257,1289,798,8446
2026-08-16 02:30:33,E,128,1217,798,8446
2026-08-16 02:30:33,A,217,3008,798,8446
2026-08-16 02:30:33,C,119,1929,798,8446
2026-08-16 02:46:03,B,68,1012,666,8578
2026-08-16 02:46:03,F,216,1330,666,8578
2026-08-16 02:46:03,E,121,1224,666,8578
2026-08-16 02:46:03,A,160,3065,666,8578
2026-08-16 02:46:03,C,101,1947,666,8578
2026-08-16 03:00:40,B,60,1020,581,8663
2026-08-16 03:00:40,F,202,1344,581,8663
2026-08-16 03:00:40,E,117,1228,581,8663
2026-08-16 03:00:40,A,108,3117,581,8663
2026-08-16 03:00:40,C,94,1954,581,8663
2026-08-16 03:09:37,B,58,1022,544,8700
2026-08-16 03:09:37,F,198,1348,544,8700
2026-08-16 03:09:37,E,114,1231,544,8700
2026-08-16 03:09:37,A,86,3139,544,8700
2026-08-16 03:09:37,C,88,1960,544,8700
2026-08-16 03:30:31,B,56,1024,505,8739
2026-08-16 03:30:31,F,193,1353,505,8739
2026-08-16 03:30:31,E,110,1235,505,8739
2026-08-16 03:30:31,A,63,3162,505,8739
2026-08-16 03:30:31,C,83,1965,505,8739
2026-08-16 04:00:39,B,50,1030,473,8771
2026-08-16 04:00:39,F,190,1356,473,8771
2026-08-16 04:00:39,E,108,1237,473,8771
2026-08-16 04:00:39,A,50,3175,473,8771
2026-08-16 04:00:39,C,75,1973,473,8771
2026-08-16 04:08:51,B,50,1030,470,8774
2026-08-16 04:08:51,F,190,1356,470,8774
2026-08-16 04:08:51,E,108,1237,470,8774
2026-08-16 04:08:51,A,47,3178,470,8774
2026-08-16 04:08:51,C,75,1973,470,8774
2026-08-16 04:30:36,B,50,1030,480,8764
2026-08-16 04:30:36,F,191,1355,480,8764
2026-08-16 04:30:36,E,109,1236,480,8764
2026-08-16 04:30:36,A,48,3177,480,8764
2026-08-16 04:30:36,C,82,1966,480,8764
2026-08-16 04:51:59,B,51,1029,468,8776
2026-08-16 04:51:59,F,188,1358,468,8776
2026-08-16 04:51:59,E,108,1237,468,8776
2026-08-16 04:51:59,A,44,3181,468,8776
2026-08-16 04:51:59,C,77,1971,468,8776
2026-08-16 05:00:39,B,51,1029,463,8781
2026-08-16 05:00:39,F,187,1359,463,8781
2026-08-16 05:00:39,E,108,1237,463,8781
2026-08-16 05:00:39,A,42,3183,463,8781
2026-08-16 05:00:39,C,75,1973,463,8781
2026-08-16 05:11:46,B,50,1030,460,8784
2026-08-16 05:11:46,F,184,1362,460,8784
2026-08-16 05:11:46,E,108,1237,460,8784
2026-08-16 05:11:46,A,43,3182,460,8784
2026-08-16 05:11:46,C,75,1973,460,8784
2026-08-16 05:30:31,B,49,1031,461,8783
2026-08-16 05:30:31,F,185,1361,461,8783
2026-08-16 05:30:31,E,108,1237,461,8783
2026-08-16 05:30:31,A,44,3181,461,8783
2026-08-16 05:30:31,C,75,1973,461,8783
2026-08-16 05:40:37,B,48,1032,460,8784
2026-08-16 05:40:37,F,187,1359,460,8784
2026-08-16 05:40:37,E,108,1237,460,8784
2026-08-16 05:40:37,A,43,3182,460,8784
2026-08-16 05:40:37,C,74,1974,460,8784
2026-08-16 06:00:38,B,50,1030,468,8776
2026-08-16 06:00:38,F,183,1363,468,8776
2026-08-16 06:00:38,E,109,1236,468,8776
2026-08-16 06:00:38,A,50,3175,468,8776
2026-08-16 06:00:38,C,76,1972,468,8776
2026-08-16 06:07:34,B,50,1030,468,8776
2026-08-16 06:07:34,F,183,1363,468,8776
2026-08-16 06:07:34,E,110,1235,468,8776
2026-08-16 06:07:34,A,49,3176,468,8776
2026-08-16 06:07:34,C,76,1972,468,8776
2026-08-16 06:30:32,B,49,1031,479,8765
2026-08-16 06:30:32,F,190,1356,479,8765
2026-08-16 06:30:32,E,114,1231,479,8765
2026-08-16 06:30:32,A,47,3178,479,8765
2026-08-16 06:30:32,C,79,1969,479,8765
2026-08-16 06:43:55,B,49,1031,499,8745
2026-08-16 06:43:55,F,189,1357,499,8745
2026-08-16 06:43:55,E,116,1229,499,8745
2026-08-16 06:43:55,A,63,3162,499,8745
2026-08-16 06:43:55,C,82,1966,499,8745
2026-08-16 07:00:39,B,52,1028,521,8723
2026-08-16 07:00:39,F,197,1349,521,8723
2026-08-16 07:00:39,E,122,1223,521,8723
2026-08-16 07:00:39,A,58,3167,521,8723
2026-08-16 07:00:39,C,92,1956,521,8723
2026-08-16 07:08:54,B,53,1027,520,8724
2026-08-16 07:08:54,F,199,1347,520,8724
2026-08-16 07:08:54,E,124,1221,520,8724
2026-08-16 07:08:54,A,51,3174,520,8724
2026-08-16 07:08:54,C,93,1955,520,8724
2026-08-16 07:30:31,B,53,1027,542,8702
2026-08-16 07:30:31,F,202,1344,542,8702
2026-08-16 07:30:31,E,126,1219,542,8702
2026-08-16 07:30:31,A,58,3167,542,8702
2026-08-16 07:30:31,C,103,1945,542,8702
2026-08-16 07:40:15,B,53,1027,557,8687
2026-08-16 07:40:15,F,203,1343,557,8687
2026-08-16 07:40:15,E,132,1213,557,8687
2026-08-16 07:40:15,A,65,3160,557,8687
2026-08-16 07:40:15,C,104,1944,557,8687
2026-08-16 08:00:40,B,52,1028,634,8610
2026-08-16 08:00:40,F,219,1327,634,8610
2026-08-16 08:00:40,E,148,1197,634,8610
2026-08-16 08:00:40,A,71,3154,634,8610
2026-08-16 08:00:40,C,144,1904,634,8610
2026-08-16 08:05:22,B,54,1026,681,8563
2026-08-16 08:05:22,F,230,1316,681,8563
2026-08-16 08:05:22,E,155,1190,681,8563
2026-08-16 08:05:22,A,78,3147,681,8563
2026-08-16 08:05:22,C,164,1884,681,8563
2026-08-16 08:30:32,B,51,1029,752,8492
2026-08-16 08:30:32,F,235,1311,752,8492
2026-08-16 08:30:32,E,194,1151,752,8492
2026-08-16 08:30:32,A,86,3139,752,8492
2026-08-16 08:30:32,C,186,1862,752,8492
2026-08-16 08:43:08,B,49,1031,827,8417
2026-08-16 08:43:08,F,254,1292,827,8417
2026-08-16 08:43:08,E,211,1134,827,8417
2026-08-16 08:43:08,A,94,3131,827,8417
2026-08-16 08:43:08,C,219,1829,827,8417
2026-08-16 09:00:40,B,99,981,1005,8239
2026-08-16 09:00:40,F,290,1256,1005,8239
2026-08-16 09:00:40,E,242,1103,1005,8239
2026-08-16 09:00:40,A,117,3108,1005,8239
2026-08-16 09:00:40,C,257,1791,1005,8239
2026-08-16 09:08:01,B,125,955,1100,8144
2026-08-16 09:08:01,F,304,1242,1100,8144
2026-08-16 09:08:01,E,267,1078,1100,8144
2026-08-16 09:08:01,A,126,3099,1100,8144
2026-08-16 09:08:01,C,278,1770,1100,8144
2026-08-16 09:30:33,B,219,861,1554,7690
2026-08-16 09:30:33,F,393,1153,1554,7690
2026-08-16 09:30:33,E,346,999,1554,7690
2026-08-16 09:30:33,A,201,3024,1554,7690
2026-08-16 09:30:33,C,395,1653,1554,7690
2026-08-16 09:40:31,B,284,796,1854,7390
2026-08-16 09:40:31,F,453,1093,1854,7390
2026-08-16 09:40:31,E,395,950,1854,7390
2026-08-16 09:40:31,A,275,2950,1854,7390
2026-08-16 09:40:31,C,447,1601,1854,7390
2026-08-16 10:00:43,B,463,617,2692,6552
2026-08-16 10:00:43,F,634,912,2692,6552
2026-08-16 10:00:43,E,518,827,2692,6552
2026-08-16 10:00:43,A,491,2734,2692,6552
2026-08-16 10:00:43,C,586,1462,2692,6552
2026-08-16 10:26:48,B,715,365,3748,5496
2026-08-16 10:26:48,F,828,718,3748,5496
2026-08-16 10:26:48,E,652,693,3748,5496
2026-08-16 10:26:48,A,777,2448,3748,5496
2026-08-16 10:26:48,C,776,1272,3748,5496
2026-08-16 10:30:31,B,731,349,3870,5374
2026-08-16 10:30:31,F,854,692,3870,5374
2026-08-16 10:30:31,E,672,673,3870,5374
2026-08-16 10:30:31,A,822,2403,3870,5374
2026-08-16 10:30:31,C,791,1257,3870,5374
2026-08-16 12:00:41,B,961,119,5507,3737
2026-08-16 12:00:41,F,1121,425,5507,3737
2026-08-16 12:00:41,E,884,461,5507,3737
2026-08-16 12:00:41,A,1421,1804,5507,3737
2026-08-16 12:00:41,C,1120,928,5507,3737
2026-08-16 12:02:52,B,958,122,5550,3694
2026-08-16 12:02:52,F,1126,420,5550,3694
2026-08-16 12:02:52,E,891,454,5550,3694
2026-08-16 12:02:52,A,1442,1783,5550,3694
2026-08-16 12:02:52,C,1133,915,5550,3694
2026-08-16 12:30:33,B,953,127,5919,3325
2026-08-16 12:30:33,F,1184,362,5919,3325
2026-08-16 12:30:33,E,944,401,5919,3325
2026-08-16 12:30:33,A,1591,1634,5919,3325
2026-08-16 12:30:33,C,1247,801,5919,3325
2026-08-16 13:00:40,B,960,120,6195,3049
2026-08-16 13:00:40,F,1199,347,6195,3049
2026-08-16 13:00:40,E,998,347,6195,3049
2026-08-16 13:00:40,A,1740,1485,6195,3049
2026-08-16 13:00:40,C,1298,750,6195,3049
2026-08-16 13:23:54,B,955,125,6494,2750
2026-08-16 13:23:54,F,1233,313,6494,2750
2026-08-16 13:23:54,E,1031,314,6494,2750
2026-08-16 13:23:54,A,1897,1328,6494,2750
2026-08-16 13:23:54,C,1378,670,6494,2750
2026-08-16 13:30:34,B,968,112,6580,2664
2026-08-16 13:30:34,F,1230,316,6580,2664
2026-08-16 13:30:34,E,1051,294,6580,2664
2026-08-16 13:30:34,A,1936,1289,6580,2664
2026-08-16 13:30:34,C,1395,653,6580,2664
2026-08-16 14:00:39,B,991,89,7128,2116
2026-08-16 14:00:39,F,1263,283,7128,2116
2026-08-16 14:00:39,E,1147,198,7128,2116
2026-08-16 14:00:39,A,2207,1018,7128,2116
2026-08-16 14:00:39,C,1520,528,7128,2116
2026-08-16 14:04:32,B,995,85,7182,2062
2026-08-16 14:04:32,F,1268,278,7182,2062
2026-08-16 14:04:32,E,1148,197,7182,2062
2026-08-16 14:04:32,A,2251,974,7182,2062
2026-08-16 14:04:32,C,1520,528,7182,2062
2026-08-16 14:30:33,B,993,87,7325,1919
2026-08-16 14:30:33,F,1281,265,7325,1919
2026-08-16 14:30:33,E,1148,197,7325,1919
2026-08-16 14:30:33,A,2346,879,7325,1919
2026-08-16 14:30:33,C,1557,491,7325,1919
2026-08-16 14:55:22,B,991,89,7436,1808
2026-08-16 14:55:22,F,1282,264,7436,1808
2026-08-16 14:55:22,E,1159,186,7436,1808
2026-08-16 14:55:22,A,2408,817,7436,1808
2026-08-16 14:55:22,C,1596,452,7436,1808
2026-08-16 15:00:39,B,994,86,7419,1825
2026-08-16 15:00:39,F,1284,262,7419,1825
2026-08-16 15:00:39,E,1147,198,7419,1825
2026-08-16 15:00:39,A,2409,816,7419,1825
2026-08-16 15:00:39,C,1585,463,7419,1825
2026-08-16 15:30:32,B,963,117,7219,2025
2026-08-16 15:30:32,F,1265,281,7219,2025
2026-08-16 15:30:32,E,1068,277,7219,2025
2026-08-16 15:30:32,A,2379,846,7219,2025
2026-08-16 15:30:32,C,1544,504,7219,2025
2026-08-16 15:49:16,B,958,122,7032,2212
2026-08-16 15:49:16,F,1242,304,7032,2212
2026-08-16 15:49:16,E,1044,301,7032,2212
2026-08-16 15:49:16,A,2303,922,7032,2212
2026-08-16 15:49:16,C,1485,563,7032,2212
2026-08-16 16:30:31,B,950,130,6705,2539
2026-08-16 16:30:31,F,1224,322,6705,2539
2026-08-16 16:30:31,E,1000,345,6705,2539
2026-08-16 16:30:31,A,2115,1110,6705,2539
2026-08-16 16:30:31,C,1416,632,6705,2539
2026-08-16 17:05:34,B,959,121,6427,2817
2026-08-16 17:05:34,F,1193,353,6427,2817
2026-08-16 17:05:34,E,990,355,6427,2817
2026-08-16 17:05:34,A,1973,1252,6427,2817
2026-08-16 17:05:34,C,1312,736,6427,2817
2026-08-16 17:30:35,B,962,118,5905,3339
2026-08-16 17:30:35,F,1142,404,5905,3339
2026-08-16 17:30:35,E,885,460,5905,3339
2026-08-16 17:30:35,A,1729,1496,5905,3339
2026-08-16 17:30:35,C,1187,861,5905,3339
2026-08-16 17:50:16,B,957,123,5538,3706
2026-08-16 17:50:16,F,1064,482,5538,3706
2026-08-16 17:50:16,E,847,498,5538,3706
2026-08-16 17:50:16,A,1563,1662,5538,3706
2026-08-16 17:50:16,C,1107,941,5538,3706
2026-08-16 18:00:37,B,969,111,5286,3958
2026-08-16 18:00:37,F,1033,513,5286,3958
2026-08-16 18:00:37,E,810,535,5286,3958
2026-08-16 18:00:37,A,1428,1797,5286,3958
2026-08-16 18:00:37,C,1046,1002,5286,3958
2026-08-16 18:12:50,B,964,116,5053,4191
2026-08-16 18:12:50,F,992,554,5053,4191
2026-08-16 18:12:50,E,796,549,5053,4191
2026-08-16 18:12:50,A,1288,1937,5053,4191
2026-08-16 18:12:50,C,1013,1035,5053,4191
2026-08-16 18:30:33,B,962,118,4735,4509
2026-08-16 18:30:33,F,934,612,4735,4509
2026-08-16 18:30:33,E,750,595,4735,4509
2026-08-16 18:30:33,A,1140,2085,4735,4509
2026-08-16 18:30:33,C,949,1099,4735,4509
2026-08-16 18:51:59,B,919,161,4336,4908
2026-08-16 18:51:59,F,864,682,4336,4908
2026-08-16 18:51:59,E,712,633,4336,4908
2026-08-16 18:51:59,A,978,2247,4336,4908
2026-08-16 18:51:59,C,863,1185,4336,4908
2026-08-16 19:00:38,B,887,193,4113,5131
2026-08-16 19:00:38,F,830,716,4113,5131
2026-08-16 19:00:38,E,675,670,4113,5131
2026-08-16 19:00:38,A,927,2298,4113,5131
2026-08-16 19:00:38,C,794,1254,4113,5131
2026-08-16 19:13:59,B,851,229,3800,5444
2026-08-16 19:13:59,F,775,771,3800,5444
2026-08-16 19:13:59,E,616,729,3800,5444
2026-08-16 19:13:59,A,821,2404,3800,5444
2026-08-16 19:13:59,C,737,1311,3800,5444
2026-08-16 19:30:32,B,797,283,3309,5935
2026-08-16 19:30:32,F,684,862,3309,5935
2026-08-16 19:30:32,E,530,815,3309,5935
2026-08-16 19:30:32,A,681,2544,3309,5935
2026-08-16 19:30:32,C,617,1431,3309,5935
2026-08-16 20:00:37,B,610,470,2164,7080
2026-08-16 20:00:37,F,443,1103,2164,7080
2026-08-16 20:00:37,E,349,996,2164,7080
2026-08-16 20:00:37,A,377,2848,2164,7080
2026-08-16 20:00:37,C,385,1663,2164,7080
2026-08-16 20:09:24,B,581,499,1856,7388
2026-08-16 20:09:24,F,368,1178,1856,7388
2026-08-16 20:09:24,E,303,1042,1856,7388
2026-08-16 20:09:24,A,279,2946,1856,7388
2026-08-16 20:09:24,C,325,1723,1856,7388
2026-08-16 20:30:32,B,541,539,1595,7649
2026-08-16 20:30:32,F,301,1245,1595,7649
2026-08-16 20:30:32,E,254,1091,1595,7649
2026-08-16 20:30:32,A,220,3005,1595,7649
2026-08-16 20:30:32,C,279,1769,1595,7649
2026-08-16 20:44:23,B,518,562,1446,7798
2026-08-16 20:44:23,F,278,1268,1446,7798
2026-08-16 20:44:23,E,215,1130,1446,7798
2026-08-16 20:44:23,A,192,3033,1446,7798
2026-08-16 20:44:23,C,243,1805,1446,7798
2026-08-16 21:00:39,B,473,607,1316,7928
2026-08-16 21:00:39,F,251,1295,1316,7928
2026-08-16 21:00:39,E,196,1149,1316,7928
2026-08-16 21:00:39,A,173,3052,1316,7928
2026-08-16 21:00:39,C,223,1825,1316,7928
2026-08-16 21:08:29,B,470,610,1282,7962
2026-08-16 21:08:29,F,239,1307,1282,7962
2026-08-16 21:08:29,E,188,1157,1282,7962
2026-08-16 21:08:29,A,171,3054,1282,7962
2026-08-16 21:08:29,C,214,1834,1282,7962
2026-08-16 21:30:34,B,409,671,1093,8151
2026-08-16 21:30:34,F,217,1329,1093,8151
2026-08-16 21:30:34,E,161,1184,1093,8151
2026-08-16 21:30:34,A,125,3100,1093,8151
2026-08-16 21:30:34,C,181,1867,1093,8151
2026-08-16 21:40:31,B,407,673,1052,8192
2026-08-16 21:40:31,F,204,1342,1052,8192
2026-08-16 21:40:31,E,153,1192,1052,8192
2026-08-16 21:40:31,A,120,3105,1052,8192
2026-08-16 21:40:31,C,168,1880,1052,8192
2026-08-16 22:00:40,B,437,643,1005,8239
2026-08-16 22:00:40,F,184,1362,1005,8239
2026-08-16 22:00:40,E,133,1212,1005,8239
2026-08-16 22:00:40,A,109,3116,1005,8239
2026-08-16 22:00:40,C,142,1906,1005,8239
2026-08-16 22:30:35,B,353,727,810,8434
2026-08-16 22:30:35,F,156,1390,810,8434
2026-08-16 22:30:35,E,100,1245,810,8434
2026-08-16 22:30:35,A,85,3140,810,8434
2026-08-16 22:30:35,C,116,1932,810,8434
2026-08-16 23:00:38,B,344,736,787,8457
2026-08-16 23:00:38,F,157,1389,787,8457
2026-08-16 23:00:38,E,94,1251,787,8457
2026-08-16 23:00:38,A,82,3143,787,8457
2026-08-16 23:00:38,C,110,1938,787,8457
2026-08-16 23:05:30,B,343,737,783,8461
2026-08-16 23:05:30,F,156,1390,783,8461
2026-08-16 23:05:30,E,94,1251,783,8461
2026-08-16 23:05:30,A,82,3143,783,8461
2026-08-16 23:05:30,C,108,1940,783,8461
2026-08-16 23:30:33,B,328,752,746,8498
2026-08-16 23:30:33,F,153,1393,746,8498
2026-08-16 23:30:33,E,90,1255,746,8498
2026-08-16 23:30:33,A,72,3153,746,8498
2026-08-16 23:30:33,C,103,1945,746,8498
2026-08-16 23:49:14,B,268,812,661,8583
2026-08-16 23:49:14,F,145,1401,661,8583
2026-08-16 23:49:14,E,87,1258,661,8583
2026-08-16 23:49:14,A,67,3158,661,8583
2026-08-16 23:49:14,C,94,1954,661,8583
2026-08-17 00:00:38,B,248,832,626,8618
2026-08-17 00:00:38,F,140,1406,626,8618
2026-08-17 00:00:38,E,84,1261,626,8618
2026-08-17 00:00:38,A,63,3162,626,8618
2026-08-17 00:00:38,C,91,1957,626,8618
2026-08-17 00:09:49,B,238,842,617,8627
2026-08-17 00:09:49,F,141,1405,617,8627
2026-08-17 00:09:49,E,82,1263,617,8627
2026-08-17 00:09:49,A,67,3158,617,8627
2026-08-17 00:09:49,C,89,1959,617,8627
2026-08-17 00:30:32,B,159,921,574,8670
2026-08-17 00:30:32,F,143,1403,574,8670
2026-08-17 00:30:32,E,75,1270,574,8670
2026-08-17 00:30:32,A,95,3130,574,8670
2026-08-17 00:30:32,C,102,1946,574,8670
2026-08-17 00:43:38,B,163,917,592,8652
2026-08-17 00:43:38,F,144,1402,592,8652
2026-08-17 00:43:38,E,74,1271,592,8652
2026-08-17 00:43:38,A,101,3124,592,8652
2026-08-17 00:43:38,C,110,1938,592,8652
2026-08-17 01:00:38,B,140,940,638,8606
2026-08-17 01:00:38,F,151,1395,638,8606
2026-08-17 01:00:38,E,73,1272,638,8606
2026-08-17 01:00:38,A,162,3063,638,8606
2026-08-17 01:00:38,C,112,1936,638,8606
2026-08-17 01:08:29,B,123,957,593,8651
2026-08-17 01:08:29,F,149,1397,593,8651
2026-08-17 01:08:29,E,73,1272,593,8651
2026-08-17 01:08:29,A,141,3084,593,8651
2026-08-17 01:08:29,C,107,1941,593,8651
2026-08-17 01:30:33,B,65,1015,513,8731
2026-08-17 01:30:33,F,143,1403,513,8731
2026-08-17 01:30:33,E,73,1272,513,8731
2026-08-17 01:30:33,A,154,3071,513,8731
2026-08-17 01:30:33,C,78,1970,513,8731
2026-08-17 01:41:39,B,55,1025,513,8731
2026-08-17 01:41:39,F,143,1403,513,8731
2026-08-17 01:41:39,E,73,1272,513,8731
2026-08-17 01:41:39,A,166,3059,513,8731
2026-08-17 01:41:39,C,76,1972,513,8731
2026-08-17 02:00:39,B,55,1025,520,8724
2026-08-17 02:00:39,F,141,1405,520,8724
2026-08-17 02:00:39,E,73,1272,520,8724
2026-08-17 02:00:39,A,167,3058,520,8724
2026-08-17 02:00:39,C,84,1964,520,8724
2026-08-17 02:08:31,B,57,1023,513,8731
2026-08-17 02:08:31,F,141,1405,513,8731
2026-08-17 02:08:31,E,73,1272,513,8731
2026-08-17 02:08:31,A,152,3073,513,8731
2026-08-17 02:08:31,C,90,1958,513,8731
2026-08-17 02:30:34,B,56,1024,518,8726
2026-08-17 02:30:34,F,140,1406,518,8726
2026-08-17 02:30:34,E,70,1275,518,8726
2026-08-17 02:30:34,A,161,3064,518,8726
2026-08-17 02:30:34,C,91,1957,518,8726
2026-08-17 02:46:11,B,55,1025,531,8713
2026-08-17 02:46:11,F,141,1405,531,8713
2026-08-17 02:46:11,E,70,1275,531,8713
2026-08-17 02:46:11,A,170,3055,531,8713
2026-08-17 02:46:11,C,95,1953,531,8713
2026-08-17 03:00:39,B,51,1029,493,8751
2026-08-17 03:00:39,F,140,1406,493,8751
2026-08-17 03:00:39,E,70,1275,493,8751
2026-08-17 03:00:39,A,135,3090,493,8751
2026-08-17 03:00:39,C,97,1951,493,8751
2026-08-17 03:08:47,B,54,1026,514,8730
2026-08-17 03:08:47,F,138,1408,514,8730
2026-08-17 03:08:47,E,70,1275,514,8730
2026-08-17 03:08:47,A,139,3086,514,8730
2026-08-17 03:08:47,C,113,1935,514,8730
2026-08-17 03:30:33,B,66,1014,544,8700
2026-08-17 03:30:33,F,140,1406,544,8700
2026-08-17 03:30:33,E,70,1275,544,8700
2026-08-17 03:30:33,A,169,3056,544,8700
2026-08-17 03:30:33,C,99,1949,544,8700
2026-08-17 03:39:46,B,69,1011,575,8669
2026-08-17 03:39:46,F,140,1406,575,8669
2026-08-17 03:39:46,E,70,1275,575,8669
2026-08-17 03:39:46,A,194,3031,575,8669
2026-08-17 03:39:46,C,102,1946,575,8669
2026-08-17 04:00:38,B,54,1026,554,8690
2026-08-17 04:00:38,F,142,1404,554,8690
2026-08-17 04:00:38,E,70,1275,554,8690
2026-08-17 04:00:38,A,187,3038,554,8690
2026-08-17 04:00:38,C,101,1947,554,8690
2026-08-17 04:09:12,B,60,1020,535,8709
2026-08-17 04:09:12,F,141,1405,535,8709
2026-08-17 04:09:12,E,70,1275,535,8709
2026-08-17 04:09:12,A,171,3054,535,8709
2026-08-17 04:09:12,C,93,1955,535,8709
2026-08-17 04:30:34,B,53,1027,555,8689
2026-08-17 04:30:34,F,148,1398,555,8689
2026-08-17 04:30:34,E,67,1278,555,8689
2026-08-17 04:30:34,A,178,3047,555,8689
2026-08-17 04:30:34,C,109,1939,555,8689
2026-08-17 04:51:13,B,55,1025,541,8703
2026-08-17 04:51:13,F,143,1403,541,8703
2026-08-17 04:51:13,E,68,1277,541,8703
2026-08-17 04:51:13,A,179,3046,541,8703
2026-08-17 04:51:13,C,96,1952,541,8703
2026-08-17 05:00:36,B,50,1030,530,8714
2026-08-17 05:00:36,F,142,1404,530,8714
2026-08-17 05:00:36,E,68,1277,530,8714
2026-08-17 05:00:36,A,174,3051,530,8714
2026-08-17 05:00:36,C,96,1952,530,8714
2026-08-17 05:10:55,B,52,1028,529,8715
2026-08-17 05:10:55,F,144,1402,529,8715
2026-08-17 05:10:55,E,69,1276,529,8715
2026-08-17 05:10:55,A,171,3054,529,8715
2026-08-17 05:10:55,C,93,1955,529,8715
2026-08-17 05:30:34,B,49,1031,512,8732
2026-08-17 05:30:34,F,143,1403,512,8732
2026-08-17 05:30:34,E,70,1275,512,8732
2026-08-17 05:30:34,A,163,3062,512,8732
2026-08-17 05:30:34,C,87,1961,512,8732
2026-08-17 05:39:44,B,49,1031,522,8722
2026-08-17 05:39:44,F,148,1398,522,8722
2026-08-17 05:39:44,E,71,1274,522,8722
2026-08-17 05:39:44,A,159,3066,522,8722
2026-08-17 05:39:44,C,95,1953,522,8722
2026-08-17 06:00:38,B,47,1033,568,8676
2026-08-17 06:00:38,F,173,1373,568,8676
2026-08-17 06:00:38,E,86,1259,568,8676
2026-08-17 06:00:38,A,160,3065,568,8676
2026-08-17 06:00:38,C,102,1946,568,8676
2026-08-17 06:05:50,B,48,1032,578,8666
2026-08-17 06:05:50,F,173,1373,578,8666
2026-08-17 06:05:50,E,97,1248,578,8666
2026-08-17 06:05:50,A,152,3073,578,8666
2026-08-17 06:05:50,C,108,1940,578,8666
2026-08-17 06:30:31,B,48,1032,613,8631
2026-08-17 06:30:31,F,184,1362,613,8631
2026-08-17 06:30:31,E,117,1228,613,8631
2026-08-17 06:30:31,A,135,3090,613,8631
2026-08-17 06:30:31,C,129,1919,613,8631
2026-08-17 06:43:13,B,55,1025,659,8585
2026-08-17 06:43:13,F,191,1355,659,8585
2026-08-17 06:43:13,E,128,1217,659,8585
2026-08-17 06:43:13,A,139,3086,659,8585
2026-08-17 06:43:13,C,146,1902,659,8585
2026-08-17 07:07:22,B,51,1029,829,8415
2026-08-17 07:07:22,F,244,1302,829,8415
2026-08-17 07:07:22,E,149,1196,829,8415
2026-08-17 07:07:22,A,157,3068,829,8415
2026-08-17 07:07:22,C,228,1820,829,8415
2026-08-17 07:39:47,B,52,1028,1008,8236
2026-08-17 07:39:47,F,287,1259,1008,8236
2026-08-17 07:39:47,E,165,1180,1008,8236
2026-08-17 07:39:47,A,182,3043,1008,8236
2026-08-17 07:39:47,C,322,1726,1008,8236
2026-08-17 08:00:40,B,59,1021,1264,7980
2026-08-17 08:00:40,F,333,1213,1264,7980
2026-08-17 08:00:40,E,221,1124,1264,7980
2026-08-17 08:00:40,A,198,3027,1264,7980
2026-08-17 08:00:40,C,453,1595,1264,7980
2026-08-17 08:05:45,B,55,1025,1321,7923
2026-08-17 08:05:45,F,345,1201,1321,7923
2026-08-17 08:05:45,E,233,1112,1321,7923
2026-08-17 08:05:45,A,199,3026,1321,7923
2026-08-17 08:05:45,C,489,1559,1321,7923
2026-08-17 08:42:33,B,57,1023,1899,7345
2026-08-17 08:42:33,F,480,1066,1899,7345
2026-08-17 08:42:33,E,354,991,1899,7345
2026-08-17 08:42:33,A,304,2921,1899,7345
2026-08-17 08:42:33,C,704,1344,1899,7345
2026-08-17 09:00:38,B,111,969,2402,6842
2026-08-17 09:00:38,F,623,923,2402,6842
2026-08-17 09:00:38,E,445,900,2402,6842
2026-08-17 09:00:38,A,385,2840,2402,6842
2026-08-17 09:00:38,C,838,1210,2402,6842
2026-08-17 09:07:03,B,142,938,2621,6623
2026-08-17 09:07:03,F,678,868,2621,6623
2026-08-17 09:07:03,E,490,855,2621,6623
2026-08-17 09:07:03,A,427,2798,2621,6623
2026-08-17 09:07:03,C,884,1164,2621,6623
2026-08-17 09:30:35,B,242,838,3330,5914
2026-08-17 09:30:35,F,864,682,3330,5914
2026-08-17 09:30:35,E,616,729,3330,5914
2026-08-17 09:30:35,A,578,2647,3330,5914
2026-08-17 09:30:35,C,1030,1018,3330,5914
2026-08-17 09:39:38,B,287,793,3581,5663
2026-08-17 09:39:38,F,929,617,3581,5663
2026-08-17 09:39:38,E,638,707,3581,5663
2026-08-17 09:39:38,A,638,2587,3581,5663
2026-08-17 09:39:38,C,1089,959,3581,5663
2026-08-17 10:00:42,B,385,695,4060,5184
2026-08-17 10:00:42,F,1045,501,4060,5184
2026-08-17 10:00:42,E,715,630,4060,5184
2026-08-17 10:00:42,A,748,2477,4060,5184
2026-08-17 10:00:42,C,1167,881,4060,5184
2026-08-17 10:26:07,B,517,563,4561,4683
2026-08-17 10:26:07,F,1132,414,4561,4683
2026-08-17 10:26:07,E,781,564,4561,4683
2026-08-17 10:26:07,A,883,2342,4561,4683
2026-08-17 10:26:07,C,1248,800,4561,4683
2026-08-17 10:30:33,B,535,545,4628,4616
2026-08-17 10:30:33,F,1143,403,4628,4616
2026-08-17 10:30:33,E,790,555,4628,4616
2026-08-17 10:30:33,A,910,2315,4628,4616
2026-08-17 10:30:33,C,1250,798,4628,4616
2026-08-17 11:30:34,B,685,395,5371,3873
2026-08-17 11:30:34,F,1234,312,5371,3873
2026-08-17 11:30:34,E,909,436,5371,3873
2026-08-17 11:30:34,A,1182,2043,5371,3873
2026-08-17 11:30:34,C,1361,687,5371,3873
2026-08-17 11:59:06,B,769,311,5738,3506
2026-08-17 11:59:06,F,1313,233,5738,3506
2026-08-17 11:59:06,E,963,382,5738,3506
2026-08-17 11:59:06,A,1297,1928,5738,3506
2026-08-17 11:59:06,C,1396,652,5738,3506
2026-08-17 12:00:38,B,771,309,5750,3494
2026-08-17 12:00:38,F,1315,231,5750,3494
2026-08-17 12:00:38,E,968,377,5750,3494
2026-08-17 12:00:38,A,1299,1926,5750,3494
2026-08-17 12:00:38,C,1397,651,5750,3494
2026-08-17 12:30:33,B,820,260,5955,3289
2026-08-17 12:30:33,F,1314,232,5955,3289
2026-08-17 12:30:33,E,1013,332,5955,3289
2026-08-17 12:30:33,A,1384,1841,5955,3289
2026-08-17 12:30:33,C,1424,624,5955,3289
2026-08-17 13:30:35,B,828,252,6012,3232
2026-08-17 13:30:35,F,1306,240,6012,3232
2026-08-17 13:30:35,E,1017,328,6012,3232
2026-08-17 13:30:35,A,1407,1818,6012,3232
2026-08-17 13:30:35,C,1454,594,6012,3232
2026-08-17 13:41:42,B,823,257,5984,3260
2026-08-17 13:41:42,F,1309,237,5984,3260
2026-08-17 13:41:42,E,1008,337,5984,3260
2026-08-17 13:41:42,A,1380,1845,5984,3260
2026-08-17 13:41:42,C,1464,584,5984,3260
2026-08-17 14:00:40,B,819,261,5908,3336
2026-08-17 14:00:40,F,1295,251,5908,3336
2026-08-17 14:00:40,E,995,350,5908,3336
2026-08-17 14:00:40,A,1341,1884,5908,3336
2026-08-17 14:00:40,C,1458,590,5908,3336
2026-08-17 14:30:33,B,750,330,5689,3555
2026-08-17 14:30:33,F,1274,272,5689,3555
2026-08-17 14:30:33,E,958,387,5689,3555
2026-08-17 14:30:33,A,1282,1943,5689,3555
2026-08-17 14:30:33,C,1425,623,5689,3555
2026-08-17 15:06:11,B,694,386,5379,3865
2026-08-17 15:06:11,F,1247,299,5379,3865
2026-08-17 15:06:11,E,878,467,5379,3865
2026-08-17 15:06:11,A,1192,2033,5379,3865
2026-08-17 15:06:11,C,1368,680,5379,3865
2026-08-17 15:30:33,B,635,445,5003,4241
2026-08-17 15:30:33,F,1195,351,5003,4241
2026-08-17 15:30:33,E,809,536,5003,4241
2026-08-17 15:30:33,A,1074,2151,5003,4241
2026-08-17 15:30:33,C,1290,758,5003,4241
2026-08-17 15:55:47,B,615,465,4808,4436
2026-08-17 15:55:47,F,1152,394,4808,4436
2026-08-17 15:55:47,E,818,527,4808,4436
2026-08-17 15:55:47,A,979,2246,4808,4436
2026-08-17 15:55:47,C,1244,804,4808,4436
2026-08-17 16:00:38,B,615,465,4766,4478
2026-08-17 16:00:38,F,1147,399,4766,4478
2026-08-17 16:00:38,E,816,529,4766,4478
2026-08-17 16:00:38,A,951,2274,4766,4478
2026-08-17 16:00:38,C,1237,811,4766,4478
2026-08-17 16:27:18,B,620,460,4445,4799
2026-08-17 16:27:18,F,1052,494,4445,4799
2026-08-17 16:27:18,E,801,544,4445,4799
2026-08-17 16:27:18,A,862,2363,4445,4799
2026-08-17 16:27:18,C,1110,938,4445,4799
2026-08-17 16:30:33,B,622,458,4405,4839
2026-08-17 16:30:33,F,1052,494,4405,4839
2026-08-17 16:30:33,E,788,557,4405,4839
2026-08-17 16:30:33,A,856,2369,4405,4839
2026-08-17 16:30:33,C,1087,961,4405,4839
2026-08-17 17:00:40,B,584,496,3905,5339
2026-08-17 17:00:40,F,942,604,3905,5339
2026-08-17 17:00:40,E,694,651,3905,5339
2026-08-17 17:00:40,A,738,2487,3905,5339
2026-08-17 17:00:40,C,947,1101,3905,5339
2026-08-17 17:29:42,B,510,570,3120,6124
2026-08-17 17:29:42,F,776,770,3120,6124
2026-08-17 17:29:42,E,572,773,3120,6124
2026-08-17 17:29:42,A,547,2678,3120,6124
2026-08-17 17:29:42,C,715,1333,3120,6124
2026-08-17 17:30:34,B,508,572,3104,6140
2026-08-17 17:30:34,F,763,783,3104,6140
2026-08-17 17:30:34,E,576,769,3104,6140
2026-08-17 17:30:34,A,546,2679,3104,6140
2026-08-17 17:30:34,C,711,1337,3104,6140
2026-08-17 18:00:41,B,438,642,2172,7072
2026-08-17 18:00:41,F,464,1082,2172,7072
2026-08-17 18:00:41,E,439,906,2172,7072
2026-08-17 18:00:41,A,332,2893,2172,7072
2026-08-17 18:00:41,C,499,1549,2172,7072
2026-08-17 19:00:39,B,427,653,1557,7687
2026-08-17 19:00:39,F,332,1214,1557,7687
2026-08-17 19:00:39,E,352,993,1557,7687
2026-08-17 19:00:39,A,140,3085,1557,7687
2026-08-17 19:00:39,C,306,1742,1557,7687
2026-08-17 19:04:35,B,424,656,1543,7701
2026-08-17 19:04:35,F,331,1215,1543,7701
2026-08-17 19:04:35,E,356,989,1543,7701
2026-08-17 19:04:35,A,137,3088,1543,7701
2026-08-17 19:04:35,C,295,1753,1543,7701
2026-08-17 19:30:35,B,419,661,1393,7851
2026-08-17 19:30:35,F,306,1240,1393,7851
2026-08-17 19:30:35,E,313,1032,1393,7851
2026-08-17 19:30:35,A,119,3106,1393,7851
2026-08-17 19:30:35,C,236,1812,1393,7851
2026-08-17 20:00:38,B,390,690,1256,7988
2026-08-17 20:00:38,F,293,1253,1256,7988
2026-08-17 20:00:38,E,261,1084,1256,7988
2026-08-17 20:00:38,A,109,3116,1256,7988
2026-08-17 20:00:38,C,203,1845,1256,7988
2026-08-17 20:01:53,B,392,688,1258,7986
2026-08-17 20:01:53,F,291,1255,1258,7986
2026-08-17 20:01:53,E,262,1083,1258,7986
2026-08-17 20:01:53,A,109,3116,1258,7986
2026-08-17 20:01:53,C,204,1844,1258,7986
2026-08-17 20:30:35,B,357,723,1114,8130
2026-08-17 20:30:35,F,266,1280,1114,8130
2026-08-17 20:30:35,E,210,1135,1114,8130
2026-08-17 20:30:35,A,98,3127,1114,8130
2026-08-17 20:30:35,C,183,1865,1114,8130
2026-08-17 20:52:29,B,330,750,1000,8244
2026-08-17 20:52:29,F,245,1301,1000,8244
2026-08-17 20:52:29,E,164,1181,1000,8244
2026-08-17 20:52:29,A,94,3131,1000,8244
2026-08-17 20:52:29,C,167,1881,1000,8244
2026-08-17 21:00:38,B,326,754,963,8281
2026-08-17 21:00:38,F,227,1319,963,8281
2026-08-17 21:00:38,E,156,1189,963,8281
2026-08-17 21:00:38,A,91,3134,963,8281
2026-08-17 21:00:38,C,163,1885,963,8281
2026-08-17 21:13:07,B,292,788,899,8345
2026-08-17 21:13:07,F,214,1332,899,8345
2026-08-17 21:13:07,E,147,1198,899,8345
2026-08-17 21:13:07,A,90,3135,899,8345
2026-08-17 21:13:07,C,156,1892,899,8345
2026-08-17 21:30:33,B,257,823,793,8451
2026-08-17 21:30:33,F,196,1350,793,8451
2026-08-17 21:30:33,E,119,1226,793,8451
2026-08-17 21:30:33,A,81,3144,793,8451
2026-08-17 21:30:33,C,140,1908,793,8451
2026-08-17 21:46:03,B,256,824,743,8501
2026-08-17 21:46:03,F,183,1363,743,8501
2026-08-17 21:46:03,E,98,1247,743,8501
2026-08-17 21:46:03,A,79,3146,743,8501
2026-08-17 21:46:03,C,127,1921,743,8501
2026-08-17 22:00:40,B,240,840,684,8560
2026-08-17 22:00:40,F,169,1377,684,8560
2026-08-17 22:00:40,E,89,1256,684,8560
2026-08-17 22:00:40,A,72,3153,684,8560
2026-08-17 22:00:40,C,114,1934,684,8560
2026-08-17 22:15:01,B,222,858,639,8605
2026-08-17 22:15:01,F,163,1383,639,8605
2026-08-17 22:15:01,E,81,1264,639,8605
2026-08-17 22:15:01,A,70,3155,639,8605
2026-08-17 22:15:01,C,103,1945,639,8605
2026-08-17 22:30:33,B,210,870,610,8634
2026-08-17 22:30:33,F,160,1386,610,8634
2026-08-17 22:30:33,E,80,1265,610,8634
2026-08-17 22:30:33,A,65,3160,610,8634
2026-08-17 22:30:33,C,95,1953,610,8634
2026-08-17 23:11:56,B,184,896,551,8693
2026-08-17 23:11:56,F,150,1396,551,8693
2026-08-17 23:11:56,E,70,1275,551,8693
2026-08-17 23:11:56,A,61,3164,551,8693
2026-08-17 23:11:56,C,86,1962,551,8693
2026-08-17 23:30:36,B,170,910,529,8715
2026-08-17 23:30:36,F,148,1398,529,8715
2026-08-17 23:30:36,E,68,1277,529,8715
2026-08-17 23:30:36,A,60,3165,529,8715
2026-08-17 23:30:36,C,83,1965,529,8715
2026-08-17 23:57:22,B,153,927,510,8734
2026-08-17 23:57:22,F,145,1401,510,8734
2026-08-17 23:57:22,E,67,1278,510,8734
2026-08-17 23:57:22,A,58,3167,510,8734
2026-08-17 23:57:22,C,87,1961,510,8734
2026-08-18 00:00:41,B,152,928,509,8735
2026-08-18 00:00:41,F,145,1401,509,8735
2026-08-18 00:00:41,E,67,1278,509,8735
2026-08-18 00:00:41,A,58,3167,509,8735
2026-08-18 00:00:41,C,87,1961,509,8735
2026-08-18 00:19:48,B,106,974,451,8793
2026-08-18 00:19:48,F,143,1403,451,8793
2026-08-18 00:19:48,E,64,1281,451,8793
2026-08-18 00:19:48,A,58,3167,451,8793
2026-08-18 00:19:48,C,80,1968,451,8793
2026-08-18 00:30:35,B,100,980,443,8801
2026-08-18 00:30:35,F,146,1400,443,8801
2026-08-18 00:30:35,E,64,1281,443,8801
2026-08-18 00:30:35,A,54,3171,443,8801
2026-08-18 00:30:35,C,79,1969,443,8801
2026-08-18 00:49:47,B,83,997,420,8824
2026-08-18 00:49:47,F,143,1403,420,8824
2026-08-18 00:49:47,E,62,1283,420,8824
2026-08-18 00:49:47,A,57,3168,420,8824
2026-08-18 00:49:47,C,75,1973,420,8824
2026-08-18 01:00:42,B,58,1022,388,8856
2026-08-18 01:00:42,F,141,1405,388,8856
2026-08-18 01:00:42,E,61,1284,388,8856
2026-08-18 01:00:42,A,56,3169,388,8856
2026-08-18 01:00:42,C,72,1976,388,8856
2026-08-18 01:12:23,B,54,1026,386,8858
2026-08-18 01:12:23,F,141,1405,386,8858
2026-08-18 01:12:23,E,61,1284,386,8858
2026-08-18 01:12:23,A,58,3167,386,8858
2026-08-18 01:12:23,C,72,1976,386,8858
2026-08-18 01:45:37,B,47,1033,376,8868
2026-08-18 01:45:37,F,139,1407,376,8868
2026-08-18 01:45:37,E,61,1284,376,8868
2026-08-18 01:45:37,A,57,3168,376,8868
2026-08-18 01:45:37,C,72,1976,376,8868
2026-08-18 02:00:41,B,47,1033,375,8869
2026-08-18 02:00:41,F,139,1407,375,8869
2026-08-18 02:00:41,E,61,1284,375,8869
2026-08-18 02:00:41,A,57,3168,375,8869
2026-08-18 02:00:41,C,71,1977,375,8869
2026-08-18 02:10:59,B,44,1036,375,8869
2026-08-18 02:10:59,F,140,1406,375,8869
2026-08-18 02:10:59,E,61,1284,375,8869
2026-08-18 02:10:59,A,57,3168,375,8869
2026-08-18 02:10:59,C,73,1975,375,8869
2026-08-18 02:50:38,B,44,1036,373,8871
2026-08-18 02:50:38,F,138,1408,373,8871
2026-08-18 02:50:38,E,61,1284,373,8871
2026-08-18 02:50:38,A,56,3169,373,8871
2026-08-18 02:50:38,C,74,1974,373,8871
2026-08-18 03:00:41,B,44,1036,373,8871
2026-08-18 03:00:41,F,137,1409,373,8871
2026-08-18 03:00:41,E,61,1284,373,8871
2026-08-18 03:00:41,A,56,3169,373,8871
2026-08-18 03:00:41,C,75,1973,373,8871
2026-08-18 03:14:28,B,46,1034,375,8869
2026-08-18 03:14:28,F,136,1410,375,8869
2026-08-18 03:14:28,E,62,1283,375,8869
2026-08-18 03:14:28,A,55,3170,375,8869
2026-08-18 03:14:28,C,76,1972,375,8869
2026-08-18 03:30:35,B,44,1036,373,8871
2026-08-18 03:30:35,F,138,1408,373,8871
2026-08-18 03:30:35,E,60,1285,373,8871
2026-08-18 03:30:35,A,55,3170,373,8871
2026-08-18 03:30:35,C,76,1972,373,8871
2026-08-18 03:50:11,B,44,1036,369,8875
2026-08-18 03:50:11,F,136,1410,369,8875
2026-08-18 03:50:11,E,59,1286,369,8875
2026-08-18 03:50:11,A,54,3171,369,8875
2026-08-18 03:50:11,C,76,1972,369,8875
2026-08-18 04:18:13,B,45,1035,368,8876
2026-08-18 04:18:13,F,136,1410,368,8876
2026-08-18 04:18:13,E,56,1289,368,8876
2026-08-18 04:18:13,A,54,3171,368,8876
2026-08-18 04:18:13,C,77,1971,368,8876
2026-08-18 05:00:42,B,44,1036,372,8872
2026-08-18 05:00:42,F,139,1407,372,8872
2026-08-18 05:00:42,E,58,1287,372,8872
2026-08-18 05:00:42,A,54,3171,372,8872
2026-08-18 05:00:42,C,77,1971,372,8872
2026-08-18 05:04:19,B,44,1036,372,8872
2026-08-18 05:04:19,F,139,1407,372,8872
2026-08-18 05:04:19,E,58,1287,372,8872
2026-08-18 05:04:19,A,54,3171,372,8872
2026-08-18 05:04:19,C,77,1971,372,8872
2026-08-18 05:47:12,B,45,1035,430,8814
2026-08-18 05:47:12,F,159,1387,430,8814
2026-08-18 05:47:12,E,75,1270,430,8814
2026-08-18 05:47:12,A,63,3162,430,8814
2026-08-18 05:47:12,C,88,1960,430,8814
2026-08-18 06:00:41,B,45,1035,480,8764
2026-08-18 06:00:41,F,180,1366,480,8764
2026-08-18 06:00:41,E,82,1263,480,8764
2026-08-18 06:00:41,A,71,3154,480,8764
2026-08-18 06:00:41,C,102,1946,480,8764
2026-08-18 06:11:19,B,45,1035,515,8729
2026-08-18 06:11:19,F,185,1361,515,8729
2026-08-18 06:11:19,E,91,1254,515,8729
2026-08-18 06:11:19,A,79,3146,515,8729
2026-08-18 06:11:19,C,115,1933,515,8729
2026-08-18 06:30:34,B,44,1036,567,8677
2026-08-18 06:30:34,F,201,1345,567,8677
2026-08-18 06:30:34,E,107,1238,567,8677
2026-08-18 06:30:34,A,82,3143,567,8677
2026-08-18 06:30:34,C,133,1915,567,8677
2026-08-18 06:48:45,B,43,1037,639,8605
2026-08-18 06:48:45,F,221,1325,639,8605
2026-08-18 06:48:45,E,116,1229,639,8605
2026-08-18 06:48:45,A,95,3130,639,8605
2026-08-18 06:48:45,C,164,1884,639,8605
2026-08-18 07:00:40,B,43,1037,745,8499
2026-08-18 07:00:40,F,248,1298,745,8499
2026-08-18 07:00:40,E,123,1222,745,8499
2026-08-18 07:00:40,A,114,3111,745,8499
2026-08-18 07:00:40,C,217,1831,745,8499
2026-08-18 07:13:22,B,44,1036,827,8417
2026-08-18 07:13:22,F,272,1274,827,8417
2026-08-18 07:13:22,E,135,1210,827,8417
2026-08-18 07:13:22,A,121,3104,827,8417
2026-08-18 07:13:22,C,255,1793,827,8417
2026-08-18 07:30:34,B,44,1036,926,8318
2026-08-18 07:30:34,F,292,1254,926,8318
2026-08-18 07:30:34,E,152,1193,926,8318
2026-08-18 07:30:34,A,135,3090,926,8318
2026-08-18 07:30:34,C,303,1745,926,8318
2026-08-18 08:00:43,B,45,1035,1249,7995
2026-08-18 08:00:43,F,361,1185,1249,7995
2026-08-18 08:00:43,E,207,1138,1249,7995
2026-08-18 08:00:43,A,186,3039,1249,7995
2026-08-18 08:00:43,C,450,1598,1249,7995
2026-08-18 08:09:49,B,44,1036,1366,7878
2026-08-18 08:09:49,F,381,1165,1366,7878
2026-08-18 08:09:49,E,224,1121,1366,7878
2026-08-18 08:09:49,A,208,3017,1366,7878
2026-08-18 08:09:49,C,509,1539,1366,7878
2026-08-18 08:45:54,B,60,1020,2019,7225
2026-08-18 08:45:54,F,528,1018,2019,7225
2026-08-18 08:45:54,E,355,990,2019,7225
2026-08-18 08:45:54,A,312,2913,2019,7225
2026-08-18 08:45:54,C,764,1284,2019,7225
2026-08-18 09:00:41,B,115,965,2480,6764
2026-08-18 09:00:41,F,638,908,2480,6764
2026-08-18 09:00:41,E,434,911,2480,6764
2026-08-18 09:00:41,A,407,2818,2480,6764
2026-08-18 09:00:41,C,886,1162,2480,6764
2026-08-18 09:10:18,B,154,926,2768,6476
2026-08-18 09:10:18,F,702,844,2768,6476
2026-08-18 09:10:18,E,506,839,2768,6476
2026-08-18 09:10:18,A,450,2775,2768,6476
2026-08-18 09:10:18,C,956,1092,2768,6476
2026-08-18 09:30:35,B,203,877,3135,6109
2026-08-18 09:30:35,F,792,754,3135,6109
2026-08-18 09:30:35,E,578,767,3135,6109
2026-08-18 09:30:35,A,548,2677,3135,6109
2026-08-18 09:30:35,C,1014,1034,3135,6109
2026-08-18 09:42:07,B,243,837,3314,5930
2026-08-18 09:42:07,F,837,709,3314,5930
2026-08-18 09:42:07,E,602,743,3314,5930
2026-08-18 09:42:07,A,589,2636,3314,5930
2026-08-18 09:42:07,C,1043,1005,3314,5930
2026-08-18 10:00:40,B,369,711,4111,5133
2026-08-18 10:00:40,F,993,553,4111,5133
2026-08-18 10:00:40,E,724,621,4111,5133
2026-08-18 10:00:40,A,814,2411,4111,5133
2026-08-18 10:00:40,C,1211,837,4111,5133
2026-08-18 10:25:45,B,461,619,4427,4817
2026-08-18 10:25:45,F,1043,503,4427,4817
2026-08-18 10:25:45,E,758,587,4427,4817
2026-08-18 10:25:45,A,909,2316,4427,4817
2026-08-18 10:25:45,C,1256,792,4427,4817
2026-08-18 10:30:33,B,474,606,4502,4742
2026-08-18 10:30:33,F,1055,491,4502,4742
2026-08-18 10:30:33,E,767,578,4502,4742
2026-08-18 10:30:33,A,942,2283,4502,4742
2026-08-18 10:30:33,C,1264,784,4502,4742
2026-08-18 11:00:39,B,583,497,5007,4237
2026-08-18 11:00:39,F,1166,380,5007,4237
2026-08-18 11:00:39,E,838,507,5007,4237
2026-08-18 11:00:39,A,1099,2126,5007,4237
2026-08-18 11:00:39,C,1321,727,5007,4237
2026-08-18 11:30:35,B,661,419,5328,3916
2026-08-18 11:30:35,F,1202,344,5328,3916
2026-08-18 11:30:35,E,900,445,5328,3916
2026-08-18 11:30:35,A,1190,2035,5328,3916
2026-08-18 11:30:35,C,1375,673,5328,3916
2026-08-18 11:55:14,B,724,356,5548,3696
2026-08-18 11:55:14,F,1224,322,5548,3696
2026-08-18 11:55:14,E,920,425,5548,3696
2026-08-18 11:55:14,A,1260,1965,5548,3696
2026-08-18 11:55:14,C,1420,628,5548,3696
2026-08-18 12:30:33,B,763,317,5738,3506
2026-08-18 12:30:33,F,1239,307,5738,3506
2026-08-18 12:30:33,E,937,408,5738,3506
2026-08-18 12:30:33,A,1349,1876,5738,3506
2026-08-18 12:30:33,C,1450,598,5738,3506
2026-08-18 12:44:40,B,772,308,5777,3467
2026-08-18 12:44:40,F,1237,309,5777,3467
2026-08-18 12:44:40,E,957,388,5777,3467
2026-08-18 12:44:40,A,1351,1874,5777,3467
2026-08-18 12:44:40,C,1460,588,5777,3467
2026-08-18 13:30:35,B,773,307,5814,3430
2026-08-18 13:30:35,F,1239,307,5814,3430
2026-08-18 13:30:35,E,969,376,5814,3430
2026-08-18 13:30:35,A,1344,1881,5814,3430
2026-08-18 13:30:35,C,1489,559,5814,3430
2026-08-18 14:00:41,B,768,312,5776,3468
2026-08-18 14:00:41,F,1233,313,5776,3468
2026-08-18 14:00:41,E,946,399,5776,3468
2026-08-18 14:00:41,A,1364,1861,5776,3468
2026-08-18 14:00:41,C,1465,583,5776,3468
2026-08-18 14:22:03,B,761,319,5749,3495
2026-08-18 14:22:03,F,1221,325,5749,3495
2026-08-18 14:22:03,E,938,407,5749,3495
2026-08-18 14:22:03,A,1355,1870,5749,3495
2026-08-18 14:22:03,C,1474,574,5749,3495
2026-08-18 14:57:31,B,743,337,5629,3615
2026-08-18 14:57:31,F,1194,352,5629,3615
2026-08-18 14:57:31,E,933,412,5629,3615
2026-08-18 14:57:31,A,1325,1900,5629,3615
2026-08-18 14:57:31,C,1434,614,5629,3615
2026-08-18 15:21:44,B,691,389,5362,3882
2026-08-18 15:21:44,F,1160,386,5362,3882
2026-08-18 15:21:44,E,867,478,5362,3882
2026-08-18 15:21:44,A,1267,1958,5362,3882
2026-08-18 15:21:44,C,1377,671,5362,3882
2026-08-18 15:30:34,B,663,417,5238,4006
2026-08-18 15:30:34,F,1154,392,5238,4006
2026-08-18 15:30:34,E,846,499,5238,4006
2026-08-18 15:30:34,A,1236,1989,5238,4006
2026-08-18 15:30:34,C,1339,709,5238,4006
2026-08-18 16:00:41,B,627,453,4832,4412
2026-08-18 16:00:41,F,1070,476,4832,4412
2026-08-18 16:00:41,E,824,521,4832,4412
2026-08-18 16:00:41,A,1077,2148,4832,4412
2026-08-18 16:00:41,C,1234,814,4832,4412
2026-08-18 16:19:07,B,613,467,4544,4700
2026-08-18 16:19:07,F,1010,536,4544,4700
2026-08-18 16:19:07,E,806,539,4544,4700
2026-08-18 16:19:07,A,954,2271,4544,4700
2026-08-18 16:19:07,C,1161,887,4544,4700
2026-08-18 16:30:34,B,624,456,4385,4859
2026-08-18 16:30:34,F,972,574,4385,4859
2026-08-18 16:30:34,E,780,565,4385,4859
2026-08-18 16:30:34,A,888,2337,4385,4859
2026-08-18 16:30:34,C,1121,927,4385,4859
2026-08-18 17:00:39,B,618,462,3902,5342
2026-08-18 17:00:39,F,869,677,3902,5342
2026-08-18 17:00:39,E,693,652,3902,5342
2026-08-18 17:00:39,A,763,2462,3902,5342
2026-08-18 17:00:39,C,959,1089,3902,5342
2026-08-18 17:10:48,B,609,471,3659,5585
2026-08-18 17:10:48,F,817,729,3659,5585
2026-08-18 17:10:48,E,647,698,3659,5585
2026-08-18 17:10:48,A,699,2526,3659,5585
2026-08-18 17:10:48,C,887,1161,3659,5585
2026-08-18 17:30:33,B,579,501,3131,6113
2026-08-18 17:30:33,F,693,853,3131,6113
2026-08-18 17:30:33,E,576,769,3131,6113
2026-08-18 17:30:33,A,578,2647,3131,6113
2026-08-18 17:30:33,C,705,1343,3131,6113
2026-08-18 17:58:47,B,507,573,2287,6957
2026-08-18 17:58:47,F,500,1046,2287,6957
2026-08-18 17:58:47,E,438,907,2287,6957
2026-08-18 17:58:47,A,345,2880,2287,6957
2026-08-18 17:58:47,C,497,1551,2287,6957
2026-08-18 18:00:42,B,497,583,2238,7006
2026-08-18 18:00:42,F,486,1060,2238,7006
2026-08-18 18:00:42,E,429,916,2238,7006
2026-08-18 18:00:42,A,335,2890,2238,7006
2026-08-18 18:00:42,C,491,1557,2238,7006
2026-08-18 18:30:34,B,528,552,1850,7394
2026-08-18 18:30:34,F,392,1154,1850,7394
2026-08-18 18:30:34,E,371,974,1850,7394
2026-08-18 18:30:34,A,190,3035,1850,7394
2026-08-18 18:30:34,C,369,1679,1850,7394
2026-08-18 18:31:36,B,532,548,1848,7396
2026-08-18 18:31:36,F,391,1155,1848,7396
2026-08-18 18:31:36,E,371,974,1848,7396
2026-08-18 18:31:36,A,187,3038,1848,7396
2026-08-18 18:31:36,C,367,1681,1848,7396
2026-08-18 19:00:42,B,595,485,1782,7462
2026-08-18 19:00:42,F,366,1180,1782,7462
2026-08-18 19:00:42,E,329,1016,1782,7462
2026-08-18 19:00:42,A,156,3069,1782,7462
2026-08-18 19:00:42,C,336,1712,1782,7462
2026-08-18 19:18:36,B,620,460,1716,7528
2026-08-18 19:18:36,F,354,1192,1716,7528
2026-08-18 19:18:36,E,298,1047,1716,7528
2026-08-18 19:18:36,A,139,3086,1716,7528
2026-08-18 19:18:36,C,305,1743,1716,7528
2026-08-18 19:30:34,B,623,457,1659,7585
2026-08-18 19:30:34,F,343,1203,1659,7585
2026-08-18 19:30:34,E,284,1061,1659,7585
2026-08-18 19:30:34,A,130,3095,1659,7585
2026-08-18 19:30:34,C,279,1769,1659,7585
2026-08-18 19:54:26,B,627,453,1589,7655
2026-08-18 19:54:26,F,323,1223,1589,7655
2026-08-18 19:54:26,E,250,1095,1589,7655
2026-08-18 19:54:26,A,129,3096,1589,7655
2026-08-18 19:54:26,C,260,1788,1589,7655
2026-08-18 20:00:41,B,623,457,1567,7677
2026-08-18 20:00:41,F,316,1230,1567,7677
2026-08-18 20:00:41,E,245,1100,1567,7677
2026-08-18 20:00:41,A,129,3096,1567,7677
2026-08-18 20:00:41,C,254,1794,1567,7677
2026-08-18 20:14:31,B,607,473,1487,7757
2026-08-18 20:14:31,F,310,1236,1487,7757
2026-08-18 20:14:31,E,220,1125,1487,7757
2026-08-18 20:14:31,A,116,3109,1487,7757
2026-08-18 20:14:31,C,234,1814,1487,7757
2026-08-18 20:30:33,B,587,493,1416,7828
2026-08-18 20:30:33,F,300,1246,1416,7828
2026-08-18 20:30:33,E,204,1141,1416,7828
2026-08-18 20:30:33,A,111,3114,1416,7828
2026-08-18 20:30:33,C,214,1834,1416,7828
2026-08-18 20:51:53,B,587,493,1330,7914
2026-08-18 20:51:53,F,265,1281,1330,7914
2026-08-18 20:51:53,E,184,1161,1330,7914
2026-08-18 20:51:53,A,106,3119,1330,7914
2026-08-18 20:51:53,C,188,1860,1330,7914
2026-08-18 21:00:43,B,586,494,1290,7954
2026-08-18 21:00:43,F,253,1293,1290,7954
2026-08-18 21:00:43,E,170,1175,1290,7954
2026-08-18 21:00:43,A,102,3123,1290,7954
2026-08-18 21:00:43,C,179,1869,1290,7954
2026-08-18 21:12:36,B,547,533,1206,8038
2026-08-18 21:12:36,F,250,1296,1206,8038
2026-08-18 21:12:36,E,147,1198,1206,8038
2026-08-18 21:12:36,A,94,3131,1206,8038
2026-08-18 21:12:36,C,168,1880,1206,8038
2026-08-18 21:30:33,B,487,593,1056,8188
2026-08-18 21:30:33,F,220,1326,1056,8188
2026-08-18 21:30:33,E,124,1221,1056,8188
2026-08-18 21:30:33,A,76,3149,1056,8188
2026-08-18 21:30:33,C,149,1899,1056,8188
2026-08-18 21:46:14,B,466,614,971,8273
2026-08-18 21:46:14,F,198,1348,971,8273
2026-08-18 21:46:14,E,101,1244,971,8273
2026-08-18 21:46:14,A,70,3155,971,8273
2026-08-18 21:46:14,C,136,1912,971,8273
2026-08-18 22:00:42,B,436,644,907,8337
2026-08-18 22:00:42,F,187,1359,907,8337
2026-08-18 22:00:42,E,91,1254,907,8337
2026-08-18 22:00:42,A,67,3158,907,8337
2026-08-18 22:00:42,C,126,1922,907,8337
2026-08-18 22:17:26,B,400,680,836,8408
2026-08-18 22:17:26,F,177,1369,836,8408
2026-08-18 22:17:26,E,80,1265,836,8408
2026-08-18 22:17:26,A,67,3158,836,8408
2026-08-18 22:17:26,C,112,1936,836,8408
2026-08-18 22:30:35,B,359,721,773,8471
2026-08-18 22:30:35,F,171,1375,773,8471
2026-08-18 22:30:35,E,78,1267,773,8471
2026-08-18 22:30:35,A,61,3164,773,8471
2026-08-18 22:30:35,C,104,1944,773,8471
2026-08-18 23:00:43,B,325,755,724,8520
2026-08-18 23:00:43,F,168,1378,724,8520
2026-08-18 23:00:43,E,75,1270,724,8520
2026-08-18 23:00:43,A,58,3167,724,8520
2026-08-18 23:00:43,C,98,1950,724,8520
2026-08-18 23:14:11,B,308,772,694,8550
2026-08-18 23:14:11,F,160,1386,694,8550
2026-08-18 23:14:11,E,68,1277,694,8550
2026-08-18 23:14:11,A,59,3166,694,8550
2026-08-18 23:14:11,C,99,1949,694,8550
2026-08-18 23:30:34,B,286,794,662,8582
2026-08-18 23:30:34,F,153,1393,662,8582
2026-08-18 23:30:34,E,66,1279,662,8582
2026-08-18 23:30:34,A,59,3166,662,8582
2026-08-18 23:30:34,C,98,1950,662,8582
2026-08-19 00:00:46,B,242,838,601,8643
2026-08-19 00:00:46,F,148,1398,601,8643
2026-08-19 00:00:46,E,61,1284,601,8643
2026-08-19 00:00:46,A,56,3169,601,8643
2026-08-19 00:00:46,C,94,1954,601,8643
2026-08-19 00:01:48,B,240,840,599,8645
2026-08-19 00:01:48,F,148,1398,599,8645
2026-08-19 00:01:48,E,61,1284,599,8645
2026-08-19 00:01:48,A,56,3169,599,8645
2026-08-19 00:01:48,C,94,1954,599,8645
2026-08-19 00:30:36,B,117,963,457,8787
2026-08-19 00:30:36,F,149,1397,457,8787
2026-08-19 00:30:36,E,58,1287,457,8787
2026-08-19 00:30:36,A,54,3171,457,8787
2026-08-19 00:30:36,C,79,1969,457,8787
2026-08-19 00:57:30,B,62,1018,394,8850
2026-08-19 00:57:30,F,145,1401,394,8850
2026-08-19 00:57:30,E,56,1289,394,8850
2026-08-19 00:57:30,A,54,3171,394,8850
2026-08-19 00:57:30,C,77,1971,394,8850
2026-08-19 01:00:46,B,55,1025,389,8855
2026-08-19 01:00:46,F,146,1400,389,8855
2026-08-19 01:00:46,E,56,1289,389,8855
2026-08-19 01:00:46,A,55,3170,389,8855
2026-08-19 01:00:46,C,77,1971,389,8855
2026-08-19 01:23:42,B,51,1029,372,8872
2026-08-19 01:23:42,F,139,1407,372,8872
2026-08-19 01:23:42,E,53,1292,372,8872
2026-08-19 01:23:42,A,54,3171,372,8872
2026-08-19 01:23:42,C,75,1973,372,8872
2026-08-19 01:30:37,B,51,1029,372,8872
2026-08-19 01:30:37,F,138,1408,372,8872
2026-08-19 01:30:37,E,53,1292,372,8872
2026-08-19 01:30:37,A,55,3170,372,8872
2026-08-19 01:30:37,C,75,1973,372,8872
2026-08-19 01:52:27,B,47,1033,365,8879
2026-08-19 01:52:27,F,137,1409,365,8879
2026-08-19 01:52:27,E,53,1292,365,8879
2026-08-19 01:52:27,A,55,3170,365,8879
2026-08-19 01:52:27,C,73,1975,365,8879
2026-08-19 02:00:42,B,44,1036,361,8883
2026-08-19 02:00:42,F,136,1410,361,8883
2026-08-19 02:00:42,E,53,1292,361,8883
2026-08-19 02:00:42,A,55,3170,361,8883
2026-08-19 02:00:42,C,73,1975,361,8883
2026-08-19 02:15:26,B,45,1035,360,8884
2026-08-19 02:15:26,F,135,1411,360,8884
2026-08-19 02:15:26,E,53,1292,360,8884
2026-08-19 02:15:26,A,55,3170,360,8884
2026-08-19 02:15:26,C,72,1976,360,8884
2026-08-19 02:30:36,B,45,1035,361,8883
2026-08-19 02:30:36,F,135,1411,361,8883
2026-08-19 02:30:36,E,53,1292,361,8883
2026-08-19 02:30:36,A,55,3170,361,8883
2026-08-19 02:30:36,C,73,1975,361,8883
2026-08-19 02:53:35,B,45,1035,360,8884
2026-08-19 02:53:35,F,136,1410,360,8884
2026-08-19 02:53:35,E,53,1292,360,8884
2026-08-19 02:53:35,A,54,3171,360,8884
2026-08-19 02:53:35,C,72,1976,360,8884
2026-08-19 03:00:42,B,46,1034,364,8880
2026-08-19 03:00:42,F,136,1410,364,8880
2026-08-19 03:00:42,E,53,1292,364,8880
2026-08-19 03:00:42,A,54,3171,364,8880
2026-08-19 03:00:42,C,75,1973,364,8880
2026-08-19 03:14:35,B,45,1035,365,8879
2026-08-19 03:14:35,F,135,1411,365,8879
2026-08-19 03:14:35,E,54,1291,365,8879
2026-08-19 03:14:35,A,54,3171,365,8879
2026-08-19 03:14:35,C,77,1971,365,8879
2026-08-19 03:30:36,B,45,1035,363,8881
2026-08-19 03:30:36,F,134,1412,363,8881
2026-08-19 03:30:36,E,54,1291,363,8881
2026-08-19 03:30:36,A,54,3171,363,8881
2026-08-19 03:30:36,C,76,1972,363,8881
2026-08-19 03:48:45,B,45,1035,369,8875
2026-08-19 03:48:45,F,137,1409,369,8875
2026-08-19 03:48:45,E,55,1290,369,8875
2026-08-19 03:48:45,A,54,3171,369,8875
2026-08-19 03:48:45,C,78,1970,369,8875
2026-08-19 04:00:40,B,45,1035,370,8874
2026-08-19 04:00:40,F,137,1409,370,8874
2026-08-19 04:00:40,E,56,1289,370,8874
2026-08-19 04:00:40,A,54,3171,370,8874
2026-08-19 04:00:40,C,78,1970,370,8874
2026-08-19 04:16:40,B,45,1035,367,8877
2026-08-19 04:16:40,F,136,1410,367,8877
2026-08-19 04:16:40,E,55,1290,367,8877
2026-08-19 04:16:40,A,54,3171,367,8877
2026-08-19 04:16:40,C,77,1971,367,8877
2026-08-19 04:30:36,B,45,1035,363,8881
2026-08-19 04:30:36,F,137,1409,363,8881
2026-08-19 04:30:36,E,51,1294,363,8881
2026-08-19 04:30:36,A,53,3172,363,8881
2026-08-19 04:30:36,C,77,1971,363,8881
2026-08-19 05:00:41,B,45,1035,366,8878
2026-08-19 05:00:41,F,138,1408,366,8878
2026-08-19 05:00:41,E,51,1294,366,8878
2026-08-19 05:00:41,A,52,3173,366,8878
2026-08-19 05:00:41,C,80,1968,366,8878
2026-08-19 05:03:05,B,45,1035,363,8881
2026-08-19 05:03:05,F,137,1409,363,8881
2026-08-19 05:03:05,E,51,1294,363,8881
2026-08-19 05:03:05,A,52,3173,363,8881
2026-08-19 05:03:05,C,78,1970,363,8881
2026-08-19 05:30:34,B,45,1035,374,8870
2026-08-19 05:30:34,F,138,1408,374,8870
2026-08-19 05:30:34,E,53,1292,374,8870
2026-08-19 05:30:34,A,53,3172,374,8870
2026-08-19 05:30:34,C,85,1963,374,8870
2026-08-19 05:45:20,B,45,1035,409,8835
2026-08-19 05:45:20,F,156,1390,409,8835
2026-08-19 05:45:20,E,58,1287,409,8835
2026-08-19 05:45:20,A,60,3165,409,8835
2026-08-19 05:45:20,C,90,1958,409,8835
2026-08-19 06:00:41,B,46,1034,481,8763
2026-08-19 06:00:41,F,188,1358,481,8763
2026-08-19 06:00:41,E,72,1273,481,8763
2026-08-19 06:00:41,A,65,3160,481,8763
2026-08-19 06:00:41,C,110,1938,481,8763
2026-08-19 06:08:35,B,46,1034,505,8739
2026-08-19 06:08:35,F,192,1354,505,8739
2026-08-19 06:08:35,E,82,1263,505,8739
2026-08-19 06:08:35,A,68,3157,505,8739
2026-08-19 06:08:35,C,117,1931,505,8739
2026-08-19 06:30:33,B,46,1034,569,8675
2026-08-19 06:30:33,F,209,1337,569,8675
2026-08-19 06:30:33,E,98,1247,569,8675
2026-08-19 06:30:33,A,77,3148,569,8675
2026-08-19 06:30:33,C,139,1909,569,8675
2026-08-19 07:00:39,B,45,1035,756,8488
2026-08-19 07:00:39,F,257,1289,756,8488
2026-08-19 07:00:39,E,125,1220,756,8488
2026-08-19 07:00:39,A,110,3115,756,8488
2026-08-19 07:00:39,C,219,1829,756,8488
2026-08-19 07:10:36,B,45,1035,823,8421
2026-08-19 07:10:36,F,272,1274,823,8421
2026-08-19 07:10:36,E,138,1207,823,8421
2026-08-19 07:10:36,A,118,3107,823,8421
2026-08-19 07:10:36,C,250,1798,823,8421
2026-08-19 07:30:35,B,44,1036,917,8327
2026-08-19 07:30:35,F,290,1256,917,8327
2026-08-19 07:30:35,E,158,1187,917,8327
2026-08-19 07:30:35,A,133,3092,917,8327
2026-08-19 07:30:35,C,292,1756,917,8327
2026-08-19 07:42:51,B,44,1036,1003,8241
2026-08-19 07:42:51,F,299,1247,1003,8241
2026-08-19 07:42:51,E,174,1171,1003,8241
2026-08-19 07:42:51,A,150,3075,1003,8241
2026-08-19 07:42:51,C,336,1712,1003,8241
2026-08-19 08:00:40,B,44,1036,1225,8019
2026-08-19 08:00:40,F,343,1203,1225,8019
2026-08-19 08:00:40,E,226,1119,1225,8019
2026-08-19 08:00:40,A,189,3036,1225,8019
2026-08-19 08:00:40,C,423,1625,1225,8019
2026-08-19 08:08:19,B,44,1036,1332,7912
2026-08-19 08:08:19,F,363,1183,1332,7912
2026-08-19 08:08:19,E,255,1090,1332,7912
2026-08-19 08:08:19,A,198,3027,1332,7912
2026-08-19 08:08:19,C,472,1576,1332,7912
2026-08-19 08:30:33,B,45,1035,1689,7555
2026-08-19 08:30:33,F,409,1137,1689,7555
2026-08-19 08:30:33,E,338,1007,1689,7555
2026-08-19 08:30:33,A,277,2948,1689,7555
2026-08-19 08:30:33,C,620,1428,1689,7555
2026-08-19 08:45:29,B,45,1035,2010,7234
2026-08-19 08:45:29,F,494,1052,2010,7234
2026-08-19 08:45:29,E,388,957,2010,7234
2026-08-19 08:45:29,A,351,2874,2010,7234
2026-08-19 08:45:29,C,732,1316,2010,7234
2026-08-19 09:00:40,B,93,987,2482,6762
2026-08-19 09:00:40,F,623,923,2482,6762
2026-08-19 09:00:40,E,482,863,2482,6762
2026-08-19 09:00:40,A,444,2781,2482,6762
2026-08-19 09:00:40,C,840,1208,2482,6762
2026-08-19 09:09:47,B,138,942,2792,6452
2026-08-19 09:09:47,F,708,838,2792,6452
2026-08-19 09:09:47,E,527,818,2792,6452
2026-08-19 09:09:47,A,515,2710,2792,6452
2026-08-19 09:09:47,C,904,1144,2792,6452
2026-08-19 09:30:33,B,257,823,3515,5729
2026-08-19 09:30:33,F,857,689,3515,5729
2026-08-19 09:30:33,E,639,706,3515,5729
2026-08-19 09:30:33,A,678,2547,3515,5729
2026-08-19 09:30:33,C,1084,964,3515,5729
2026-08-19 09:41:44,B,319,761,3866,5378
2026-08-19 09:41:44,F,926,620,3866,5378
2026-08-19 09:41:44,E,699,646,3866,5378
2026-08-19 09:41:44,A,761,2464,3866,5378
2026-08-19 09:41:44,C,1161,887,3866,5378
2026-08-19 10:00:44,B,435,645,4332,4912
2026-08-19 10:00:44,F,1025,521,4332,4912
2026-08-19 10:00:44,E,736,609,4332,4912
2026-08-19 10:00:44,A,898,2327,4332,4912
2026-08-19 10:00:44,C,1238,810,4332,4912
2026-08-19 10:25:21,B,534,546,4799,4445
2026-08-19 10:25:21,F,1122,424,4799,4445
2026-08-19 10:25:21,E,793,552,4799,4445
2026-08-19 10:25:21,A,1039,2186,4799,4445
2026-08-19 10:25:21,C,1311,737,4799,4445
2026-08-19 10:30:35,B,555,525,4871,4373
2026-08-19 10:30:35,F,1137,409,4871,4373
2026-08-19 10:30:35,E,798,547,4871,4373
2026-08-19 10:30:35,A,1058,2167,4871,4373
2026-08-19 10:30:35,C,1323,725,4871,4373
2026-08-19 11:00:41,B,653,427,5468,3776
2026-08-19 11:00:41,F,1238,308,5468,3776
2026-08-19 11:00:41,E,876,469,5468,3776
2026-08-19 11:00:41,A,1274,1951,5468,3776
2026-08-19 11:00:41,C,1427,621,5468,3776
2026-08-19 11:30:34,B,740,340,5857,3387
2026-08-19 11:30:34,F,1310,236,5857,3387
2026-08-19 11:30:34,E,931,414,5857,3387
2026-08-19 11:30:34,A,1382,1843,5857,3387
2026-08-19 11:30:34,C,1494,554,5857,3387
2026-08-19 11:57:01,B,825,255,6167,3077
2026-08-19 11:57:01,F,1324,222,6167,3077
2026-08-19 11:57:01,E,980,365,6167,3077
2026-08-19 11:57:01,A,1487,1738,6167,3077
2026-08-19 11:57:01,C,1551,497,6167,3077
2026-08-19 12:00:41,B,834,246,6195,3049
2026-08-19 12:00:41,F,1322,224,6195,3049
2026-08-19 12:00:41,E,981,364,6195,3049
2026-08-19 12:00:41,A,1503,1722,6195,3049
2026-08-19 12:00:41,C,1555,493,6195,3049
2026-08-19 12:30:33,B,873,207,6286,2958
2026-08-19 12:30:33,F,1312,234,6286,2958
2026-08-19 12:30:33,E,977,368,6286,2958
2026-08-19 12:30:33,A,1538,1687,6286,2958
2026-08-19 12:30:33,C,1586,462,6286,2958
2026-08-19 12:50:15,B,940,140,6446,2798
2026-08-19 12:50:15,F,1315,231,6446,2798
2026-08-19 12:50:15,E,1008,337,6446,2798
2026-08-19 12:50:15,A,1589,1636,6446,2798
2026-08-19 12:50:15,C,1594,454,6446,2798
2026-08-19 13:00:41,B,938,142,6468,2776
2026-08-19 13:00:41,F,1307,239,6468,2776
2026-08-19 13:00:41,E,1009,336,6468,2776
2026-08-19 13:00:41,A,1625,1600,6468,2776
2026-08-19 13:00:41,C,1589,459,6468,2776
2026-08-19 14:00:40,B,932,148,6390,2854
2026-08-19 14:00:40,F,1278,268,6390,2854
2026-08-19 14:00:40,E,958,387,6390,2854
2026-08-19 14:00:40,A,1647,1578,6390,2854
2026-08-19 14:00:40,C,1575,473,6390,2854
2026-08-19 14:30:33,B,918,162,6275,2969
2026-08-19 14:30:33,F,1261,285,6275,2969
2026-08-19 14:30:33,E,949,396,6275,2969
2026-08-19 14:30:33,A,1612,1613,6275,2969
2026-08-19 14:30:33,C,1535,513,6275,2969
2026-08-19 14:57:31,B,886,194,6099,3145
2026-08-19 14:57:31,F,1238,308,6099,3145
2026-08-19 14:57:31,E,921,424,6099,3145
2026-08-19 14:57:31,A,1566,1659,6099,3145
2026-08-19 14:57:31,C,1488,560,6099,3145
2026-08-19 15:22:18,B,830,250,5860,3384
2026-08-19 15:22:18,F,1204,342,5860,3384
2026-08-19 15:22:18,E,896,449,5860,3384
2026-08-19 15:22:18,A,1520,1705,5860,3384
2026-08-19 15:22:18,C,1410,638,5860,3384
2026-08-19 15:30:33,B,814,266,5792,3452
2026-08-19 15:30:33,F,1196,350,5792,3452
2026-08-19 15:30:33,E,899,446,5792,3452
2026-08-19 15:30:33,A,1483,1742,5792,3452
2026-08-19 15:30:33,C,1400,648,5792,3452
2026-08-19 16:00:40,B,777,303,5590,3654
2026-08-19 16:00:40,F,1173,373,5590,3654
2026-08-19 16:00:40,E,885,460,5590,3654
2026-08-19 16:00:40,A,1418,1807,5590,3654
2026-08-19 16:00:40,C,1337,711,5590,3654
2026-08-19 16:19:52,B,750,330,5483,3761
2026-08-19 16:19:52,F,1173,373,5483,3761
2026-08-19 16:19:52,E,874,471,5483,3761
2026-08-19 16:19:52,A,1366,1859,5483,3761
2026-08-19 16:19:52,C,1320,728,5483,3761
2026-08-19 16:30:33,B,711,369,5161,4083
2026-08-19 16:30:33,F,1131,415,5161,4083
2026-08-19 16:30:33,E,813,532,5161,4083
2026-08-19 16:30:33,A,1263,1962,5161,4083
2026-08-19 16:30:33,C,1243,805,5161,4083
2026-08-19 17:00:41,B,654,426,4555,4689
2026-08-19 17:00:41,F,1058,488,4555,4689
2026-08-19 17:00:41,E,749,596,4555,4689
2026-08-19 17:00:41,A,1054,2171,4555,4689
2026-08-19 17:00:41,C,1040,1008,4555,4689
2026-08-19 17:30:32,B,614,466,4152,5092
2026-08-19 17:30:32,F,1017,529,4152,5092
2026-08-19 17:30:32,E,685,660,4152,5092
2026-08-19 17:30:32,A,925,2300,4152,5092
2026-08-19 17:30:32,C,911,1137,4152,5092
2026-08-19 17:58:23,B,505,575,3020,6224
2026-08-19 17:58:23,F,770,776,3020,6224
2026-08-19 17:58:23,E,522,823,3020,6224
2026-08-19 17:58:23,A,633,2592,3020,6224
2026-08-19 17:58:23,C,590,1458,3020,6224
2026-08-19 18:00:40,B,507,573,2965,6279
2026-08-19 18:00:40,F,757,789,2965,6279
2026-08-19 18:00:40,E,513,832,2965,6279
2026-08-19 18:00:40,A,618,2607,2965,6279
2026-08-19 18:00:40,C,570,1478,2965,6279
2026-08-19 18:30:56,B,515,565,2306,6938
2026-08-19 18:30:56,F,600,946,2306,6938
2026-08-19 18:30:56,E,445,900,2306,6938
2026-08-19 18:30:56,A,311,2914,2306,6938
2026-08-19 18:30:56,C,435,1613,2306,6938
2026-08-19 19:00:44,B,539,541,1950,7294
2026-08-19 19:00:44,F,483,1063,1950,7294
2026-08-19 19:00:44,E,385,960,1950,7294
2026-08-19 19:00:44,A,191,3034,1950,7294
2026-08-19 19:00:44,C,352,1696,1950,7294
2026-08-19 19:19:39,B,527,553,1787,7457
2026-08-19 19:19:39,F,432,1114,1787,7457
2026-08-19 19:19:39,E,354,991,1787,7457
2026-08-19 19:19:39,A,155,3070,1787,7457
2026-08-19 19:19:39,C,319,1729,1787,7457
2026-08-19 19:54:18,B,515,565,1579,7665
2026-08-19 19:54:18,F,386,1160,1579,7665
2026-08-19 19:54:18,E,285,1060,1579,7665
2026-08-19 19:54:18,A,124,3101,1579,7665
2026-08-19 19:54:18,C,269,1779,1579,7665
2026-08-19 20:00:42,B,514,566,1546,7698
2026-08-19 20:00:42,F,374,1172,1546,7698
2026-08-19 20:00:42,E,273,1072,1546,7698
2026-08-19 20:00:42,A,121,3104,1546,7698
2026-08-19 20:00:42,C,264,1784,1546,7698
2026-08-19 20:14:24,B,501,579,1452,7792
2026-08-19 20:14:24,F,357,1189,1452,7792
2026-08-19 20:14:24,E,234,1111,1452,7792
2026-08-19 20:14:24,A,113,3112,1452,7792
2026-08-19 20:14:24,C,247,1801,1452,7792
2026-08-19 20:30:34,B,476,604,1352,7892
2026-08-19 20:30:34,F,342,1204,1352,7892
2026-08-19 20:30:34,E,199,1146,1352,7892
2026-08-19 20:30:34,A,103,3122,1352,7892
2026-08-19 20:30:34,C,232,1816,1352,7892
2026-08-19 20:50:26,B,454,626,1236,8008
2026-08-19 20:50:26,F,306,1240,1236,8008
2026-08-19 20:50:26,E,170,1175,1236,8008
2026-08-19 20:50:26,A,99,3126,1236,8008
2026-08-19 20:50:26,C,207,1841,1236,8008
2026-08-19 21:00:41,B,392,688,1083,8161
2026-08-19 21:00:41,F,270,1276,1083,8161
2026-08-19 21:00:41,E,151,1194,1083,8161
2026-08-19 21:00:41,A,93,3132,1083,8161
2026-08-19 21:00:41,C,177,1871,1083,8161
2026-08-19 21:12:28,B,347,733,968,8276
2026-08-19 21:12:28,F,245,1301,968,8276
2026-08-19 21:12:28,E,121,1224,968,8276
2026-08-19 21:12:28,A,88,3137,968,8276
2026-08-19 21:12:28,C,167,1881,968,8276
2026-08-19 21:30:35,B,277,803,810,8434
2026-08-19 21:30:35,F,214,1332,810,8434
2026-08-19 21:30:35,E,104,1241,810,8434
2026-08-19 21:30:35,A,79,3146,810,8434
2026-08-19 21:30:35,C,136,1912,810,8434
2026-08-19 21:45:32,B,254,826,732,8512
2026-08-19 21:45:32,F,195,1351,732,8512
2026-08-19 21:45:32,E,89,1256,732,8512
2026-08-19 21:45:32,A,73,3152,732,8512
2026-08-19 21:45:32,C,121,1927,732,8512
2026-08-19 22:00:41,B,229,851,681,8563
2026-08-19 22:00:41,F,194,1352,681,8563
2026-08-19 22:00:41,E,78,1267,681,8563
2026-08-19 22:00:41,A,71,3154,681,8563
2026-08-19 22:00:41,C,109,1939,681,8563
2026-08-19 22:16:57,B,213,867,626,8618
2026-08-19 22:16:57,F,174,1372,626,8618
2026-08-19 22:16:57,E,75,1270,626,8618
2026-08-19 22:16:57,A,68,3157,626,8618
2026-08-19 22:16:57,C,96,1952,626,8618
2026-08-19 22:30:34,B,180,900,571,8673
2026-08-19 22:30:34,F,169,1377,571,8673
2026-08-19 22:30:34,E,71,1274,571,8673
2026-08-19 22:30:34,A,66,3159,571,8673
2026-08-19 22:30:34,C,85,1963,571,8673
2026-08-19 23:00:42,B,154,926,514,8730
2026-08-19 23:00:42,F,152,1394,514,8730
2026-08-19 23:00:42,E,66,1279,514,8730
2026-08-19 23:00:42,A,64,3161,514,8730
2026-08-19 23:00:42,C,78,1970,514,8730
2026-08-19 23:16:27,B,151,929,491,8753
2026-08-19 23:16:27,F,143,1403,491,8753
2026-08-19 23:16:27,E,58,1287,491,8753
2026-08-19 23:16:27,A,63,3162,491,8753
2026-08-19 23:16:27,C,76,1972,491,8753
2026-08-19 23:30:33,B,145,935,480,8764
2026-08-19 23:30:33,F,143,1403,480,8764
2026-08-19 23:30:33,E,58,1287,480,8764
2026-08-19 23:30:33,A,60,3165,480,8764
2026-08-19 23:30:33,C,74,1974,480,8764
2026-08-20 00:00:43,B,115,965,456,8788
2026-08-20 00:00:43,F,144,1402,456,8788
2026-08-20 00:00:43,E,55,1290,456,8788
2026-08-20 00:00:43,A,61,3164,456,8788
2026-08-20 00:00:43,C,81,1967,456,8788
2026-08-20 00:02:21,B,112,968,451,8793
2026-08-20 00:02:21,F,143,1403,451,8793
2026-08-20 00:02:21,E,55,1290,451,8793
2026-08-20 00:02:21,A,60,3165,451,8793
2026-08-20 00:02:21,C,81,1967,451,8793
2026-08-20 00:30:36,B,60,1020,387,8857
2026-08-20 00:30:36,F,142,1404,387,8857
2026-08-20 00:30:36,E,53,1292,387,8857
2026-08-20 00:30:36,A,60,3165,387,8857
2026-08-20 00:30:36,C,72,1976,387,8857
2026-08-20 00:57:55,B,54,1026,374,8870
2026-08-20 00:57:55,F,139,1407,374,8870
2026-08-20 00:57:55,E,53,1292,374,8870
2026-08-20 00:57:55,A,59,3166,374,8870
2026-08-20 00:57:55,C,69,1979,374,8870
2026-08-20 01:00:43,B,51,1029,370,8874
2026-08-20 01:00:43,F,139,1407,370,8874
2026-08-20 01:00:43,E,53,1292,370,8874
2026-08-20 01:00:43,A,58,3167,370,8874
2026-08-20 01:00:43,C,69,1979,370,8874
2026-08-20 01:24:11,B,49,1031,367,8877
2026-08-20 01:24:11,F,138,1408,367,8877
2026-08-20 01:24:11,E,53,1292,367,8877
2026-08-20 01:24:11,A,58,3167,367,8877
2026-08-20 01:24:11,C,69,1979,367,8877
2026-08-20 01:30:35,B,49,1031,365,8879
2026-08-20 01:30:35,F,138,1408,365,8879
2026-08-20 01:30:35,E,52,1293,365,8879
2026-08-20 01:30:35,A,57,3168,365,8879
2026-08-20 01:30:35,C,69,1979,365,8879
2026-08-20 02:15:03,B,47,1033,358,8886
2026-08-20 02:15:03,F,136,1410,358,8886
2026-08-20 02:15:03,E,51,1294,358,8886
2026-08-20 02:15:03,A,57,3168,358,8886
2026-08-20 02:15:03,C,67,1981,358,8886
2026-08-20 02:30:37,B,47,1033,360,8884
2026-08-20 02:30:37,F,137,1409,360,8884
2026-08-20 02:30:37,E,51,1294,360,8884
2026-08-20 02:30:37,A,57,3168,360,8884
2026-08-20 02:30:37,C,68,1980,360,8884
2026-08-20 02:52:05,B,46,1034,358,8886
2026-08-20 02:52:05,F,136,1410,358,8886
2026-08-20 02:52:05,E,52,1293,358,8886
2026-08-20 02:52:05,A,57,3168,358,8886
2026-08-20 02:52:05,C,67,1981,358,8886
2026-08-20 03:00:41,B,46,1034,355,8889
2026-08-20 03:00:41,F,135,1411,355,8889
2026-08-20 03:00:41,E,50,1295,355,8889
2026-08-20 03:00:41,A,57,3168,355,8889
2026-08-20 03:00:41,C,67,1981,355,8889
2026-08-20 03:14:16,B,47,1033,355,8889
2026-08-20 03:14:16,F,135,1411,355,8889
2026-08-20 03:14:16,E,51,1294,355,8889
2026-08-20 03:14:16,A,56,3169,355,8889
2026-08-20 03:14:16,C,66,1982,355,8889
2026-08-20 03:30:34,B,46,1034,352,8892
2026-08-20 03:30:34,F,135,1411,352,8892
2026-08-20 03:30:34,E,49,1296,352,8892
2026-08-20 03:30:34,A,56,3169,352,8892
2026-08-20 03:30:34,C,66,1982,352,8892
2026-08-20 04:00:43,B,44,1036,350,8894
2026-08-20 04:00:43,F,136,1410,350,8894
2026-08-20 04:00:43,E,49,1296,350,8894
2026-08-20 04:00:43,A,55,3170,350,8894
2026-08-20 04:00:43,C,66,1982,350,8894
2026-08-20 04:14:00,B,44,1036,352,8892
2026-08-20 04:14:00,F,135,1411,352,8892
2026-08-20 04:14:00,E,49,1296,352,8892
2026-08-20 04:14:00,A,56,3169,352,8892
2026-08-20 04:14:00,C,68,1980,352,8892
2026-08-20 04:30:34,B,44,1036,351,8893
2026-08-20 04:30:34,F,135,1411,351,8893
2026-08-20 04:30:34,E,49,1296,351,8893
2026-08-20 04:30:34,A,56,3169,351,8893
2026-08-20 04:30:34,C,67,1981,351,8893
2026-08-20 04:58:14,B,44,1036,350,8894
2026-08-20 04:58:14,F,136,1410,350,8894
2026-08-20 04:58:14,E,49,1296,350,8894
2026-08-20 04:58:14,A,55,3170,350,8894
2026-08-20 04:58:14,C,66,1982,350,8894
2026-08-20 05:00:41,B,44,1036,351,8893
2026-08-20 05:00:41,F,136,1410,351,8893
2026-08-20 05:00:41,E,50,1295,351,8893
2026-08-20 05:00:41,A,55,3170,351,8893
2026-08-20 05:00:41,C,66,1982,351,8893
2026-08-20 05:20:40,B,43,1037,353,8891
2026-08-20 05:20:40,F,138,1408,353,8891
2026-08-20 05:20:40,E,49,1296,353,8891
2026-08-20 05:20:40,A,54,3171,353,8891
2026-08-20 05:20:40,C,69,1979,353,8891
2026-08-20 05:30:33,B,44,1036,361,8883
2026-08-20 05:30:33,F,140,1406,361,8883
2026-08-20 05:30:33,E,50,1295,361,8883
2026-08-20 05:30:33,A,56,3169,361,8883
2026-08-20 05:30:33,C,71,1977,361,8883
2026-08-20 05:45:18,B,43,1037,386,8858
2026-08-20 05:45:18,F,151,1395,386,8858
2026-08-20 05:45:18,E,56,1289,386,8858
2026-08-20 05:45:18,A,62,3163,386,8858
2026-08-20 05:45:18,C,74,1974,386,8858
2026-08-20 06:00:40,B,44,1036,432,8812
2026-08-20 06:00:40,F,166,1380,432,8812
2026-08-20 06:00:40,E,67,1278,432,8812
2026-08-20 06:00:40,A,71,3154,432,8812
2026-08-20 06:00:40,C,84,1964,432,8812
2026-08-20 06:11:20,B,44,1036,469,8775
2026-08-20 06:11:20,F,181,1365,469,8775
2026-08-20 06:11:20,E,76,1269,469,8775
2026-08-20 06:11:20,A,75,3150,469,8775
2026-08-20 06:11:20,C,93,1955,469,8775
2026-08-20 06:30:36,B,44,1036,495,8749
2026-08-20 06:30:36,F,187,1359,495,8749
2026-08-20 06:30:36,E,82,1263,495,8749
2026-08-20 06:30:36,A,80,3145,495,8749
2026-08-20 06:30:36,C,102,1946,495,8749
2026-08-20 06:49:45,B,43,1037,560,8684
2026-08-20 06:49:45,F,206,1340,560,8684
2026-08-20 06:49:45,E,92,1253,560,8684
2026-08-20 06:49:45,A,92,3133,560,8684
2026-08-20 06:49:45,C,127,1921,560,8684
2026-08-20 07:00:45,B,44,1036,649,8595
2026-08-20 07:00:45,F,232,1314,649,8595
2026-08-20 07:00:45,E,108,1237,649,8595
2026-08-20 07:00:45,A,105,3120,649,8595
2026-08-20 07:00:45,C,160,1888,649,8595
2026-08-20 07:13:31,B,44,1036,715,8529
2026-08-20 07:13:31,F,250,1296,715,8529
2026-08-20 07:13:31,E,121,1224,715,8529
2026-08-20 07:13:31,A,114,3111,715,8529
2026-08-20 07:13:31,C,186,1862,715,8529
2026-08-20 07:30:37,B,44,1036,797,8447
2026-08-20 07:30:37,F,261,1285,797,8447
2026-08-20 07:30:37,E,132,1213,797,8447
2026-08-20 07:30:37,A,132,3093,797,8447
2026-08-20 07:30:37,C,228,1820,797,8447
2026-08-20 08:00:41,B,44,1036,1087,8157
2026-08-20 08:00:41,F,326,1220,1087,8157
2026-08-20 08:00:41,E,180,1165,1087,8157
2026-08-20 08:00:41,A,189,3036,1087,8157
2026-08-20 08:00:41,C,348,1700,1087,8157
2026-08-20 08:10:48,B,42,1038,1194,8050
2026-08-20 08:10:48,F,339,1207,1194,8050
2026-08-20 08:10:48,E,201,1144,1194,8050
2026-08-20 08:10:48,A,202,3023,1194,8050
2026-08-20 08:10:48,C,410,1638,1194,8050
2026-08-20 08:30:33,B,43,1037,1455,7789
2026-08-20 08:30:33,F,395,1151,1455,7789
2026-08-20 08:30:33,E,246,1099,1455,7789
2026-08-20 08:30:33,A,266,2959,1455,7789
2026-08-20 08:30:33,C,505,1543,1455,7789
2026-08-20 08:46:15,B,42,1038,1774,7470
2026-08-20 08:46:15,F,482,1064,1774,7470
2026-08-20 08:46:15,E,309,1036,1774,7470
2026-08-20 08:46:15,A,323,2902,1774,7470
2026-08-20 08:46:15,C,618,1430,1774,7470
2026-08-20 09:00:45,B,95,985,2172,7072
2026-08-20 09:00:45,F,576,970,2172,7072
2026-08-20 09:00:45,E,395,950,2172,7072
2026-08-20 09:00:45,A,402,2823,2172,7072
2026-08-20 09:00:45,C,704,1344,2172,7072
2026-08-20 09:10:48,B,137,943,2470,6774
2026-08-20 09:10:48,F,647,899,2470,6774
2026-08-20 09:10:48,E,429,916,2470,6774
2026-08-20 09:10:48,A,474,2751,2470,6774
2026-08-20 09:10:48,C,783,1265,2470,6774
2026-08-20 09:30:34,B,243,837,3138,6106
2026-08-20 09:30:34,F,822,724,3138,6106
2026-08-20 09:30:34,E,567,778,3138,6106
2026-08-20 09:30:34,A,584,2641,3138,6106
2026-08-20 09:30:34,C,922,1126,3138,6106
2026-08-20 09:42:35,B,285,795,3421,5823
2026-08-20 09:42:35,F,884,662,3421,5823
2026-08-20 09:42:35,E,601,744,3421,5823
2026-08-20 09:42:35,A,667,2558,3421,5823
2026-08-20 09:42:35,C,984,1064,3421,5823
2026-08-20 10:00:45,B,385,695,3925,5319
2026-08-20 10:00:45,F,985,561,3925,5319
2026-08-20 10:00:45,E,678,667,3925,5319
2026-08-20 10:00:45,A,797,2428,3925,5319
2026-08-20 10:00:45,C,1080,968,3925,5319
2026-08-20 10:25:49,B,464,616,4352,4892
2026-08-20 10:25:49,F,1054,492,4352,4892
2026-08-20 10:25:49,E,749,596,4352,4892
2026-08-20 10:25:49,A,923,2302,4352,4892
2026-08-20 10:25:49,C,1162,886,4352,4892
2026-08-20 10:30:33,B,487,593,4459,4785
2026-08-20 10:30:33,F,1065,481,4459,4785
2026-08-20 10:30:33,E,774,571,4459,4785
2026-08-20 10:30:33,A,963,2262,4459,4785
2026-08-20 10:30:33,C,1170,878,4459,4785
2026-08-20 11:00:40,B,550,530,4840,4404
2026-08-20 11:00:40,F,1141,405,4840,4404
2026-08-20 11:00:40,E,841,504,4840,4404
2026-08-20 11:00:40,A,1072,2153,4840,4404
2026-08-20 11:00:40,C,1236,812,4840,4404
2026-08-20 11:30:34,B,614,466,5128,4116
2026-08-20 11:30:34,F,1177,369,5128,4116
2026-08-20 11:30:34,E,873,472,5128,4116
2026-08-20 11:30:34,A,1187,2038,5128,4116
2026-08-20 11:30:34,C,1277,771,5128,4116
2026-08-20 11:56:35,B,687,393,5522,3722
2026-08-20 11:56:35,F,1236,310,5522,3722
2026-08-20 11:56:35,E,930,415,5522,3722
2026-08-20 11:56:35,A,1316,1909,5522,3722
2026-08-20 11:56:35,C,1353,695,5522,3722
2026-08-20 12:00:38,B,700,380,5602,3642
2026-08-20 12:00:38,F,1240,306,5602,3642
2026-08-20 12:00:38,E,952,393,5602,3642
2026-08-20 12:00:38,A,1351,1874,5602,3642
2026-08-20 12:00:38,C,1359,689,5602,3642
2026-08-20 12:30:31,B,741,339,5788,3456
2026-08-20 12:30:31,F,1265,281,5788,3456
2026-08-20 12:30:31,E,956,389,5788,3456
2026-08-20 12:30:31,A,1420,1805,5788,3456
2026-08-20 12:30:31,C,1406,642,5788,3456
2026-08-20 12:48:13,B,778,302,5928,3316
2026-08-20 12:48:13,F,1264,282,5928,3316
2026-08-20 12:48:13,E,983,362,5928,3316
2026-08-20 12:48:13,A,1474,1751,5928,3316
2026-08-20 12:48:13,C,1429,619,5928,3316
2026-08-20 13:00:41,B,807,273,6027,3217
2026-08-20 13:00:41,F,1261,285,6027,3217
2026-08-20 13:00:41,E,1008,337,6027,3217
2026-08-20 13:00:41,A,1511,1714,6027,3217
2026-08-20 13:00:41,C,1440,608,6027,3217
2026-08-20 13:30:34,B,829,251,6215,3029
2026-08-20 13:30:34,F,1289,257,6215,3029
2026-08-20 13:30:34,E,1035,310,6215,3029
2026-08-20 13:30:34,A,1584,1641,6215,3029
2026-08-20 13:30:34,C,1478,570,6215,3029
2026-08-20 13:34:49,B,832,248,6222,3022
2026-08-20 13:34:49,F,1294,252,6222,3022
2026-08-20 13:34:49,E,1034,311,6222,3022
2026-08-20 13:34:49,A,1590,1635,6222,3022
2026-08-20 13:34:49,C,1472,576,6222,3022
2026-08-20 14:00:38,B,824,256,6159,3085
2026-08-20 14:00:38,F,1286,260,6159,3085
2026-08-20 14:00:38,E,995,350,6159,3085
2026-08-20 14:00:38,A,1587,1638,6159,3085
2026-08-20 14:00:38,C,1467,581,6159,3085
2026-08-20 14:23:10,B,774,306,6024,3220
2026-08-20 14:23:10,F,1282,264,6024,3220
2026-08-20 14:23:10,E,982,363,6024,3220
2026-08-20 14:23:10,A,1538,1687,6024,3220
2026-08-20 14:23:10,C,1448,600,6024,3220
2026-08-20 14:59:22,B,741,339,5673,3571
2026-08-20 14:59:22,F,1260,286,5673,3571
2026-08-20 14:59:22,E,908,437,5673,3571
2026-08-20 14:59:22,A,1414,1811,5673,3571
2026-08-20 14:59:22,C,1350,698,5673,3571
2026-08-20 15:00:39,B,745,335,5672,3572
2026-08-20 15:00:39,F,1258,288,5672,3572
2026-08-20 15:00:39,E,910,435,5672,3572
2026-08-20 15:00:39,A,1412,1813,5672,3572
2026-08-20 15:00:39,C,1347,701,5672,3572
2026-08-20 15:27:43,B,698,382,5403,3841
2026-08-20 15:27:43,F,1227,319,5403,3841
2026-08-20 15:27:43,E,872,473,5403,3841
2026-08-20 15:27:43,A,1329,1896,5403,3841
2026-08-20 15:27:43,C,1277,771,5403,3841
2026-08-20 15:30:32,B,705,375,5372,3872
2026-08-20 15:30:32,F,1219,327,5372,3872
2026-08-20 15:30:32,E,859,486,5372,3872
2026-08-20 15:30:32,A,1317,1908,5372,3872
2026-08-20 15:30:32,C,1272,776,5372,3872
2026-08-20 15:54:19,B,689,391,5175,4069
2026-08-20 15:54:19,F,1189,357,5175,4069
2026-08-20 15:54:19,E,840,505,5175,4069
2026-08-20 15:54:19,A,1222,2003,5175,4069
2026-08-20 15:54:19,C,1235,813,5175,4069
2026-08-20 16:00:39,B,685,395,5162,4082
2026-08-20 16:00:39,F,1178,368,5162,4082
2026-08-20 16:00:39,E,837,508,5162,4082
2026-08-20 16:00:39,A,1234,1991,5162,4082
2026-08-20 16:00:39,C,1228,820,5162,4082
2026-08-20 16:20:58,B,680,400,4978,4266
2026-08-20 16:20:58,F,1142,404,4978,4266
2026-08-20 16:20:58,E,808,537,4978,4266
2026-08-20 16:20:58,A,1161,2064,4978,4266
2026-08-20 16:20:58,C,1187,861,4978,4266
2026-08-20 16:30:34,B,691,389,4946,4298
2026-08-20 16:30:34,F,1113,433,4946,4298
2026-08-20 16:30:34,E,825,520,4946,4298
2026-08-20 16:30:34,A,1143,2082,4946,4298
2026-08-20 16:30:34,C,1174,874,4946,4298
2026-08-20 17:12:52,B,735,345,4698,4546
2026-08-20 17:12:52,F,1082,464,4698,4546
2026-08-20 17:12:52,E,765,580,4698,4546
2026-08-20 17:12:52,A,1089,2136,4698,4546
2026-08-20 17:12:52,C,1027,1021,4698,4546
2026-08-20 17:30:36,B,767,313,4567,4677
2026-08-20 17:30:36,F,1047,499,4567,4677
2026-08-20 17:30:36,E,751,594,4567,4677
2026-08-20 17:30:36,A,1052,2173,4567,4677
2026-08-20 17:30:36,C,950,1098,4567,4677
2026-08-20 18:00:40,B,842,238,4620,4624
2026-08-20 18:00:40,F,1026,520,4620,4624
2026-08-20 18:00:40,E,768,577,4620,4624
2026-08-20 18:00:40,A,1073,2152,4620,4624
2026-08-20 18:00:40,C,911,1137,4620,4624
2026-08-20 18:30:32,B,952,128,4829,4415
2026-08-20 18:30:32,F,1065,481,4829,4415
2026-08-20 18:30:32,E,812,533,4829,4415
2026-08-20 18:30:32,A,1101,2124,4829,4415
2026-08-20 18:30:32,C,899,1149,4829,4415
2026-08-20 19:30:33,B,981,99,4863,4381
2026-08-20 19:30:33,F,1023,523,4863,4381
2026-08-20 19:30:33,E,801,544,4863,4381
2026-08-20 19:30:33,A,1127,2098,4863,4381
2026-08-20 19:30:33,C,931,1117,4863,4381
2026-08-20 19:55:35,B,981,99,4653,4591
2026-08-20 19:55:35,F,1004,542,4653,4591
2026-08-20 19:55:35,E,729,616,4653,4591
2026-08-20 19:55:35,A,1065,2160,4653,4591
2026-08-20 19:55:35,C,874,1174,4653,4591
2026-08-20 20:00:41,B,980,100,4581,4663
2026-08-20 20:00:41,F,989,557,4581,4663
2026-08-20 20:00:41,E,736,609,4581,4663
2026-08-20 20:00:41,A,1030,2195,4581,4663
2026-08-20 20:00:41,C,846,1202,4581,4663
2026-08-20 20:17:27,B,933,147,4280,4964
2026-08-20 20:17:27,F,926,620,4280,4964
2026-08-20 20:17:27,E,697,648,4280,4964
2026-08-20 20:17:27,A,951,2274,4280,4964
2026-08-20 20:17:27,C,773,1275,4280,4964
2026-08-20 20:30:36,B,897,183,3958,5286
2026-08-20 20:30:36,F,850,696,3958,5286
2026-08-20 20:30:36,E,631,714,3958,5286
2026-08-20 20:30:36,A,881,2344,3958,5286
2026-08-20 20:30:36,C,699,1349,3958,5286
2026-08-20 20:52:42,B,780,300,3363,5881
2026-08-20 20:52:42,F,759,787,3363,5881
2026-08-20 20:52:42,E,506,839,3363,5881
2026-08-20 20:52:42,A,741,2484,3363,5881
2026-08-20 20:52:42,C,577,1471,3363,5881
2026-08-20 21:14:00,B,600,480,2458,6786
2026-08-20 21:14:00,F,558,988,2458,6786
2026-08-20 21:14:00,E,381,964,2458,6786
2026-08-20 21:14:00,A,493,2732,2458,6786
2026-08-20 21:14:00,C,426,1622,2458,6786
2026-08-20 21:30:37,B,490,590,1694,7550
2026-08-20 21:30:37,F,379,1167,1694,7550
2026-08-20 21:30:37,E,227,1118,1694,7550
2026-08-20 21:30:37,A,292,2933,1694,7550
2026-08-20 21:30:37,C,306,1742,1694,7550
2026-08-20 21:48:16,B,404,676,1224,8020
2026-08-20 21:48:16,F,264,1282,1224,8020
2026-08-20 21:48:16,E,150,1195,1224,8020
2026-08-20 21:48:16,A,174,3051,1224,8020
2026-08-20 21:48:16,C,232,1816,1224,8020
2026-08-20 22:00:41,B,376,704,1063,8181
2026-08-20 22:00:41,F,227,1319,1063,8181
2026-08-20 22:00:41,E,131,1214,1063,8181
2026-08-20 22:00:41,A,133,3092,1063,8181
2026-08-20 22:00:41,C,196,1852,1063,8181
2026-08-20 22:18:41,B,296,784,836,8408
2026-08-20 22:18:41,F,189,1357,836,8408
2026-08-20 22:18:41,E,108,1237,836,8408
2026-08-20 22:18:41,A,102,3123,836,8408
2026-08-20 22:18:41,C,141,1907,836,8408
2026-08-20 22:30:34,B,289,791,807,8437
2026-08-20 22:30:34,F,189,1357,807,8437
2026-08-20 22:30:34,E,104,1241,807,8437
2026-08-20 22:30:34,A,92,3133,807,8437
2026-08-20 22:30:34,C,133,1915,807,8437
2026-08-20 23:00:43,B,260,820,722,8522
2026-08-20 23:00:43,F,171,1375,722,8522
2026-08-20 23:00:43,E,94,1251,722,8522
2026-08-20 23:00:43,A,84,3141,722,8522
2026-08-20 23:00:43,C,113,1935,722,8522
2026-08-20 23:23:07,B,234,846,655,8589
2026-08-20 23:23:07,F,156,1390,655,8589
2026-08-20 23:23:07,E,84,1261,655,8589
2026-08-20 23:23:07,A,75,3150,655,8589
2026-08-20 23:23:07,C,106,1942,655,8589
2026-08-20 23:30:33,B,228,852,634,8610
2026-08-20 23:30:33,F,151,1395,634,8610
2026-08-20 23:30:33,E,80,1265,634,8610
2026-08-20 23:30:33,A,72,3153,634,8610
2026-08-20 23:30:33,C,103,1945,634,8610
2026-08-21 00:00:42,B,169,911,545,8699
2026-08-21 00:00:42,F,143,1403,545,8699
2026-08-21 00:00:42,E,78,1267,545,8699
2026-08-21 00:00:42,A,65,3160,545,8699
2026-08-21 00:00:42,C,90,1958,545,8699
2026-08-21 00:04:46,B,164,916,532,8712
2026-08-21 00:04:46,F,139,1407,532,8712
2026-08-21 00:04:46,E,75,1270,532,8712
2026-08-21 00:04:46,A,65,3160,532,8712
2026-08-21 00:04:46,C,89,1959,532,8712
2026-08-21 00:30:35,B,110,970,472,8772
2026-08-21 00:30:35,F,140,1406,472,8772
2026-08-21 00:30:35,E,73,1272,472,8772
2026-08-21 00:30:35,A,64,3161,472,8772
2026-08-21 00:30:35,C,85,1963,472,8772
2026-08-21 01:00:11,B,52,1028,389,8855
2026-08-21 01:00:11,F,134,1412,389,8855
2026-08-21 01:00:11,E,71,1274,389,8855
2026-08-21 01:00:11,A,57,3168,389,8855
2026-08-21 01:00:11,C,75,1973,389,8855
2026-08-21 01:00:41,B,51,1029,389,8855
2026-08-21 01:00:41,F,134,1412,389,8855
2026-08-21 01:00:41,E,71,1274,389,8855
2026-08-21 01:00:41,A,58,3167,389,8855
2026-08-21 01:00:41,C,75,1973,389,8855
2026-08-21 01:54:06,B,48,1032,376,8868
2026-08-21 01:54:06,F,129,1417,376,8868
2026-08-21 01:54:06,E,71,1274,376,8868
2026-08-21 01:54:06,A,58,3167,376,8868
2026-08-21 01:54:06,C,70,1978,376,8868
2026-08-21 02:00:43,B,48,1032,378,8866
2026-08-21 02:00:43,F,130,1416,378,8866
2026-08-21 02:00:43,E,72,1273,378,8866
2026-08-21 02:00:43,A,58,3167,378,8866
2026-08-21 02:00:43,C,70,1978,378,8866
2026-08-21 02:18:10,B,46,1034,374,8870
2026-08-21 02:18:10,F,130,1416,374,8870
2026-08-21 02:18:10,E,72,1273,374,8870
2026-08-21 02:18:10,A,57,3168,374,8870
2026-08-21 02:18:10,C,69,1979,374,8870
2026-08-21 02:30:35,B,45,1035,372,8872
2026-08-21 02:30:35,F,129,1417,372,8872
2026-08-21 02:30:35,E,71,1274,372,8872
2026-08-21 02:30:35,A,57,3168,372,8872
2026-08-21 02:30:35,C,70,1978,372,8872
2026-08-21 02:56:51,B,47,1033,372,8872
2026-08-21 02:56:51,F,129,1417,372,8872
2026-08-21 02:56:51,E,70,1275,372,8872
2026-08-21 02:56:51,A,57,3168,372,8872
2026-08-21 02:56:51,C,69,1979,372,8872
2026-08-21 03:00:42,B,46,1034,371,8873
2026-08-21 03:00:42,F,129,1417,371,8873
2026-08-21 03:00:42,E,70,1275,371,8873
2026-08-21 03:00:42,A,56,3169,371,8873
2026-08-21 03:00:42,C,70,1978,371,8873
2026-08-21 03:20:07,B,48,1032,373,8871
2026-08-21 03:20:07,F,128,1418,373,8871
2026-08-21 03:20:07,E,69,1276,373,8871
2026-08-21 03:20:07,A,57,3168,373,8871
2026-08-21 03:20:07,C,71,1977,373,8871
2026-08-21 03:30:34,B,46,1034,372,8872
2026-08-21 03:30:34,F,129,1417,372,8872
2026-08-21 03:30:34,E,69,1276,372,8872
2026-08-21 03:30:34,A,57,3168,372,8872
2026-08-21 03:30:34,C,71,1977,372,8872
2026-08-21 03:51:45,B,50,1030,376,8868
2026-08-21 03:51:45,F,128,1418,376,8868
2026-08-21 03:51:45,E,69,1276,376,8868
2026-08-21 03:51:45,A,58,3167,376,8868
2026-08-21 03:51:45,C,71,1977,376,8868
2026-08-21 04:00:41,B,47,1033,374,8870
2026-08-21 04:00:41,F,128,1418,374,8870
2026-08-21 04:00:41,E,69,1276,374,8870
2026-08-21 04:00:41,A,58,3167,374,8870
2026-08-21 04:00:41,C,72,1976,374,8870
2026-08-21 04:18:14,B,46,1034,373,8871
2026-08-21 04:18:14,F,128,1418,373,8871
2026-08-21 04:18:14,E,69,1276,373,8871
2026-08-21 04:18:14,A,58,3167,373,8871
2026-08-21 04:18:14,C,72,1976,373,8871
2026-08-21 04:30:35,B,46,1034,374,8870
2026-08-21 04:30:35,F,128,1418,374,8870
2026-08-21 04:30:35,E,70,1275,374,8870
2026-08-21 04:30:35,A,58,3167,374,8870
2026-08-21 04:30:35,C,72,1976,374,8870
2026-08-21 05:00:40,B,47,1033,375,8869
2026-08-21 05:00:40,F,129,1417,375,8869
2026-08-21 05:00:40,E,69,1276,375,8869
2026-08-21 05:00:40,A,57,3168,375,8869
2026-08-21 05:00:40,C,73,1975,375,8869
2026-08-21 05:07:03,B,46,1034,375,8869
2026-08-21 05:07:03,F,130,1416,375,8869
2026-08-21 05:07:03,E,68,1277,375,8869
2026-08-21 05:07:03,A,57,3168,375,8869
2026-08-21 05:07:03,C,74,1974,375,8869
2026-08-21 05:30:34,B,43,1037,382,8862
2026-08-21 05:30:34,F,134,1412,382,8862
2026-08-21 05:30:34,E,69,1276,382,8862
2026-08-21 05:30:34,A,56,3169,382,8862
2026-08-21 05:30:34,C,80,1968,382,8862
2026-08-21 05:50:56,B,44,1036,423,8821
2026-08-21 05:50:56,F,153,1393,423,8821
2026-08-21 05:50:56,E,78,1267,423,8821
2026-08-21 05:50:56,A,66,3159,423,8821
2026-08-21 05:50:56,C,82,1966,423,8821
2026-08-21 06:00:42,B,45,1035,457,8787
2026-08-21 06:00:42,F,165,1381,457,8787
2026-08-21 06:00:42,E,86,1259,457,8787
2026-08-21 06:00:42,A,71,3154,457,8787
2026-08-21 06:00:42,C,90,1958,457,8787
2026-08-21 06:13:50,B,44,1036,492,8752
2026-08-21 06:13:50,F,175,1371,492,8752
2026-08-21 06:13:50,E,99,1246,492,8752
2026-08-21 06:13:50,A,75,3150,492,8752
2026-08-21 06:13:50,C,99,1949,492,8752
2026-08-21 06:30:37,B,45,1035,527,8717
2026-08-21 06:30:37,F,186,1360,527,8717
2026-08-21 06:30:37,E,105,1240,527,8717
2026-08-21 06:30:37,A,77,3148,527,8717
2026-08-21 06:30:37,C,114,1934,527,8717
2026-08-21 07:00:40,B,42,1038,634,8610
2026-08-21 07:00:40,F,222,1324,634,8610
2026-08-21 07:00:40,E,124,1221,634,8610
2026-08-21 07:00:40,A,95,3130,634,8610
2026-08-21 07:00:40,C,151,1897,634,8610
2026-08-21 07:14:44,B,44,1036,697,8547
2026-08-21 07:14:44,F,247,1299,697,8547
2026-08-21 07:14:44,E,131,1214,697,8547
2026-08-21 07:14:44,A,113,3112,697,8547
2026-08-21 07:14:44,C,162,1886,697,8547
2026-08-21 08:00:41,B,45,1035,990,8254
2026-08-21 08:00:41,F,317,1229,990,8254
2026-08-21 08:00:41,E,193,1152,990,8254
2026-08-21 08:00:41,A,165,3060,990,8254
2026-08-21 08:00:41,C,270,1778,990,8254
2026-08-21 08:13:02,B,46,1034,1081,8163
2026-08-21 08:13:02,F,326,1220,1081,8163
2026-08-21 08:13:02,E,215,1130,1081,8163
2026-08-21 08:13:02,A,181,3044,1081,8163
2026-08-21 08:13:02,C,313,1735,1081,8163
2026-08-21 08:30:35,B,46,1034,1270,7974
2026-08-21 08:30:35,F,355,1191,1270,7974
2026-08-21 08:30:35,E,263,1082,1270,7974
2026-08-21 08:30:35,A,224,3001,1270,7974
2026-08-21 08:30:35,C,382,1666,1270,7974
2026-08-21 08:50:03,B,60,1020,1607,7637
2026-08-21 08:50:03,F,439,1107,1607,7637
2026-08-21 08:50:03,E,322,1023,1607,7637
2026-08-21 08:50:03,A,328,2897,1607,7637
2026-08-21 08:50:03,C,458,1590,1607,7637
2026-08-21 09:00:47,B,111,969,1893,7351
2026-08-21 09:00:47,F,498,1048,1893,7351
2026-08-21 09:00:47,E,371,974,1893,7351
2026-08-21 09:00:47,A,395,2830,1893,7351
2026-08-21 09:00:47,C,518,1530,1893,7351
2026-08-21 09:45:33,B,289,791,2801,6443
2026-08-21 09:45:33,F,654,892,2801,6443
2026-08-21 09:45:33,E,546,799,2801,6443
2026-08-21 09:45:33,A,601,2624,2801,6443
2026-08-21 09:45:33,C,711,1337,2801,6443
2026-08-21 10:00:42,B,345,735,3050,6194
2026-08-21 10:00:42,F,711,835,3050,6194
2026-08-21 10:00:42,E,578,767,3050,6194
2026-08-21 10:00:42,A,671,2554,3050,6194
2026-08-21 10:00:42,C,745,1303,3050,6194
2026-08-21 10:28:32,B,404,676,3388,5856
2026-08-21 10:28:32,F,783,763,3388,5856
2026-08-21 10:28:32,E,646,699,3388,5856
2026-08-21 10:28:32,A,744,2481,3388,5856
2026-08-21 10:28:32,C,811,1237,3388,5856
2026-08-21 10:30:33,B,408,672,3418,5826
2026-08-21 10:30:33,F,792,754,3418,5826
2026-08-21 10:30:33,E,646,699,3418,5826
2026-08-21 10:30:33,A,759,2466,3418,5826
2026-08-21 10:30:33,C,813,1235,3418,5826
2026-08-21 11:00:40,B,533,547,4034,5210
2026-08-21 11:00:40,F,930,616,4034,5210
2026-08-21 11:00:40,E,755,590,4034,5210
2026-08-21 11:00:40,A,904,2321,4034,5210
2026-08-21 11:00:40,C,912,1136,4034,5210
2026-08-21 11:30:33,B,645,435,4407,4837
2026-08-21 11:30:33,F,987,559,4407,4837
2026-08-21 11:30:33,E,785,560,4407,4837
2026-08-21 11:30:33,A,1005,2220,4407,4837
2026-08-21 11:30:33,C,985,1063,4407,4837
2026-08-21 12:00:42,B,698,382,4684,4560
2026-08-21 12:00:42,F,1030,516,4684,4560
2026-08-21 12:00:42,E,819,526,4684,4560
2026-08-21 12:00:42,A,1087,2138,4684,4560
2026-08-21 12:00:42,C,1050,998,4684,4560
2026-08-21 12:06:30,B,712,368,4705,4539
2026-08-21 12:06:30,F,1030,516,4705,4539
2026-08-21 12:06:30,E,817,528,4705,4539
2026-08-21 12:06:30,A,1095,2130,4705,4539
2026-08-21 12:06:30,C,1051,997,4705,4539
2026-08-21 12:30:33,B,750,330,4856,4388
2026-08-21 12:30:33,F,1053,493,4856,4388
2026-08-21 12:30:33,E,828,517,4856,4388
2026-08-21 12:30:33,A,1157,2068,4856,4388
2026-08-21 12:30:33,C,1068,980,4856,4388
2026-08-21 13:00:39,B,815,265,5100,4144
2026-08-21 13:00:39,F,1079,467,5100,4144
2026-08-21 13:00:39,E,858,487,5100,4144
2026-08-21 13:00:39,A,1235,1990,5100,4144
2026-08-21 13:00:39,C,1113,935,5100,4144
2026-08-21 14:00:40,B,880,200,5421,3823
2026-08-21 14:00:40,F,1119,427,5421,3823
2026-08-21 14:00:40,E,881,464,5421,3823
2026-08-21 14:00:40,A,1364,1861,5421,3823
2026-08-21 14:00:40,C,1177,871,5421,3823
2026-08-21 14:07:04,B,873,207,5456,3788
2026-08-21 14:07:04,F,1127,419,5456,3788
2026-08-21 14:07:04,E,889,456,5456,3788
2026-08-21 14:07:04,A,1403,1822,5456,3788
2026-08-21 14:07:04,C,1164,884,5456,3788
2026-08-21 15:30:35,B,827,253,5368,3876
2026-08-21 15:30:35,F,1120,426,5368,3876
2026-08-21 15:30:35,E,843,502,5368,3876
2026-08-21 15:30:35,A,1469,1756,5368,3876
2026-08-21 15:30:35,C,1109,939,5368,3876
2026-08-21 15:31:20,B,825,255,5361,3883
2026-08-21 15:31:20,F,1117,429,5361,3883
2026-08-21 15:31:20,E,844,501,5361,3883
2026-08-21 15:31:20,A,1470,1755,5361,3883
2026-08-21 15:31:20,C,1105,943,5361,3883
2026-08-21 16:00:41,B,801,279,5213,4031
2026-08-21 16:00:41,F,1104,442,5213,4031
2026-08-21 16:00:41,E,818,527,5213,4031
2026-08-21 16:00:41,A,1419,1806,5213,4031
2026-08-21 16:00:41,C,1071,977,5213,4031
2026-08-21 16:20:52,B,783,297,5162,4082
2026-08-21 16:20:52,F,1103,443,5162,4082
2026-08-21 16:20:52,E,797,548,5162,4082
2026-08-21 16:20:52,A,1408,1817,5162,4082
2026-08-21 16:20:52,C,1071,977,5162,4082
2026-08-21 17:00:40,B,766,314,5024,4220
2026-08-21 17:00:40,F,1094,452,5024,4220
2026-08-21 17:00:40,E,786,559,5024,4220
2026-08-21 17:00:40,A,1365,1860,5024,4220
2026-08-21 17:00:40,C,1013,1035,5024,4220
2026-08-21 17:30:33,B,792,288,4908,4336
2026-08-21 17:30:33,F,1100,446,4908,4336
2026-08-21 17:30:33,E,763,582,4908,4336
2026-08-21 17:30:33,A,1296,1929,4908,4336
2026-08-21 17:30:33,C,957,1091,4908,4336
2026-08-21 18:00:42,B,816,264,4881,4363
2026-08-21 18:00:42,F,1088,458,4881,4363
2026-08-21 18:00:42,E,765,580,4881,4363
2026-08-21 18:00:42,A,1245,1980,4881,4363
2026-08-21 18:00:42,C,967,1081,4881,4363
2026-08-21 18:02:00,B,821,259,4900,4344
2026-08-21 18:02:00,F,1090,456,4900,4344
2026-08-21 18:02:00,E,768,577,4900,4344
2026-08-21 18:02:00,A,1247,1978,4900,4344
2026-08-21 18:02:00,C,974,1074,4900,4344
2026-08-21 18:30:34,B,872,208,4950,4294
2026-08-21 18:30:34,F,1090,456,4950,4294
2026-08-21 18:30:34,E,773,572,4950,4294
2026-08-21 18:30:34,A,1242,1983,4950,4294
2026-08-21 18:30:34,C,973,1075,4950,4294
2026-08-21 19:00:40,B,898,182,5039,4205
2026-08-21 19:00:40,F,1098,448,5039,4205
2026-08-21 19:00:40,E,801,544,5039,4205
2026-08-21 19:00:40,A,1254,1971,5039,4205
2026-08-21 19:00:40,C,988,1060,5039,4205
2026-08-21 19:04:00,B,897,183,5036,4208
2026-08-21 19:04:00,F,1098,448,5036,4208
2026-08-21 19:04:00,E,800,545,5036,4208
2026-08-21 19:04:00,A,1249,1976,5036,4208
2026-08-21 19:04:00,C,992,1056,5036,4208
2026-08-21 19:30:34,B,909,171,5207,4037
2026-08-21 19:30:34,F,1124,422,5207,4037
2026-08-21 19:30:34,E,826,519,5207,4037
2026-08-21 19:30:34,A,1327,1898,5207,4037
2026-08-21 19:30:34,C,1021,1027,5207,4037
2026-08-21 19:56:35,B,910,170,5282,3962
2026-08-21 19:56:35,F,1122,424,5282,3962
2026-08-21 19:56:35,E,848,497,5282,3962
2026-08-21 19:56:35,A,1365,1860,5282,3962
2026-08-21 19:56:35,C,1037,1011,5282,3962
2026-08-21 20:00:42,B,917,163,5279,3965
2026-08-21 20:00:42,F,1123,423,5279,3965
2026-08-21 20:00:42,E,843,502,5279,3965
2026-08-21 20:00:42,A,1369,1856,5279,3965
2026-08-21 20:00:42,C,1027,1021,5279,3965
2026-08-21 21:48:10,B,794,286,4299,4945
2026-08-21 21:48:10,F,952,594,4299,4945
2026-08-21 21:48:10,E,727,618,4299,4945
2026-08-21 21:48:10,A,1104,2121,4299,4945
2026-08-21 21:48:10,C,722,1326,4299,4945
2026-08-21 22:00:46,B,771,309,4156,5088
2026-08-21 22:00:46,F,940,606,4156,5088
2026-08-21 22:00:46,E,697,648,4156,5088
2026-08-21 22:00:46,A,1069,2156,4156,5088
2026-08-21 22:00:46,C,679,1369,4156,5088
2026-08-21 22:18:14,B,709,371,3782,5462
2026-08-21 22:18:14,F,880,666,3782,5462
2026-08-21 22:18:14,E,650,695,3782,5462
2026-08-21 22:18:14,A,984,2241,3782,5462
2026-08-21 22:18:14,C,559,1489,3782,5462
2026-08-21 22:30:34,B,673,407,3610,5634
2026-08-21 22:30:34,F,854,692,3610,5634
2026-08-21 22:30:34,E,628,717,3610,5634
2026-08-21 22:30:34,A,943,2282,3610,5634
2026-08-21 22:30:34,C,512,1536,3610,5634
2026-08-21 23:22:44,B,530,550,2899,6345
2026-08-21 23:22:44,F,744,802,2899,6345
2026-08-21 23:22:44,E,520,825,2899,6345
2026-08-21 23:22:44,A,767,2458,2899,6345
2026-08-21 23:22:44,C,338,1710,2899,6345
2026-08-21 23:30:37,B,520,560,2871,6373
2026-08-21 23:30:37,F,740,806,2871,6373
2026-08-21 23:30:37,E,513,832,2871,6373
2026-08-21 23:30:37,A,759,2466,2871,6373
2026-08-21 23:30:37,C,339,1709,2871,6373
2026-08-22 00:03:08,B,415,665,2477,6767
2026-08-22 00:03:08,F,653,893,2477,6767
2026-08-22 00:03:08,E,466,879,2477,6767
2026-08-22 00:03:08,A,659,2566,2477,6767
2026-08-22 00:03:08,C,284,1764,2477,6767
2026-08-22 00:30:35,B,288,792,2057,7187
2026-08-22 00:30:35,F,601,945,2057,7187
2026-08-22 00:30:35,E,410,935,2057,7187
2026-08-22 00:30:35,A,548,2677,2057,7187
2026-08-22 00:30:35,C,210,1838,2057,7187
2026-08-22 01:28:32,B,77,1003,1079,8165
2026-08-22 01:28:32,F,438,1108,1079,8165
2026-08-22 01:28:32,E,239,1106,1079,8165
2026-08-22 01:28:32,A,222,3003,1079,8165
2026-08-22 01:28:32,C,103,1945,1079,8165
2026-08-22 01:30:35,B,72,1008,1039,8205
2026-08-22 01:30:35,F,424,1122,1039,8205
2026-08-22 01:30:35,E,232,1113,1039,8205
2026-08-22 01:30:35,A,209,3016,1039,8205
2026-08-22 01:30:35,C,102,1946,1039,8205
2026-08-22 01:58:01,B,58,1022,644,8600
2026-08-22 01:58:01,F,250,1296,644,8600
2026-08-22 01:58:01,E,155,1190,644,8600
2026-08-22 01:58:01,A,92,3133,644,8600
2026-08-22 01:58:01,C,89,1959,644,8600
2026-08-22 02:00:44,B,58,1022,638,8606
2026-08-22 02:00:44,F,247,1299,638,8606
2026-08-22 02:00:44,E,154,1191,638,8606
2026-08-22 02:00:44,A,90,3135,638,8606
2026-08-22 02:00:44,C,89,1959,638,8606
2026-08-22 02:25:32,B,45,1035,521,8723
2026-08-22 02:25:32,F,196,1350,521,8723
2026-08-22 02:25:32,E,123,1222,521,8723
2026-08-22 02:25:32,A,75,3150,521,8723
2026-08-22 02:25:32,C,82,1966,521,8723
2026-08-22 02:30:34,B,45,1035,507,8737
2026-08-22 02:30:34,F,190,1356,507,8737
2026-08-22 02:30:34,E,118,1227,507,8737
2026-08-22 02:30:34,A,72,3153,507,8737
2026-08-22 02:30:34,C,82,1966,507,8737
2026-08-22 02:57:19,B,43,1037,474,8770
2026-08-22 02:57:19,F,178,1368,474,8770
2026-08-22 02:57:19,E,111,1234,474,8770
2026-08-22 02:57:19,A,64,3161,474,8770
2026-08-22 02:57:19,C,78,1970,474,8770
2026-08-22 03:00:43,B,43,1037,471,8773
2026-08-22 03:00:43,F,177,1369,471,8773
2026-08-22 03:00:43,E,111,1234,471,8773
2026-08-22 03:00:43,A,62,3163,471,8773
2026-08-22 03:00:43,C,78,1970,471,8773
2026-08-22 03:21:07,B,42,1038,453,8791
2026-08-22 03:21:07,F,172,1374,453,8791
2026-08-22 03:21:07,E,108,1237,453,8791
2026-08-22 03:21:07,A,53,3172,453,8791
2026-08-22 03:21:07,C,78,1970,453,8791
2026-08-22 03:30:36,B,41,1039,450,8794
2026-08-22 03:30:36,F,172,1374,450,8794
2026-08-22 03:30:36,E,107,1238,450,8794
2026-08-22 03:30:36,A,52,3173,450,8794
2026-08-22 03:30:36,C,78,1970,450,8794
2026-08-22 03:51:27,B,41,1039,446,8798
2026-08-22 03:51:27,F,169,1377,446,8798
2026-08-22 03:51:27,E,105,1240,446,8798
2026-08-22 03:51:27,A,51,3174,446,8798
2026-08-22 03:51:27,C,80,1968,446,8798
2026-08-22 05:00:40,B,42,1038,443,8801
2026-08-22 05:00:40,F,168,1378,443,8801
2026-08-22 05:00:40,E,104,1241,443,8801
2026-08-22 05:00:40,A,47,3178,443,8801
2026-08-22 05:00:40,C,82,1966,443,8801
2026-08-22 05:30:33,B,43,1037,445,8799
2026-08-22 05:30:33,F,172,1374,445,8799
2026-08-22 05:30:33,E,105,1240,445,8799
2026-08-22 05:30:33,A,45,3180,445,8799
2026-08-22 05:30:33,C,80,1968,445,8799
2026-08-22 05:43:31,B,44,1036,452,8792
2026-08-22 05:43:31,F,175,1371,452,8792
2026-08-22 05:43:31,E,106,1239,452,8792
2026-08-22 05:43:31,A,45,3180,452,8792
2026-08-22 05:43:31,C,82,1966,452,8792
2026-08-22 06:00:40,B,45,1035,480,8764
2026-08-22 06:00:40,F,184,1362,480,8764
2026-08-22 06:00:40,E,112,1233,480,8764
2026-08-22 06:00:40,A,51,3174,480,8764
2026-08-22 06:00:40,C,88,1960,480,8764
2026-08-22 06:10:02,B,44,1036,489,8755
2026-08-22 06:10:02,F,187,1359,489,8755
2026-08-22 06:10:02,E,114,1231,489,8755
2026-08-22 06:10:02,A,52,3173,489,8755
2026-08-22 06:10:02,C,92,1956,489,8755
2026-08-22 06:30:35,B,44,1036,511,8733
2026-08-22 06:30:35,F,195,1351,511,8733
2026-08-22 06:30:35,E,120,1225,511,8733
2026-08-22 06:30:35,A,52,3173,511,8733
2026-08-22 06:30:35,C,100,1948,511,8733
2026-08-22 06:45:01,B,43,1037,532,8712
2026-08-22 06:45:01,F,204,1342,532,8712
2026-08-22 06:45:01,E,125,1220,532,8712
2026-08-22 06:45:01,A,54,3171,532,8712
2026-08-22 06:45:01,C,106,1942,532,8712
2026-08-22 07:11:13,B,43,1037,598,8646
2026-08-22 07:11:13,F,226,1320,598,8646
2026-08-22 07:11:13,E,131,1214,598,8646
2026-08-22 07:11:13,A,76,3149,598,8646
2026-08-22 07:11:13,C,122,1926,598,8646
2026-08-22 07:43:59,B,42,1038,696,8548
2026-08-22 07:43:59,F,242,1304,696,8548
2026-08-22 07:43:59,E,154,1191,696,8548
2026-08-22 07:43:59,A,102,3123,696,8548
2026-08-22 07:43:59,C,156,1892,696,8548
2026-08-22 08:00:40,B,43,1037,819,8425
2026-08-22 08:00:40,F,262,1284,819,8425
2026-08-22 08:00:40,E,187,1158,819,8425
2026-08-22 08:00:40,A,129,3096,819,8425
2026-08-22 08:00:40,C,198,1850,819,8425
2026-08-22 08:30:32,B,43,1037,1051,8193
2026-08-22 08:30:32,F,298,1248,1051,8193
2026-08-22 08:30:32,E,234,1111,1051,8193
2026-08-22 08:30:32,A,193,3032,1051,8193
2026-08-22 08:30:32,C,283,1765,1051,8193
2026-08-22 08:46:03,B,42,1038,1361,7883
2026-08-22 08:46:03,F,369,1177,1361,7883
2026-08-22 08:46:03,E,304,1041,1361,7883
2026-08-22 08:46:03,A,266,2959,1361,7883
2026-08-22 08:46:03,C,380,1668,1361,7883
2026-08-22 09:10:54,B,193,887,2091,7153
2026-08-22 09:10:54,F,515,1031,2091,7153
2026-08-22 09:10:54,E,455,890,2091,7153
2026-08-22 09:10:54,A,432,2793,2091,7153
2026-08-22 09:10:54,C,496,1552,2091,7153
2026-08-22 10:00:44,B,483,597,3324,5920
2026-08-22 10:00:44,F,715,831,3324,5920
2026-08-22 10:00:44,E,602,743,3324,5920
2026-08-22 10:00:44,A,738,2487,3324,5920
2026-08-22 10:00:44,C,786,1262,3324,5920
2026-08-22 10:30:30,B,656,424,4250,4994
2026-08-22 10:30:30,F,895,651,4250,4994
2026-08-22 10:30:30,E,728,617,4250,4994
2026-08-22 10:30:30,A,1019,2206,4250,4994
2026-08-22 10:30:30,C,952,1096,4250,4994
2026-08-22 11:00:41,B,791,289,4976,4268
2026-08-22 11:00:41,F,1008,538,4976,4268
2026-08-22 11:00:41,E,846,499,4976,4268
2026-08-22 11:00:41,A,1239,1986,4976,4268
2026-08-22 11:00:41,C,1092,956,4976,4268
2026-08-22 11:30:33,B,901,179,5841,3403
2026-08-22 11:30:33,F,1164,382,5841,3403
2026-08-22 11:30:33,E,996,349,5841,3403
2026-08-22 11:30:33,A,1533,1692,5841,3403
2026-08-22 11:30:33,C,1247,801,5841,3403
2026-08-22 11:55:12,B,940,140,6069,3175
2026-08-22 11:55:12,F,1203,343,6069,3175
2026-08-22 11:55:12,E,1025,320,6069,3175
2026-08-22 11:55:12,A,1615,1610,6069,3175
2026-08-22 11:55:12,C,1286,762,6069,3175
2026-08-22 12:30:34,B,942,138,6299,2945
2026-08-22 12:30:34,F,1239,307,6299,2945
2026-08-22 12:30:34,E,1043,302,6299,2945
2026-08-22 12:30:34,A,1730,1495,6299,2945
2026-08-22 12:30:34,C,1345,703,6299,2945
2026-08-22 12:43:54,B,965,115,6530,2714
2026-08-22 12:43:54,F,1254,292,6530,2714
2026-08-22 12:43:54,E,1089,256,6530,2714
2026-08-22 12:43:54,A,1843,1382,6530,2714
2026-08-22 12:43:54,C,1379,669,6530,2714
2026-08-22 13:00:42,B,982,98,6793,2451
2026-08-22 13:00:42,F,1261,285,6793,2451
2026-08-22 13:00:42,E,1116,229,6793,2451
2026-08-22 13:00:42,A,1989,1236,6793,2451
2026-08-22 13:00:42,C,1445,603,6793,2451
2026-08-22 13:30:30,B,986,94,7224,2020
2026-08-22 13:30:30,F,1282,264,7224,2020
2026-08-22 13:30:30,E,1151,194,7224,2020
2026-08-22 13:30:30,A,2259,966,7224,2020
2026-08-22 13:30:30,C,1546,502,7224,2020
2026-08-22 14:00:42,B,965,115,7254,1990
2026-08-22 14:00:42,F,1271,275,7254,1990
2026-08-22 14:00:42,E,1124,221,7254,1990
2026-08-22 14:00:42,A,2320,905,7254,1990
2026-08-22 14:00:42,C,1574,474,7254,1990
2026-08-22 14:30:35,B,959,121,7281,1963
2026-08-22 14:30:35,F,1258,288,7281,1963
2026-08-22 14:30:35,E,1085,260,7281,1963
2026-08-22 14:30:35,A,2407,818,7281,1963
2026-08-22 14:30:35,C,1572,476,7281,1963
2026-08-22 15:15:00,B,950,130,7294,1950
2026-08-22 15:15:00,F,1248,298,7294,1950
2026-08-22 15:15:00,E,1073,272,7294,1950
2026-08-22 15:15:00,A,2473,752,7294,1950
2026-08-22 15:15:00,C,1550,498,7294,1950
2026-08-22 15:30:35,B,956,124,7339,1905
2026-08-22 15:30:35,F,1245,301,7339,1905
2026-08-22 15:30:35,E,1067,278,7339,1905
2026-08-22 15:30:35,A,2516,709,7339,1905
2026-08-22 15:30:35,C,1555,493,7339,1905
2026-08-22 15:48:22,B,934,146,7311,1933
2026-08-22 15:48:22,F,1242,304,7311,1933
2026-08-22 15:48:22,E,1057,288,7311,1933
2026-08-22 15:48:22,A,2530,695,7311,1933
2026-08-22 15:48:22,C,1548,500,7311,1933
2026-08-22 16:00:40,B,939,141,7294,1950
2026-08-22 16:00:40,F,1234,312,7294,1950
2026-08-22 16:00:40,E,1059,286,7294,1950
2026-08-22 16:00:40,A,2521,704,7294,1950
2026-08-22 16:00:40,C,1541,507,7294,1950
2026-08-22 16:30:33,B,944,136,7285,1959
2026-08-22 16:30:33,F,1238,308,7285,1959
2026-08-22 16:30:33,E,1058,287,7285,1959
2026-08-22 16:30:33,A,2509,716,7285,1959
2026-08-22 16:30:33,C,1536,512,7285,1959
2026-08-22 17:00:41,B,940,140,7167,2077
2026-08-22 17:00:41,F,1232,314,7167,2077
2026-08-22 17:00:41,E,1046,299,7167,2077
2026-08-22 17:00:41,A,2469,756,7167,2077
2026-08-22 17:00:41,C,1480,568,7167,2077
2026-08-22 17:05:30,B,948,132,7108,2136
2026-08-22 17:05:30,F,1222,324,7108,2136
2026-08-22 17:05:30,E,1028,317,7108,2136
2026-08-22 17:05:30,A,2439,786,7108,2136
2026-08-22 17:05:30,C,1471,577,7108,2136
2026-08-22 17:30:33,B,977,103,7027,2217
2026-08-22 17:30:33,F,1246,300,7027,2217
2026-08-22 17:30:33,E,1037,308,7027,2217
2026-08-22 17:30:33,A,2325,900,7027,2217
2026-08-22 17:30:33,C,1442,606,7027,2217
2026-08-22 18:13:30,B,957,123,6725,2519
2026-08-22 18:13:30,F,1220,326,6725,2519
2026-08-22 18:13:30,E,984,361,6725,2519
2026-08-22 18:13:30,A,2184,1041,6725,2519
2026-08-22 18:13:30,C,1380,668,6725,2519
2026-08-22 18:30:31,B,967,113,6584,2660
2026-08-22 18:30:31,F,1215,331,6584,2660
2026-08-22 18:30:31,E,948,397,6584,2660
2026-08-22 18:30:31,A,2107,1118,6584,2660
2026-08-22 18:30:31,C,1347,701,6584,2660
2026-08-22 18:52:34,B,961,119,6499,2745
2026-08-22 18:52:34,F,1215,331,6499,2745
2026-08-22 18:52:34,E,953,392,6499,2745
2026-08-22 18:52:34,A,2034,1191,6499,2745
2026-08-22 18:52:34,C,1336,712,6499,2745
2026-08-22 19:00:42,B,952,128,6457,2787
2026-08-22 19:00:42,F,1211,335,6457,2787
2026-08-22 19:00:42,E,946,399,6457,2787
2026-08-22 19:00:42,A,2019,1206,6457,2787
2026-08-22 19:00:42,C,1329,719,6457,2787
2026-08-22 19:30:33,B,946,134,6368,2876
2026-08-22 19:30:33,F,1211,335,6368,2876
2026-08-22 19:30:33,E,923,422,6368,2876
2026-08-22 19:30:33,A,1997,1228,6368,2876
2026-08-22 19:30:33,C,1291,757,6368,2876
2026-08-22 19:47:03,B,934,146,6247,2997
2026-08-22 19:47:03,F,1189,357,6247,2997
2026-08-22 19:47:03,E,915,430,6247,2997
2026-08-22 19:47:03,A,1945,1280,6247,2997
2026-08-22 19:47:03,C,1264,784,6247,2997
2026-08-22 20:00:41,B,929,151,6157,3087
2026-08-22 20:00:41,F,1176,370,6157,3087
2026-08-22 20:00:41,E,924,421,6157,3087
2026-08-22 20:00:41,A,1901,1324,6157,3087
2026-08-22 20:00:41,C,1227,821,6157,3087
2026-08-22 20:09:21,B,939,141,6101,3143
2026-08-22 20:09:21,F,1170,376,6101,3143
2026-08-22 20:09:21,E,916,429,6101,3143
2026-08-22 20:09:21,A,1869,1356,6101,3143
2026-08-22 20:09:21,C,1207,841,6101,3143
2026-08-22 20:30:34,B,941,139,5613,3631
2026-08-22 20:30:34,F,1098,448,5613,3631
2026-08-22 20:30:34,E,854,491,5613,3631
2026-08-22 20:30:34,A,1624,1601,5613,3631
2026-08-22 20:30:34,C,1096,952,5613,3631
2026-08-22 21:00:42,B,938,142,5207,4037
2026-08-22 21:00:42,F,1048,498,5207,4037
2026-08-22 21:00:42,E,787,558,5207,4037
2026-08-22 21:00:42,A,1471,1754,5207,4037
2026-08-22 21:00:42,C,963,1085,5207,4037
2026-08-22 21:30:35,B,842,238,4626,4618
2026-08-22 21:30:35,F,960,586,4626,4618
2026-08-22 21:30:35,E,713,632,4626,4618
2026-08-22 21:30:35,A,1279,1946,4626,4618
2026-08-22 21:30:35,C,832,1216,4626,4618
2026-08-22 21:41:00,B,797,283,4347,4897
2026-08-22 21:41:00,F,924,622,4347,4897
2026-08-22 21:41:00,E,667,678,4347,4897
2026-08-22 21:41:00,A,1183,2042,4347,4897
2026-08-22 21:41:00,C,776,1272,4347,4897
2026-08-22 22:11:46,B,703,377,3722,5522
2026-08-22 22:11:46,F,845,701,3722,5522
2026-08-22 22:11:46,E,587,758,3722,5522
2026-08-22 22:11:46,A,984,2241,3722,5522
2026-08-22 22:11:46,C,603,1445,3722,5522
2026-08-22 22:30:34,B,617,463,3174,6070
2026-08-22 22:30:34,F,761,785,3174,6070
2026-08-22 22:30:34,E,520,825,3174,6070
2026-08-22 22:30:34,A,832,2393,3174,6070
2026-08-22 22:30:34,C,444,1604,3174,6070
2026-08-22 23:00:42,B,537,543,2604,6640
2026-08-22 23:00:42,F,672,874,2604,6640
2026-08-22 23:00:42,E,439,906,2604,6640
2026-08-22 23:00:42,A,645,2580,2604,6640
2026-08-22 23:00:42,C,311,1737,2604,6640
2026-08-22 23:05:56,B,531,549,2563,6681
2026-08-22 23:05:56,F,670,876,2563,6681
2026-08-22 23:05:56,E,431,914,2563,6681
2026-08-22 23:05:56,A,621,2604,2563,6681
2026-08-22 23:05:56,C,310,1738,2563,6681
2026-08-22 23:30:33,B,425,655,1891,7353
2026-08-22 23:30:33,F,543,1003,1891,7353
2026-08-22 23:30:33,E,321,1024,1891,7353
2026-08-22 23:30:33,A,418,2807,1891,7353
2026-08-22 23:30:33,C,184,1864,1891,7353
2026-08-22 23:48:19,B,362,718,1687,7557
2026-08-22 23:48:19,F,506,1040,1687,7557
2026-08-22 23:48:19,E,294,1051,1687,7557
2026-08-22 23:48:19,A,368,2857,1687,7557
2026-08-22 23:48:19,C,157,1891,1687,7557
2026-08-23 00:00:43,B,352,728,1640,7604
2026-08-23 00:00:43,F,506,1040,1640,7604
2026-08-23 00:00:43,E,276,1069,1640,7604
2026-08-23 00:00:43,A,354,2871,1640,7604
2026-08-23 00:00:43,C,152,1896,1640,7604
2026-08-23 00:08:03,B,333,747,1573,7671
2026-08-23 00:08:03,F,483,1063,1573,7671
2026-08-23 00:08:03,E,266,1079,1573,7671
2026-08-23 00:08:03,A,342,2883,1573,7671
2026-08-23 00:08:03,C,149,1899,1573,7671
2026-08-23 00:30:35,B,247,833,1196,8048
2026-08-23 00:30:35,F,399,1147,1196,8048
2026-08-23 00:30:35,E,205,1140,1196,8048
2026-08-23 00:30:35,A,229,2996,1196,8048
2026-08-23 00:30:35,C,116,1932,1196,8048
2026-08-23 00:43:03,B,178,902,1038,8206
2026-08-23 00:43:03,F,377,1169,1038,8206
2026-08-23 00:43:03,E,178,1167,1038,8206
2026-08-23 00:43:03,A,193,3032,1038,8206
2026-08-23 00:43:03,C,112,1936,1038,8206
2026-08-23 01:00:39,B,107,973,752,8492
2026-08-23 01:00:39,F,290,1256,752,8492
2026-08-23 01:00:39,E,148,1197,752,8492
2026-08-23 01:00:39,A,116,3109,752,8492
2026-08-23 01:00:39,C,91,1957,752,8492
2026-08-23 01:41:23,B,69,1011,572,8672
2026-08-23 01:41:23,F,218,1328,572,8672
2026-08-23 01:41:23,E,116,1229,572,8672
2026-08-23 01:41:23,A,87,3138,572,8672
2026-08-23 01:41:23,C,82,1966,572,8672
2026-08-23 02:00:41,B,62,1018,527,8717
2026-08-23 02:00:41,F,197,1349,527,8717
2026-08-23 02:00:41,E,113,1232,527,8717
2026-08-23 02:00:41,A,75,3150,527,8717
2026-08-23 02:00:41,C,80,1968,527,8717
2026-08-23 02:07:58,B,61,1019,509,8735
2026-08-23 02:07:58,F,193,1353,509,8735
2026-08-23 02:07:58,E,110,1235,509,8735
2026-08-23 02:07:58,A,67,3158,509,8735
2026-08-23 02:07:58,C,78,1970,509,8735
2026-08-23 02:45:21,B,59,1021,480,8764
2026-08-23 02:45:21,F,182,1364,480,8764
2026-08-23 02:45:21,E,104,1241,480,8764
2026-08-23 02:45:21,A,58,3167,480,8764
2026-08-23 02:45:21,C,77,1971,480,8764
2026-08-23 03:00:41,B,59,1021,480,8764
2026-08-23 03:00:41,F,181,1365,480,8764
2026-08-23 03:00:41,E,105,1240,480,8764
2026-08-23 03:00:41,A,57,3168,480,8764
2026-08-23 03:00:41,C,78,1970,480,8764
2026-08-23 03:09:13,B,59,1021,476,8768
2026-08-23 03:09:13,F,181,1365,476,8768
2026-08-23 03:09:13,E,103,1242,476,8768
2026-08-23 03:09:13,A,54,3171,476,8768
2026-08-23 03:09:13,C,79,1969,476,8768
2026-08-23 03:30:32,B,56,1024,463,8781
2026-08-23 03:30:32,F,175,1371,463,8781
2026-08-23 03:30:32,E,103,1242,463,8781
2026-08-23 03:30:32,A,51,3174,463,8781
2026-08-23 03:30:32,C,78,1970,463,8781
2026-08-23 03:41:29,B,56,1024,462,8782
2026-08-23 03:41:29,F,173,1373,462,8782
2026-08-23 03:41:29,E,104,1241,462,8782
2026-08-23 03:41:29,A,51,3174,462,8782
2026-08-23 03:41:29,C,78,1970,462,8782
2026-08-23 04:00:38,B,56,1024,459,8785
2026-08-23 04:00:38,F,172,1374,459,8785
2026-08-23 04:00:38,E,104,1241,459,8785
2026-08-23 04:00:38,A,49,3176,459,8785
2026-08-23 04:00:38,C,78,1970,459,8785
2026-08-23 04:30:34,B,55,1025,455,8789
2026-08-23 04:30:34,F,172,1374,455,8789
2026-08-23 04:30:34,E,103,1242,455,8789
2026-08-23 04:30:34,A,49,3176,455,8789
2026-08-23 04:30:34,C,76,1972,455,8789
2026-08-23 05:12:31,B,58,1022,459,8785
2026-08-23 05:12:31,F,171,1375,459,8785
2026-08-23 05:12:31,E,105,1240,459,8785
2026-08-23 05:12:31,A,49,3176,459,8785
2026-08-23 05:12:31,C,76,1972,459,8785
2026-08-23 05:30:33,B,58,1022,461,8783
2026-08-23 05:30:33,F,174,1372,461,8783
2026-08-23 05:30:33,E,102,1243,461,8783
2026-08-23 05:30:33,A,49,3176,461,8783
2026-08-23 05:30:33,C,78,1970,461,8783
2026-08-23 05:41:49,B,58,1022,464,8780
2026-08-23 05:41:49,F,175,1371,464,8780
2026-08-23 05:41:49,E,103,1242,464,8780
2026-08-23 05:41:49,A,49,3176,464,8780
2026-08-23 05:41:49,C,79,1969,464,8780
2026-08-23 06:00:37,B,56,1024,466,8778
2026-08-23 06:00:37,F,175,1371,466,8778
2026-08-23 06:00:37,E,103,1242,466,8778
2026-08-23 06:00:37,A,50,3175,466,8778
2026-08-23 06:00:37,C,82,1966,466,8778
2026-08-23 06:30:32,B,57,1023,480,8764
2026-08-23 06:30:32,F,180,1366,480,8764
2026-08-23 06:30:32,E,110,1235,480,8764
2026-08-23 06:30:32,A,48,3177,480,8764
2026-08-23 06:30:32,C,85,1963,480,8764
2026-08-23 06:44:26,B,57,1023,483,8761
2026-08-23 06:44:26,F,180,1366,483,8761
2026-08-23 06:44:26,E,111,1234,483,8761
2026-08-23 06:44:26,A,49,3176,483,8761
2026-08-23 06:44:26,C,86,1962,483,8761
2026-08-23 07:09:09,B,57,1023,515,8729
2026-08-23 07:09:09,F,193,1353,515,8729
2026-08-23 07:09:09,E,118,1227,515,8729
2026-08-23 07:09:09,A,50,3175,515,8729
2026-08-23 07:09:09,C,97,1951,515,8729
2026-08-23 07:30:33,B,54,1026,541,8703
2026-08-23 07:30:33,F,197,1349,541,8703
2026-08-23 07:30:33,E,125,1220,541,8703
2026-08-23 07:30:33,A,53,3172,541,8703
2026-08-23 07:30:33,C,112,1936,541,8703
2026-08-23 08:00:40,B,54,1026,646,8598
2026-08-23 08:00:40,F,217,1329,646,8598
2026-08-23 08:00:40,E,145,1200,646,8598
2026-08-23 08:00:40,A,75,3150,646,8598
2026-08-23 08:00:40,C,155,1893,646,8598
2026-08-23 08:07:30,B,54,1026,672,8572
2026-08-23 08:07:30,F,218,1328,672,8572
2026-08-23 08:07:30,E,148,1197,672,8572
2026-08-23 08:07:30,A,87,3138,672,8572
2026-08-23 08:07:30,C,165,1883,672,8572
2026-08-23 08:30:33,B,53,1027,763,8481
2026-08-23 08:30:33,F,234,1312,763,8481
2026-08-23 08:30:33,E,172,1173,763,8481
2026-08-23 08:30:33,A,114,3111,763,8481
2026-08-23 08:30:33,C,190,1858,763,8481
2026-08-23 09:00:39,B,84,996,1033,8211
2026-08-23 09:00:39,F,297,1249,1033,8211
2026-08-23 09:00:39,E,218,1127,1033,8211
2026-08-23 09:00:39,A,165,3060,1033,8211
2026-08-23 09:00:39,C,269,1779,1033,8211
2026-08-23 09:40:43,B,261,819,1853,7391
2026-08-23 09:40:43,F,431,1115,1853,7391
2026-08-23 09:40:43,E,370,975,1853,7391
2026-08-23 09:40:43,A,344,2881,1853,7391
2026-08-23 09:40:43,C,447,1601,1853,7391
2026-08-23 12:00:38,B,935,145,5525,3719
2026-08-23 12:00:38,F,1084,462,5525,3719
2026-08-23 12:00:38,E,911,434,5525,3719
2026-08-23 12:00:38,A,1479,1746,5525,3719
2026-08-23 12:00:38,C,1116,932,5525,3719
2026-08-23 13:00:41,B,954,126,6028,3216
2026-08-23 13:00:41,F,1162,384,6028,3216
2026-08-23 13:00:41,E,948,397,6028,3216
2026-08-23 13:00:41,A,1697,1528,6028,3216
2026-08-23 13:00:41,C,1267,781,6028,3216
2026-08-23 13:26:20,B,956,124,6440,2804
2026-08-23 13:26:20,F,1203,343,6440,2804
2026-08-23 13:26:20,E,1021,324,6440,2804
2026-08-23 13:26:20,A,1888,1337,6440,2804
2026-08-23 13:26:20,C,1372,676,6440,2804
2026-08-23 13:30:33,B,952,128,6448,2796
2026-08-23 13:30:33,F,1206,340,6448,2796
2026-08-23 13:30:33,E,1022,323,6448,2796
2026-08-23 13:30:33,A,1892,1333,6448,2796
2026-08-23 13:30:33,C,1376,672,6448,2796
2026-08-23 14:00:40,B,966,114,6816,2428
2026-08-23 14:00:40,F,1229,317,6816,2428
2026-08-23 14:00:40,E,1073,272,6816,2428
2026-08-23 14:00:40,A,2121,1104,6816,2428
2026-08-23 14:00:40,C,1427,621,6816,2428
2026-08-23 14:06:37,B,971,109,6861,2383
2026-08-23 14:06:37,F,1238,308,6861,2383
2026-08-23 14:06:37,E,1077,268,6861,2383
2026-08-23 14:06:37,A,2153,1072,6861,2383
2026-08-23 14:06:37,C,1422,626,6861,2383
2026-08-23 14:30:35,B,986,94,7120,2124
2026-08-23 14:30:35,F,1267,279,7120,2124
2026-08-23 14:30:35,E,1136,209,7120,2124
2026-08-23 14:30:35,A,2269,956,7120,2124
2026-08-23 14:30:35,C,1462,586,7120,2124
2026-08-23 14:57:35,B,976,104,7216,2028
2026-08-23 14:57:35,F,1284,262,7216,2028
2026-08-23 14:57:35,E,1138,207,7216,2028
2026-08-23 14:57:35,A,2322,903,7216,2028
2026-08-23 14:57:35,C,1496,552,7216,2028
2026-08-23 15:00:39,B,971,109,7213,2031
2026-08-23 15:00:39,F,1284,262,7213,2031
2026-08-23 15:00:39,E,1141,204,7213,2031
2026-08-23 15:00:39,A,2321,904,7213,2031
2026-08-23 15:00:39,C,1496,552,7213,2031
2026-08-23 15:30:35,B,966,114,7066,2178
2026-08-23 15:30:35,F,1260,286,7066,2178
2026-08-23 15:30:35,E,1068,277,7066,2178
2026-08-23 15:30:35,A,2299,926,7066,2178
2026-08-23 15:30:35,C,1473,575,7066,2178
2026-08-23 15:51:09,B,957,123,6933,2311
2026-08-23 15:51:09,F,1240,306,6933,2311
2026-08-23 15:51:09,E,1047,298,6933,2311
2026-08-23 15:51:09,A,2257,968,6933,2311
2026-08-23 15:51:09,C,1432,616,6933,2311
2026-08-23 16:00:40,B,956,124,6869,2375
2026-08-23 16:00:40,F,1228,318,6869,2375
2026-08-23 16:00:40,E,1038,307,6869,2375
2026-08-23 16:00:40,A,2219,1006,6869,2375
2026-08-23 16:00:40,C,1428,620,6869,2375
2026-08-23 16:17:42,B,953,127,6783,2461
2026-08-23 16:17:42,F,1219,327,6783,2461
2026-08-23 16:17:42,E,1019,326,6783,2461
2026-08-23 16:17:42,A,2170,1055,6783,2461
2026-08-23 16:17:42,C,1422,626,6783,2461
2026-08-23 16:30:32,B,941,139,6664,2580
2026-08-23 16:30:32,F,1204,342,6664,2580
2026-08-23 16:30:32,E,991,354,6664,2580
2026-08-23 16:30:32,A,2127,1098,6664,2580
2026-08-23 16:30:32,C,1401,647,6664,2580
2026-08-23 17:07:24,B,923,157,6409,2835
2026-08-23 17:07:24,F,1196,350,6409,2835
2026-08-23 17:07:24,E,964,381,6409,2835
2026-08-23 17:07:24,A,1984,1241,6409,2835
2026-08-23 17:07:24,C,1342,706,6409,2835
2026-08-23 17:52:33,B,905,175,5946,3298
2026-08-23 17:52:33,F,1144,402,5946,3298
2026-08-23 17:52:33,E,925,420,5946,3298
2026-08-23 17:52:33,A,1809,1416,5946,3298
2026-08-23 17:52:33,C,1163,885,5946,3298
2026-08-23 18:00:36,B,904,176,5906,3338
2026-08-23 18:00:36,F,1140,406,5906,3338
2026-08-23 18:00:36,E,914,431,5906,3338
2026-08-23 18:00:36,A,1787,1438,5906,3338
2026-08-23 18:00:36,C,1161,887,5906,3338
2026-08-23 18:30:33,B,896,184,5718,3526
2026-08-23 18:30:33,F,1111,435,5718,3526
2026-08-23 18:30:33,E,878,467,5718,3526
2026-08-23 18:30:33,A,1727,1498,5718,3526
2026-08-23 18:30:33,C,1106,942,5718,3526
2026-08-23 19:14:22,B,877,203,5414,3830
2026-08-23 19:14:22,F,1070,476,5414,3830
2026-08-23 19:14:22,E,807,538,5414,3830
2026-08-23 19:14:22,A,1606,1619,5414,3830
2026-08-23 19:14:22,C,1054,994,5414,3830
2026-08-23 20:00:38,B,803,277,4661,4583
2026-08-23 20:00:38,F,983,563,4661,4583
2026-08-23 20:00:38,E,739,606,4661,4583
2026-08-23 20:00:38,A,1293,1932,4661,4583
2026-08-23 20:00:38,C,843,1205,4661,4583
2026-08-23 20:09:50,B,782,298,4421,4823
2026-08-23 20:09:50,F,940,606,4421,4823
2026-08-23 20:09:50,E,708,637,4421,4823
2026-08-23 20:09:50,A,1216,2009,4421,4823
2026-08-23 20:09:50,C,775,1273,4421,4823
2026-08-23 20:30:32,B,743,337,4044,5200
2026-08-23 20:30:32,F,887,659,4044,5200
2026-08-23 20:30:32,E,655,690,4044,5200
2026-08-23 20:30:32,A,1099,2126,4044,5200
2026-08-23 20:30:32,C,660,1388,4044,5200
2026-08-23 21:09:19,B,610,470,3328,5916
2026-08-23 21:09:19,F,759,787,3328,5916
2026-08-23 21:09:19,E,542,803,3328,5916
2026-08-23 21:09:19,A,891,2334,3328,5916
2026-08-23 21:09:19,C,526,1522,3328,5916
2026-08-23 21:30:32,B,524,556,2904,6340
2026-08-23 21:30:32,F,670,876,2904,6340
2026-08-23 21:30:32,E,495,850,2904,6340
2026-08-23 21:30:32,A,764,2461,2904,6340
2026-08-23 21:30:32,C,451,1597,2904,6340
2026-08-23 22:00:37,B,467,613,2472,6772
2026-08-23 22:00:37,F,593,953,2472,6772
2026-08-23 22:00:37,E,436,909,2472,6772
2026-08-23 22:00:37,A,626,2599,2472,6772
2026-08-23 22:00:37,C,350,1698,2472,6772
2026-08-23 22:11:58,B,443,637,2298,6946
2026-08-23 22:11:58,F,556,990,2298,6946
2026-08-23 22:11:58,E,384,961,2298,6946
2026-08-23 22:11:58,A,589,2636,2298,6946
2026-08-23 22:11:58,C,326,1722,2298,6946
2026-08-23 22:30:31,B,356,724,1989,7255
2026-08-23 22:30:31,F,502,1044,1989,7255
2026-08-23 22:30:31,E,339,1006,1989,7255
2026-08-23 22:30:31,A,518,2707,1989,7255
2026-08-23 22:30:31,C,274,1774,1989,7255
2026-08-23 23:00:40,B,298,782,1518,7726
2026-08-23 23:00:40,F,394,1152,1518,7726
2026-08-23 23:00:40,E,266,1079,1518,7726
2026-08-23 23:00:40,A,378,2847,1518,7726
2026-08-23 23:00:40,C,182,1866,1518,7726
2026-08-23 23:06:59,B,280,800,1389,7855
2026-08-23 23:06:59,F,377,1169,1389,7855
2026-08-23 23:06:59,E,237,1108,1389,7855
2026-08-23 23:06:59,A,331,2894,1389,7855
2026-08-23 23:06:59,C,164,1884,1389,7855
2026-08-23 23:30:32,B,255,825,1134,8110
2026-08-23 23:30:32,F,313,1233,1134,8110
2026-08-23 23:30:32,E,201,1144,1134,8110
2026-08-23 23:30:32,A,239,2986,1134,8110
2026-08-23 23:30:32,C,126,1922,1134,8110
2026-08-23 23:49:48,B,198,882,875,8369
2026-08-23 23:49:48,F,225,1321,875,8369
2026-08-23 23:49:48,E,165,1180,875,8369
2026-08-23 23:49:48,A,174,3051,875,8369
2026-08-23 23:49:48,C,113,1935,875,8369
2026-08-24 00:00:40,B,199,881,843,8401
2026-08-24 00:00:40,F,215,1331,843,8401
2026-08-24 00:00:40,E,159,1186,843,8401
2026-08-24 00:00:40,A,161,3064,843,8401
2026-08-24 00:00:40,C,109,1939,843,8401
2026-08-24 00:10:27,B,175,905,795,8449
2026-08-24 00:10:27,F,211,1335,795,8449
2026-08-24 00:10:27,E,153,1192,795,8449
2026-08-24 00:10:27,A,153,3072,795,8449
2026-08-24 00:10:27,C,103,1945,795,8449
2026-08-24 00:30:32,B,141,939,653,8591
2026-08-24 00:30:32,F,195,1351,653,8591
2026-08-24 00:30:32,E,129,1216,653,8591
2026-08-24 00:30:32,A,94,3131,653,8591
2026-08-24 00:30:32,C,94,1954,653,8591
2026-08-24 00:44:44,B,90,990,557,8687
2026-08-24 00:44:44,F,182,1364,557,8687
2026-08-24 00:44:44,E,125,1220,557,8687
2026-08-24 00:44:44,A,75,3150,557,8687
2026-08-24 00:44:44,C,85,1963,557,8687
2026-08-24 01:00:39,B,73,1007,531,8713
2026-08-24 01:00:39,F,182,1364,531,8713
2026-08-24 01:00:39,E,123,1222,531,8713
2026-08-24 01:00:39,A,73,3152,531,8713
2026-08-24 01:00:39,C,80,1968,531,8713
2026-08-24 01:08:38,B,70,1010,523,8721
2026-08-24 01:08:38,F,180,1366,523,8721
2026-08-24 01:08:38,E,123,1222,523,8721
2026-08-24 01:08:38,A,71,3154,523,8721
2026-08-24 01:08:38,C,79,1969,523,8721
2026-08-24 01:30:35,B,53,1027,489,8755
2026-08-24 01:30:35,F,180,1366,489,8755
2026-08-24 01:30:35,E,119,1226,489,8755
2026-08-24 01:30:35,A,62,3163,489,8755
2026-08-24 01:30:35,C,75,1973,489,8755
2026-08-24 02:09:17,B,48,1032,467,8777
2026-08-24 02:09:17,F,179,1367,467,8777
2026-08-24 02:09:17,E,114,1231,467,8777
2026-08-24 02:09:17,A,53,3172,467,8777
2026-08-24 02:09:17,C,73,1975,467,8777
2026-08-24 02:30:37,B,48,1032,464,8780
2026-08-24 02:30:37,F,177,1369,464,8780
2026-08-24 02:30:37,E,115,1230,464,8780
2026-08-24 02:30:37,A,52,3173,464,8780
2026-08-24 02:30:37,C,72,1976,464,8780
2026-08-24 02:46:54,B,47,1033,468,8776
2026-08-24 02:46:54,F,180,1366,468,8776
2026-08-24 02:46:54,E,117,1228,468,8776
2026-08-24 02:46:54,A,51,3174,468,8776
2026-08-24 02:46:54,C,73,1975,468,8776
2026-08-24 03:00:39,B,48,1032,465,8779
2026-08-24 03:00:39,F,176,1370,465,8779
2026-08-24 03:00:39,E,119,1226,465,8779
2026-08-24 03:00:39,A,50,3175,465,8779
2026-08-24 03:00:39,C,72,1976,465,8779
2026-08-24 03:09:31,B,48,1032,468,8776
2026-08-24 03:09:31,F,179,1367,468,8776
2026-08-24 03:09:31,E,119,1226,468,8776
2026-08-24 03:09:31,A,49,3176,468,8776
2026-08-24 03:09:31,C,73,1975,468,8776
2026-08-24 03:30:33,B,47,1033,466,8778
2026-08-24 03:30:33,F,177,1369,466,8778
2026-08-24 03:30:33,E,120,1225,466,8778
2026-08-24 03:30:33,A,48,3177,466,8778
2026-08-24 03:30:33,C,74,1974,466,8778
2026-08-24 03:40:22,B,48,1032,464,8780
2026-08-24 03:40:22,F,178,1368,464,8780
2026-08-24 03:40:22,E,117,1228,464,8780
2026-08-24 03:40:22,A,47,3178,464,8780
2026-08-24 03:40:22,C,74,1974,464,8780
2026-08-24 04:00:38,B,48,1032,461,8783
2026-08-24 04:00:38,F,178,1368,461,8783
2026-08-24 04:00:38,E,114,1231,461,8783
2026-08-24 04:00:38,A,47,3178,461,8783
2026-08-24 04:00:38,C,74,1974,461,8783
2026-08-24 04:09:42,B,48,1032,457,8787
2026-08-24 04:09:42,F,177,1369,457,8787
2026-08-24 04:09:42,E,112,1233,457,8787
2026-08-24 04:09:42,A,47,3178,457,8787
2026-08-24 04:09:42,C,73,1975,457,8787
2026-08-24 04:30:35,B,48,1032,458,8786
2026-08-24 04:30:35,F,179,1367,458,8786
2026-08-24 04:30:35,E,111,1234,458,8786
2026-08-24 04:30:35,A,47,3178,458,8786
2026-08-24 04:30:35,C,73,1975,458,8786
2026-08-24 04:52:58,B,48,1032,456,8788
2026-08-24 04:52:58,F,177,1369,456,8788
2026-08-24 04:52:58,E,110,1235,456,8788
2026-08-24 04:52:58,A,47,3178,456,8788
2026-08-24 04:52:58,C,74,1974,456,8788
2026-08-24 05:00:40,B,47,1033,462,8782
2026-08-24 05:00:40,F,178,1368,462,8782
2026-08-24 05:00:40,E,110,1235,462,8782
2026-08-24 05:00:40,A,50,3175,462,8782
2026-08-24 05:00:40,C,77,1971,462,8782
2026-08-24 05:12:13,B,49,1031,470,8774
2026-08-24 05:12:13,F,177,1369,470,8774
2026-08-24 05:12:13,E,111,1234,470,8774
2026-08-24 05:12:13,A,52,3173,470,8774
2026-08-24 05:12:13,C,81,1967,470,8774
2026-08-24 05:41:08,B,49,1031,481,8763
2026-08-24 05:41:08,F,183,1363,481,8763
2026-08-24 05:41:08,E,111,1234,481,8763
2026-08-24 05:41:08,A,51,3174,481,8763
2026-08-24 05:41:08,C,87,1961,481,8763
2026-08-24 06:07:14,B,50,1030,553,8691
2026-08-24 06:07:14,F,211,1335,553,8691
2026-08-24 06:07:14,E,129,1216,553,8691
2026-08-24 06:07:14,A,59,3166,553,8691
2026-08-24 06:07:14,C,104,1944,553,8691
2026-08-24 06:30:35,B,48,1032,604,8640
2026-08-24 06:30:35,F,227,1319,604,8640
2026-08-24 06:30:35,E,143,1202,604,8640
2026-08-24 06:30:35,A,67,3158,604,8640
2026-08-24 06:30:35,C,119,1929,604,8640
2026-08-24 07:00:37,B,51,1029,768,8476
2026-08-24 07:00:37,F,261,1285,768,8476
2026-08-24 07:00:37,E,167,1178,768,8476
2026-08-24 07:00:37,A,102,3123,768,8476
2026-08-24 07:00:37,C,187,1861,768,8476
2026-08-24 07:40:54,B,50,1030,991,8253
2026-08-24 07:40:54,F,312,1234,991,8253
2026-08-24 07:40:54,E,203,1142,991,8253
2026-08-24 07:40:54,A,136,3089,991,8253
2026-08-24 07:40:54,C,290,1758,991,8253
2026-08-24 08:00:40,B,51,1029,1225,8019
2026-08-24 08:00:40,F,344,1202,1225,8019
2026-08-24 08:00:40,E,259,1086,1225,8019
2026-08-24 08:00:40,A,165,3060,1225,8019
2026-08-24 08:00:40,C,406,1642,1225,8019
2026-08-24 08:30:31,B,50,1030,1616,7628
2026-08-24 08:30:31,F,416,1130,1616,7628
2026-08-24 08:30:31,E,331,1014,1616,7628
2026-08-24 08:30:31,A,221,3004,1616,7628
2026-08-24 08:30:31,C,598,1450,1616,7628
2026-08-24 08:43:36,B,50,1030,1913,7331
2026-08-24 08:43:36,F,508,1038,1913,7331
2026-08-24 08:43:36,E,359,986,1913,7331
2026-08-24 08:43:36,A,299,2926,1913,7331
2026-08-24 08:43:36,C,697,1351,1913,7331
2026-08-24 09:00:38,B,57,1023,2351,6893
2026-08-24 09:00:38,F,632,914,2351,6893
2026-08-24 09:00:38,E,460,885,2351,6893
2026-08-24 09:00:38,A,397,2828,2351,6893
2026-08-24 09:00:38,C,805,1243,2351,6893
2026-08-24 09:08:27,B,94,986,2597,6647
2026-08-24 09:08:27,F,672,874,2597,6647
2026-08-24 09:08:27,E,514,831,2597,6647
2026-08-24 09:08:27,A,456,2769,2597,6647
2026-08-24 09:08:27,C,861,1187,2597,6647
2026-08-24 09:30:31,B,204,876,3321,5923
2026-08-24 09:30:31,F,879,667,3321,5923
2026-08-24 09:30:31,E,608,737,3321,5923
2026-08-24 09:30:31,A,606,2619,3321,5923
2026-08-24 09:30:31,C,1024,1024,3321,5923
2026-08-24 09:40:49,B,251,829,3601,5643
2026-08-24 09:40:49,F,953,593,3601,5643
2026-08-24 09:40:49,E,662,683,3601,5643
2026-08-24 09:40:49,A,671,2554,3601,5643
2026-08-24 09:40:49,C,1064,984,3601,5643
2026-08-24 10:00:44,B,326,754,4021,5223
2026-08-24 10:00:44,F,1051,495,4021,5223
2026-08-24 10:00:44,E,718,627,4021,5223
2026-08-24 10:00:44,A,780,2445,4021,5223
2026-08-24 10:00:44,C,1146,902,4021,5223
2026-08-24 10:30:33,B,370,710,4272,4972
2026-08-24 10:30:33,F,1110,436,4272,4972
2026-08-24 10:30:33,E,746,599,4272,4972
2026-08-24 10:30:33,A,870,2355,4272,4972
2026-08-24 10:30:33,C,1176,872,4272,4972
2026-08-24 12:04:40,B,569,511,5021,4223
2026-08-24 12:04:40,F,1179,367,5021,4223
2026-08-24 12:04:40,E,850,495,5021,4223
2026-08-24 12:04:40,A,1100,2125,5021,4223
2026-08-24 12:04:40,C,1323,725,5021,4223
2026-08-24 13:00:48,B,665,415,5382,3862
2026-08-24 13:00:48,F,1235,311,5382,3862
2026-08-24 13:00:48,E,908,437,5382,3862
2026-08-24 13:00:48,A,1208,2017,5382,3862
2026-08-24 13:00:48,C,1366,682,5382,3862
2026-08-24 13:27:36,B,709,371,5619,3625
2026-08-24 13:27:36,F,1280,266,5619,3625
2026-08-24 13:27:36,E,958,387,5619,3625
2026-08-24 13:27:36,A,1281,1944,5619,3625
2026-08-24 13:27:36,C,1391,657,5619,3625
2026-08-24 13:30:33,B,709,371,5612,3632
2026-08-24 13:30:33,F,1278,268,5612,3632
2026-08-24 13:30:33,E,957,388,5612,3632
2026-08-24 13:30:33,A,1278,1947,5612,3632
2026-08-24 13:30:33,C,1390,658,5612,3632
2026-08-24 16:00:40,B,580,500,4664,4580
2026-08-24 16:00:40,F,1149,397,4664,4580
2026-08-24 16:00:40,E,798,547,4664,4580
2026-08-24 16:00:40,A,983,2242,4664,4580
2026-08-24 16:00:40,C,1154,894,4664,4580
2026-08-24 16:30:33,B,531,549,4293,4951
2026-08-24 16:30:33,F,1059,487,4293,4951
2026-08-24 16:30:33,E,775,570,4293,4951
2026-08-24 16:30:33,A,858,2367,4293,4951
2026-08-24 16:30:33,C,1070,978,4293,4951
2026-08-24 16:48:25,B,529,551,4021,5223
2026-08-24 16:48:25,F,1001,545,4021,5223
2026-08-24 16:48:25,E,743,602,4021,5223
2026-08-24 16:48:25,A,788,2437,4021,5223
2026-08-24 16:48:25,C,960,1088,4021,5223
2026-08-24 17:00:41,B,525,555,3831,5413
2026-08-24 17:00:41,F,966,580,3831,5413
2026-08-24 17:00:41,E,709,636,3831,5413
2026-08-24 17:00:41,A,746,2479,3831,5413
2026-08-24 17:00:41,C,885,1163,3831,5413
2026-08-24 17:30:36,B,454,626,3033,6211
2026-08-24 17:30:36,F,805,741,3033,6211
2026-08-24 17:30:36,E,559,786,3033,6211
2026-08-24 17:30:36,A,568,2657,3033,6211
2026-08-24 17:30:36,C,647,1401,3033,6211
2026-08-24 18:00:40,B,361,719,2049,7195
2026-08-24 18:00:40,F,514,1032,2049,7195
2026-08-24 18:00:40,E,417,928,2049,7195
2026-08-24 18:00:40,A,330,2895,2049,7195
2026-08-24 18:00:40,C,427,1621,2049,7195
2026-08-24 18:30:36,B,339,741,1500,7744
2026-08-24 18:30:36,F,371,1175,1500,7744
2026-08-24 18:30:36,E,351,994,1500,7744
2026-08-24 18:30:36,A,146,3079,1500,7744
2026-08-24 18:30:36,C,293,1755,1500,7744
2026-08-24 19:00:40,B,345,735,1352,7892
2026-08-24 19:00:40,F,309,1237,1352,7892
2026-08-24 19:00:40,E,309,1036,1352,7892
2026-08-24 19:00:40,A,125,3100,1352,7892
2026-08-24 19:00:40,C,264,1784,1352,7892
2026-08-24 19:30:34,B,333,747,1195,8049
2026-08-24 19:30:34,F,285,1261,1195,8049
2026-08-24 19:30:34,E,256,1089,1195,8049
2026-08-24 19:30:34,A,102,3123,1195,8049
2026-08-24 19:30:34,C,219,1829,1195,8049
2026-08-24 19:32:49,B,328,752,1183,8061
2026-08-24 19:32:49,F,282,1264,1183,8061
2026-08-24 19:32:49,E,256,1089,1183,8061
2026-08-24 19:32:49,A,101,3124,1183,8061
2026-08-24 19:32:49,C,216,1832,1183,8061
2026-08-24 20:00:41,B,316,764,1068,8176
2026-08-24 20:00:41,F,247,1299,1068,8176
2026-08-24 20:00:41,E,218,1127,1068,8176
2026-08-24 20:00:41,A,88,3137,1068,8176
2026-08-24 20:00:41,C,199,1849,1068,8176
2026-08-24 20:30:34,B,297,783,948,8296
2026-08-24 20:30:34,F,221,1325,948,8296
2026-08-24 20:30:34,E,179,1166,948,8296
2026-08-24 20:30:34,A,72,3153,948,8296
2026-08-24 20:30:34,C,179,1869,948,8296
2026-08-24 21:22:29,B,265,815,785,8459
2026-08-24 21:22:29,F,184,1362,785,8459
2026-08-24 21:22:29,E,135,1210,785,8459
2026-08-24 21:22:29,A,63,3162,785,8459
2026-08-24 21:22:29,C,138,1910,785,8459
2026-08-24 21:30:35,B,279,801,784,8460
2026-08-24 21:30:35,F,180,1366,784,8460
2026-08-24 21:30:35,E,130,1215,784,8460
2026-08-24 21:30:35,A,62,3163,784,8460
2026-08-24 21:30:35,C,133,1915,784,8460
2026-08-24 21:49:17,B,275,805,736,8508
2026-08-24 21:49:17,F,170,1376,736,8508
2026-08-24 21:49:17,E,108,1237,736,8508
2026-08-24 21:49:17,A,58,3167,736,8508
2026-08-24 21:49:17,C,125,1923,736,8508
2026-08-24 22:00:40,B,276,804,719,8525
2026-08-24 22:00:40,F,165,1381,719,8525
2026-08-24 22:00:40,E,99,1246,719,8525
2026-08-24 22:00:40,A,57,3168,719,8525
2026-08-24 22:00:40,C,122,1926,719,8525
2026-08-24 22:18:53,B,254,826,676,8568
2026-08-24 22:18:53,F,163,1383,676,8568
2026-08-24 22:18:53,E,91,1254,676,8568
2026-08-24 22:18:53,A,55,3170,676,8568
2026-08-24 22:18:53,C,113,1935,676,8568
2026-08-24 22:30:34,B,245,835,657,8587
2026-08-24 22:30:34,F,163,1383,657,8587
2026-08-24 22:30:34,E,90,1255,657,8587
2026-08-24 22:30:34,A,53,3172,657,8587
2026-08-24 22:30:34,C,106,1942,657,8587
2026-08-24 23:00:42,B,222,858,610,8634
2026-08-24 23:00:42,F,154,1392,610,8634
2026-08-24 23:00:42,E,85,1260,610,8634
2026-08-24 23:00:42,A,55,3170,610,8634
2026-08-24 23:00:42,C,94,1954,610,8634
2026-08-24 23:26:32,B,208,872,577,8667
2026-08-24 23:26:32,F,142,1404,577,8667
2026-08-24 23:26:32,E,82,1263,577,8667
2026-08-24 23:26:32,A,51,3174,577,8667
2026-08-24 23:26:32,C,94,1954,577,8667
2026-08-25 00:00:43,B,182,898,548,8696
2026-08-25 00:00:43,F,143,1403,548,8696
2026-08-25 00:00:43,E,81,1264,548,8696
2026-08-25 00:00:43,A,50,3175,548,8696
2026-08-25 00:00:43,C,92,1956,548,8696
2026-08-25 00:30:35,B,136,944,499,8745
2026-08-25 00:30:35,F,146,1400,499,8745
2026-08-25 00:30:35,E,81,1264,499,8745
2026-08-25 00:30:35,A,48,3177,499,8745
2026-08-25 00:30:35,C,88,1960,499,8745
2026-08-25 01:00:47,B,70,1010,419,8825
2026-08-25 01:00:47,F,144,1402,419,8825
2026-08-25 01:00:47,E,77,1268,419,8825
2026-08-25 01:00:47,A,50,3175,419,8825
2026-08-25 01:00:47,C,78,1970,419,8825
2026-08-25 01:30:34,B,54,1026,402,8842
2026-08-25 01:30:34,F,147,1399,402,8842
2026-08-25 01:30:34,E,76,1269,402,8842
2026-08-25 01:30:34,A,51,3174,402,8842
2026-08-25 01:30:34,C,74,1974,402,8842
2026-08-25 02:00:32,B,48,1032,393,8851
2026-08-25 02:00:32,F,146,1400,393,8851
2026-08-25 02:00:32,E,78,1267,393,8851
2026-08-25 02:00:32,A,51,3174,393,8851
2026-08-25 02:00:32,C,70,1978,393,8851
2026-08-25 02:30:35,B,47,1033,391,8853
2026-08-25 02:30:35,F,146,1400,391,8853
2026-08-25 02:30:35,E,76,1269,391,8853
2026-08-25 02:30:35,A,51,3174,391,8853
2026-08-25 02:30:35,C,71,1977,391,8853
2026-08-25 03:00:43,B,48,1032,386,8858
2026-08-25 03:00:43,F,145,1401,386,8858
2026-08-25 03:00:43,E,71,1274,386,8858
2026-08-25 03:00:43,A,50,3175,386,8858
2026-08-25 03:00:43,C,72,1976,386,8858
2026-08-25 03:01:12,B,48,1032,386,8858
2026-08-25 03:01:12,F,145,1401,386,8858
2026-08-25 03:01:12,E,71,1274,386,8858
2026-08-25 03:01:12,A,50,3175,386,8858
2026-08-25 03:01:12,C,72,1976,386,8858
2026-08-25 03:52:56,B,45,1035,384,8860
2026-08-25 03:52:56,F,144,1402,384,8860
2026-08-25 03:52:56,E,70,1275,384,8860
2026-08-25 03:52:56,A,51,3174,384,8860
2026-08-25 03:52:56,C,74,1974,384,8860
2026-08-25 04:00:41,B,44,1036,382,8862
2026-08-25 04:00:41,F,144,1402,382,8862
2026-08-25 04:00:41,E,70,1275,382,8862
2026-08-25 04:00:41,A,50,3175,382,8862
2026-08-25 04:00:41,C,74,1974,382,8862
2026-08-25 04:19:38,B,46,1034,383,8861
2026-08-25 04:19:38,F,144,1402,383,8861
2026-08-25 04:19:38,E,70,1275,383,8861
2026-08-25 04:19:38,A,49,3176,383,8861
2026-08-25 04:19:38,C,74,1974,383,8861
2026-08-25 04:30:36,B,45,1035,384,8860
2026-08-25 04:30:36,F,144,1402,384,8860
2026-08-25 04:30:36,E,71,1274,384,8860
2026-08-25 04:30:36,A,49,3176,384,8860
2026-08-25 04:30:36,C,75,1973,384,8860
2026-08-25 05:00:40,B,45,1035,395,8849
2026-08-25 05:00:40,F,153,1393,395,8849
2026-08-25 05:00:40,E,70,1275,395,8849
2026-08-25 05:00:40,A,51,3174,395,8849
2026-08-25 05:00:40,C,76,1972,395,8849
2026-08-25 05:06:53,B,45,1035,397,8847
2026-08-25 05:06:53,F,152,1394,397,8847
2026-08-25 05:06:53,E,72,1273,397,8847
2026-08-25 05:06:53,A,50,3175,397,8847
2026-08-25 05:06:53,C,78,1970,397,8847
2026-08-25 05:30:35,B,45,1035,409,8835
2026-08-25 05:30:35,F,153,1393,409,8835
2026-08-25 05:30:35,E,79,1266,409,8835
2026-08-25 05:30:35,A,48,3177,409,8835
2026-08-25 05:30:35,C,84,1964,409,8835
2026-08-25 05:49:59,B,45,1035,457,8787
2026-08-25 05:49:59,F,176,1370,457,8787
2026-08-25 05:49:59,E,87,1258,457,8787
2026-08-25 05:49:59,A,55,3170,457,8787
2026-08-25 05:49:59,C,94,1954,457,8787
2026-08-25 06:00:40,B,45,1035,498,8746
2026-08-25 06:00:40,F,196,1350,498,8746
2026-08-25 06:00:40,E,92,1253,498,8746
2026-08-25 06:00:40,A,62,3163,498,8746
2026-08-25 06:00:40,C,103,1945,498,8746
2026-08-25 06:30:35,B,45,1035,585,8659
2026-08-25 06:30:35,F,218,1328,585,8659
2026-08-25 06:30:35,E,117,1228,585,8659
2026-08-25 06:30:35,A,73,3152,585,8659
2026-08-25 06:30:35,C,132,1916,585,8659
2026-08-25 07:00:41,B,48,1032,777,8467
2026-08-25 07:00:41,F,273,1273,777,8467
2026-08-25 07:00:41,E,138,1207,777,8467
2026-08-25 07:00:41,A,109,3116,777,8467
2026-08-25 07:00:41,C,209,1839,777,8467
2026-08-25 07:16:02,B,47,1033,868,8376
2026-08-25 07:16:02,F,294,1252,868,8376
2026-08-25 07:16:02,E,154,1191,868,8376
2026-08-25 07:16:02,A,124,3101,868,8376
2026-08-25 07:16:02,C,249,1799,868,8376
2026-08-25 07:30:32,B,48,1032,947,8297
2026-08-25 07:30:32,F,306,1240,947,8297
2026-08-25 07:30:32,E,169,1176,947,8297
2026-08-25 07:30:32,A,140,3085,947,8297
2026-08-25 07:30:32,C,284,1764,947,8297
2026-08-25 07:49:31,B,46,1034,1090,8154
2026-08-25 07:49:31,F,334,1212,1090,8154
2026-08-25 07:49:31,E,186,1159,1090,8154
2026-08-25 07:49:31,A,164,3061,1090,8154
2026-08-25 07:49:31,C,360,1688,1090,8154
2026-08-25 08:00:40,B,47,1033,1236,8008
2026-08-25 08:00:40,F,363,1183,1236,8008
2026-08-25 08:00:40,E,219,1126,1236,8008
2026-08-25 08:00:40,A,180,3045,1236,8008
2026-08-25 08:00:40,C,427,1621,1236,8008
2026-08-25 08:11:52,B,47,1033,1368,7876
2026-08-25 08:11:52,F,386,1160,1368,7876
2026-08-25 08:11:52,E,241,1104,1368,7876
2026-08-25 08:11:52,A,205,3020,1368,7876
2026-08-25 08:11:52,C,489,1559,1368,7876
2026-08-25 08:48:43,B,48,1032,2000,7244
2026-08-25 08:48:43,F,515,1031,2000,7244
2026-08-25 08:48:43,E,360,985,2000,7244
2026-08-25 08:48:43,A,340,2885,2000,7244
2026-08-25 08:48:43,C,737,1311,2000,7244
2026-08-25 09:00:43,B,71,1009,2233,7011
2026-08-25 09:00:43,F,546,1000,2233,7011
2026-08-25 09:00:43,E,414,931,2233,7011
2026-08-25 09:00:43,A,405,2820,2233,7011
2026-08-25 09:00:43,C,797,1251,2233,7011
2026-08-25 09:11:10,B,98,982,2427,6817
2026-08-25 09:11:10,F,597,949,2427,6817
2026-08-25 09:11:10,E,446,899,2427,6817
2026-08-25 09:11:10,A,439,2786,2427,6817
2026-08-25 09:11:10,C,847,1201,2427,6817
2026-08-25 09:30:33,B,194,886,2873,6371
2026-08-25 09:30:33,F,677,869,2873,6371
2026-08-25 09:30:33,E,503,842,2873,6371
2026-08-25 09:30:33,A,549,2676,2873,6371
2026-08-25 09:30:33,C,950,1098,2873,6371
2026-08-25 09:41:54,B,261,819,3237,6007
2026-08-25 09:41:54,F,741,805,3237,6007
2026-08-25 09:41:54,E,587,758,3237,6007
2026-08-25 09:41:54,A,603,2622,3237,6007
2026-08-25 09:41:54,C,1045,1003,3237,6007
2026-08-25 10:00:43,B,331,749,3698,5546
2026-08-25 10:00:43,F,838,708,3698,5546
2026-08-25 10:00:43,E,660,685,3698,5546
2026-08-25 10:00:43,A,729,2496,3698,5546
2026-08-25 10:00:43,C,1140,908,3698,5546
2026-08-25 10:26:48,B,414,666,4140,5104
2026-08-25 10:26:48,F,917,629,4140,5104
2026-08-25 10:26:48,E,714,631,4140,5104
2026-08-25 10:26:48,A,863,2362,4140,5104
2026-08-25 10:26:48,C,1232,816,4140,5104
2026-08-25 11:00:41,B,572,508,4851,4393
2026-08-25 11:00:41,F,1043,503,4851,4393
2026-08-25 11:00:41,E,816,529,4851,4393
2026-08-25 11:00:41,A,1080,2145,4851,4393
2026-08-25 11:00:41,C,1340,708,4851,4393
2026-08-25 11:30:34,B,669,411,5239,4005
2026-08-25 11:30:34,F,1121,425,5239,4005
2026-08-25 11:30:34,E,873,472,5239,4005
2026-08-25 11:30:34,A,1184,2041,5239,4005
2026-08-25 11:30:34,C,1392,656,5239,4005
2026-08-25 11:57:37,B,742,338,5577,3667
2026-08-25 11:57:37,F,1177,369,5577,3667
2026-08-25 11:57:37,E,937,408,5577,3667
2026-08-25 11:57:37,A,1269,1956,5577,3667
2026-08-25 11:57:37,C,1452,596,5577,3667
2026-08-25 12:00:41,B,750,330,5626,3618
2026-08-25 12:00:41,F,1184,362,5626,3618
2026-08-25 12:00:41,E,945,400,5626,3618
2026-08-25 12:00:41,A,1288,1937,5626,3618
2026-08-25 12:00:41,C,1459,589,5626,3618
2026-08-25 12:30:38,B,782,298,5777,3467
2026-08-25 12:30:38,F,1212,334,5777,3467
2026-08-25 12:30:38,E,966,379,5777,3467
2026-08-25 12:30:38,A,1327,1898,5777,3467
2026-08-25 12:30:38,C,1490,558,5777,3467
2026-08-25 13:00:42,B,782,298,5802,3442
2026-08-25 13:00:42,F,1217,329,5802,3442
2026-08-25 13:00:42,E,950,395,5802,3442
2026-08-25 13:00:42,A,1362,1863,5802,3442
2026-08-25 13:00:42,C,1491,557,5802,3442
2026-08-25 13:30:33,B,786,294,5842,3402
2026-08-25 13:30:33,F,1222,324,5842,3402
2026-08-25 13:30:33,E,958,387,5842,3402
2026-08-25 13:30:33,A,1379,1846,5842,3402
2026-08-25 13:30:33,C,1497,551,5842,3402
2026-08-25 13:36:29,B,791,289,5860,3384
2026-08-25 13:36:29,F,1224,322,5860,3384
2026-08-25 13:36:29,E,960,385,5860,3384
2026-08-25 13:36:29,A,1382,1843,5860,3384
2026-08-25 13:36:29,C,1503,545,5860,3384
2026-08-25 14:00:40,B,811,269,5910,3334
2026-08-25 14:00:40,F,1221,325,5910,3334
2026-08-25 14:00:40,E,971,374,5910,3334
2026-08-25 14:00:40,A,1401,1824,5910,3334
2026-08-25 14:00:40,C,1506,542,5910,3334
2026-08-25 14:25:22,B,793,287,5865,3379
2026-08-25 14:25:22,F,1217,329,5865,3379
2026-08-25 14:25:22,E,957,388,5865,3379
2026-08-25 14:25:22,A,1406,1819,5865,3379
2026-08-25 14:25:22,C,1492,556,5865,3379
2026-08-25 15:00:02,B,781,299,5823,3421
2026-08-25 15:00:02,F,1214,332,5823,3421
2026-08-25 15:00:02,E,945,400,5823,3421
2026-08-25 15:00:02,A,1391,1834,5823,3421
2026-08-25 15:00:02,C,1492,556,5823,3421
2026-08-25 15:30:34,B,769,311,5773,3471
2026-08-25 15:30:34,F,1211,335,5773,3471
2026-08-25 15:30:34,E,938,407,5773,3471
2026-08-25 15:30:34,A,1382,1843,5773,3471
2026-08-25 15:30:34,C,1473,575,5773,3471
2026-08-25 16:00:41,B,752,328,5675,3569
2026-08-25 16:00:41,F,1188,358,5675,3569
2026-08-25 16:00:41,E,914,431,5675,3569
2026-08-25 16:00:41,A,1363,1862,5675,3569
2026-08-25 16:00:41,C,1458,590,5675,3569
2026-08-25 16:30:35,B,739,341,5582,3662
2026-08-25 16:30:35,F,1177,369,5582,3662
2026-08-25 16:30:35,E,895,450,5582,3662
2026-08-25 16:30:35,A,1325,1900,5582,3662
2026-08-25 16:30:35,C,1446,602,5582,3662
2026-08-25 17:00:42,B,731,349,5435,3809
2026-08-25 17:00:42,F,1155,391,5435,3809
2026-08-25 17:00:42,E,860,485,5435,3809
2026-08-25 17:00:42,A,1284,1941,5435,3809
2026-08-25 17:00:42,C,1405,643,5435,3809
2026-08-25 18:00:40,B,664,416,4992,4252
2026-08-25 18:00:40,F,1085,461,4992,4252
2026-08-25 18:00:40,E,822,523,4992,4252
2026-08-25 18:00:40,A,1171,2054,4992,4252
2026-08-25 18:00:40,C,1250,798,4992,4252
2026-08-25 19:00:40,B,605,475,4244,5000
2026-08-25 19:00:40,F,997,549,4244,5000
2026-08-25 19:00:40,E,724,621,4244,5000
2026-08-25 19:00:40,A,951,2274,4244,5000
2026-08-25 19:00:40,C,967,1081,4244,5000
2026-08-25 19:04:03,B,614,466,4220,5024
2026-08-25 19:04:03,F,997,549,4220,5024
2026-08-25 19:04:03,E,721,624,4220,5024
2026-08-25 19:04:03,A,928,2297,4220,5024
2026-08-25 19:04:03,C,960,1088,4220,5024
2026-08-25 19:30:33,B,602,478,4042,5202
2026-08-25 19:30:33,F,963,583,4042,5202
2026-08-25 19:30:33,E,680,665,4042,5202
2026-08-25 19:30:33,A,883,2342,4042,5202
2026-08-25 19:30:33,C,914,1134,4042,5202
2026-08-25 19:56:50,B,595,485,3819,5425
2026-08-25 19:56:50,F,937,609,3819,5425
2026-08-25 19:56:50,E,649,696,3819,5425
2026-08-25 19:56:50,A,822,2403,3819,5425
2026-08-25 19:56:50,C,816,1232,3819,5425
2026-08-25 20:30:34,B,576,504,3456,5788
2026-08-25 20:30:34,F,867,679,3456,5788
2026-08-25 20:30:34,E,595,750,3456,5788
2026-08-25 20:30:34,A,723,2502,3456,5788
2026-08-25 20:30:34,C,695,1353,3456,5788
2026-08-25 20:55:51,B,568,512,3304,5940
2026-08-25 20:55:51,F,842,704,3304,5940
2026-08-25 20:55:51,E,561,784,3304,5940
2026-08-25 20:55:51,A,674,2551,3304,5940
2026-08-25 20:55:51,C,659,1389,3304,5940
2026-08-25 21:00:39,B,558,522,3259,5985
2026-08-25 21:00:39,F,829,717,3259,5985
2026-08-25 21:00:39,E,564,781,3259,5985
2026-08-25 21:00:39,A,666,2559,3259,5985
2026-08-25 21:00:39,C,642,1406,3259,5985
2026-08-25 21:15:54,B,546,534,3132,6112
2026-08-25 21:15:54,F,802,744,3132,6112
2026-08-25 21:15:54,E,539,806,3132,6112
2026-08-25 21:15:54,A,638,2587,3132,6112
2026-08-25 21:15:54,C,607,1441,3132,6112
2026-08-25 22:00:41,B,486,594,2760,6484
2026-08-25 22:00:41,F,733,813,2760,6484
2026-08-25 22:00:41,E,489,856,2760,6484
2026-08-25 22:00:41,A,542,2683,2760,6484
2026-08-25 22:00:41,C,510,1538,2760,6484
2026-08-25 22:19:31,B,477,603,2576,6668
2026-08-25 22:19:31,F,696,850,2576,6668
2026-08-25 22:19:31,E,452,893,2576,6668
2026-08-25 22:19:31,A,494,2731,2576,6668
2026-08-25 22:19:31,C,457,1591,2576,6668
2026-08-25 22:30:56,B,460,620,2466,6778
2026-08-25 22:30:56,F,669,877,2466,6778
2026-08-25 22:30:56,E,437,908,2466,6778
2026-08-25 22:30:56,A,469,2756,2466,6778
2026-08-25 22:30:56,C,431,1617,2466,6778
2026-08-25 23:00:42,B,402,678,2136,7108
2026-08-25 23:00:42,F,591,955,2136,7108
2026-08-25 23:00:42,E,374,971,2136,7108
2026-08-25 23:00:42,A,412,2813,2136,7108
2026-08-25 23:00:42,C,357,1691,2136,7108
2026-08-25 23:30:34,B,342,738,1781,7463
2026-08-25 23:30:34,F,521,1025,1781,7463
2026-08-25 23:30:34,E,333,1012,1781,7463
2026-08-25 23:30:34,A,331,2894,1781,7463
2026-08-25 23:30:34,C,254,1794,1781,7463
2026-08-26 00:00:43,B,249,831,1315,7929
2026-08-26 00:00:43,F,408,1138,1315,7929
2026-08-26 00:00:43,E,224,1121,1315,7929
2026-08-26 00:00:43,A,240,2985,1315,7929
2026-08-26 00:00:43,C,194,1854,1315,7929
2026-08-26 00:30:37,B,160,920,979,8265
2026-08-26 00:30:37,F,328,1218,979,8265
2026-08-26 00:30:37,E,172,1173,979,8265
2026-08-26 00:30:37,A,180,3045,979,8265
2026-08-26 00:30:37,C,139,1909,979,8265
2026-08-26 01:00:48,B,79,1001,654,8590
2026-08-26 01:00:48,F,250,1296,654,8590
2026-08-26 01:00:48,E,132,1213,654,8590
2026-08-26 01:00:48,A,94,3131,654,8590
2026-08-26 01:00:48,C,99,1949,654,8590
2026-08-26 02:00:43,B,52,1028,481,8763
2026-08-26 02:00:43,F,185,1361,481,8763
2026-08-26 02:00:43,E,105,1240,481,8763
2026-08-26 02:00:43,A,53,3172,481,8763
2026-08-26 02:00:43,C,86,1962,481,8763
2026-08-26 02:04:35,B,51,1029,481,8763
2026-08-26 02:04:35,F,185,1361,481,8763
2026-08-26 02:04:35,E,105,1240,481,8763
2026-08-26 02:04:35,A,53,3172,481,8763
2026-08-26 02:04:35,C,87,1961,481,8763
2026-08-26 02:30:35,B,51,1029,473,8771
2026-08-26 02:30:35,F,181,1365,473,8771
2026-08-26 02:30:35,E,103,1242,473,8771
2026-08-26 02:30:35,A,52,3173,473,8771
2026-08-26 02:30:35,C,86,1962,473,8771
2026-08-26 03:01:31,B,54,1026,468,8776
2026-08-26 03:01:31,F,180,1366,468,8776
2026-08-26 03:01:31,E,102,1243,468,8776
2026-08-26 03:01:31,A,49,3176,468,8776
2026-08-26 03:01:31,C,83,1965,468,8776
2026-08-26 03:50:54,B,57,1023,468,8776
2026-08-26 03:50:54,F,180,1366,468,8776
2026-08-26 03:50:54,E,100,1245,468,8776
2026-08-26 03:50:54,A,51,3174,468,8776
2026-08-26 03:50:54,C,80,1968,468,8776
2026-08-26 04:00:44,B,50,1030,458,8786
2026-08-26 04:00:44,F,179,1367,458,8786
2026-08-26 04:00:44,E,98,1247,458,8786
2026-08-26 04:00:44,A,50,3175,458,8786
2026-08-26 04:00:44,C,81,1967,458,8786
2026-08-26 05:00:43,B,44,1036,455,8789
2026-08-26 05:00:43,F,182,1364,455,8789
2026-08-26 05:00:43,E,96,1249,455,8789
2026-08-26 05:00:43,A,50,3175,455,8789
2026-08-26 05:00:43,C,83,1965,455,8789
2026-08-26 05:05:16,B,44,1036,457,8787
2026-08-26 05:05:16,F,182,1364,457,8787
2026-08-26 05:05:16,E,97,1248,457,8787
2026-08-26 05:05:16,A,50,3175,457,8787
2026-08-26 05:05:16,C,84,1964,457,8787
2026-08-26 06:51:15,B,59,1021,678,8566
2026-08-26 06:51:15,F,249,1297,678,8566
2026-08-26 06:51:15,E,148,1197,678,8566
2026-08-26 06:51:15,A,74,3151,678,8566
2026-08-26 06:51:15,C,148,1900,678,8566
2026-08-26 07:00:42,B,70,1010,776,8468
2026-08-26 07:00:42,F,271,1275,776,8468
2026-08-26 07:00:42,E,161,1184,776,8468
2026-08-26 07:00:42,A,85,3140,776,8468
2026-08-26 07:00:42,C,189,1859,776,8468
2026-08-26 07:14:24,B,66,1014,820,8424
2026-08-26 07:14:24,F,284,1262,820,8424
2026-08-26 07:14:24,E,166,1179,820,8424
2026-08-26 07:14:24,A,88,3137,820,8424
2026-08-26 07:14:24,C,216,1832,820,8424
2026-08-26 07:30:32,B,61,1019,928,8316
2026-08-26 07:30:32,F,303,1243,928,8316
2026-08-26 07:30:32,E,189,1156,928,8316
2026-08-26 07:30:32,A,109,3116,928,8316
2026-08-26 07:30:32,C,266,1782,928,8316
2026-08-26 08:00:41,B,55,1025,1111,8133
2026-08-26 08:00:41,F,331,1215,1111,8133
2026-08-26 08:00:41,E,227,1118,1111,8133
2026-08-26 08:00:41,A,144,3081,1111,8133
2026-08-26 08:00:41,C,354,1694,1111,8133
2026-08-26 08:30:34,B,55,1025,1427,7817
2026-08-26 08:30:34,F,375,1171,1427,7817
2026-08-26 08:30:34,E,312,1033,1427,7817
2026-08-26 08:30:34,A,194,3031,1427,7817
2026-08-26 08:30:34,C,491,1557,1427,7817
2026-08-26 08:50:16,B,58,1022,1930,7314
2026-08-26 08:50:16,F,475,1071,1930,7314
2026-08-26 08:50:16,E,406,939,1930,7314
2026-08-26 08:50:16,A,310,2915,1930,7314
2026-08-26 08:50:16,C,681,1367,1930,7314
2026-08-26 09:00:40,B,77,1003,2119,7125
2026-08-26 09:00:40,F,517,1029,2119,7125
2026-08-26 09:00:40,E,447,898,2119,7125
2026-08-26 09:00:40,A,348,2877,2119,7125
2026-08-26 09:00:40,C,730,1318,2119,7125
2026-08-26 09:13:34,B,132,948,2527,6717
2026-08-26 09:13:34,F,597,949,2527,6717
2026-08-26 09:13:34,E,525,820,2527,6717
2026-08-26 09:13:34,A,431,2794,2527,6717
2026-08-26 09:13:34,C,842,1206,2527,6717
2026-08-26 09:30:34,B,253,827,3165,6079
2026-08-26 09:30:34,F,736,810,3165,6079
2026-08-26 09:30:34,E,631,714,3165,6079
2026-08-26 09:30:34,A,565,2660,3165,6079
2026-08-26 09:30:34,C,980,1068,3165,6079
2026-08-26 09:44:13,B,332,748,3663,5581
2026-08-26 09:44:13,F,860,686,3663,5581
2026-08-26 09:44:13,E,686,659,3663,5581
2026-08-26 09:44:13,A,690,2535,3663,5581
2026-08-26 09:44:13,C,1095,953,3663,5581
2026-08-26 10:00:43,B,411,669,4008,5236
2026-08-26 10:00:43,F,948,598,4008,5236
2026-08-26 10:00:43,E,724,621,4008,5236
2026-08-26 10:00:43,A,783,2442,4008,5236
2026-08-26 10:00:43,C,1142,906,4008,5236
2026-08-26 10:27:49,B,492,588,4389,4855
2026-08-26 10:27:49,F,1042,504,4389,4855
2026-08-26 10:27:49,E,763,582,4389,4855
2026-08-26 10:27:49,A,904,2321,4389,4855
2026-08-26 10:27:49,C,1188,860,4389,4855
2026-08-26 10:30:35,B,511,569,4439,4805
2026-08-26 10:30:35,F,1052,494,4439,4805
2026-08-26 10:30:35,E,765,580,4439,4805
2026-08-26 10:30:35,A,909,2316,4439,4805
2026-08-26 10:30:35,C,1202,846,4439,4805
2026-08-26 11:30:33,B,635,445,5060,4184
2026-08-26 11:30:33,F,1135,411,5060,4184
2026-08-26 11:30:33,E,850,495,5060,4184
2026-08-26 11:30:33,A,1126,2099,5060,4184
2026-08-26 11:30:33,C,1314,734,5060,4184
2026-08-26 12:00:39,B,721,359,5398,3846
2026-08-26 12:00:39,F,1157,389,5398,3846
2026-08-26 12:00:39,E,890,455,5398,3846
2026-08-26 12:00:39,A,1244,1981,5398,3846
2026-08-26 12:00:39,C,1386,662,5398,3846
2026-08-26 12:07:13,B,757,323,5573,3671
2026-08-26 12:07:13,F,1176,370,5573,3671
2026-08-26 12:07:13,E,925,420,5573,3671
2026-08-26 12:07:13,A,1293,1932,5573,3671
2026-08-26 12:07:13,C,1422,626,5573,3671
2026-08-26 12:30:36,B,826,254,5938,3306
2026-08-26 12:30:36,F,1219,327,5938,3306
2026-08-26 12:30:36,E,1014,331,5938,3306
2026-08-26 12:30:36,A,1410,1815,5938,3306
2026-08-26 12:30:36,C,1469,579,5938,3306
2026-08-26 14:09:22,B,821,259,6000,3244
2026-08-26 14:09:22,F,1254,292,6000,3244
2026-08-26 14:09:22,E,965,380,6000,3244
2026-08-26 14:09:22,A,1498,1727,6000,3244
2026-08-26 14:09:22,C,1462,586,6000,3244
2026-08-26 14:30:33,B,788,292,5883,3361
2026-08-26 14:30:33,F,1243,303,5883,3361
2026-08-26 14:30:33,E,945,400,5883,3361
2026-08-26 14:30:33,A,1490,1735,5883,3361
2026-08-26 14:30:33,C,1417,631,5883,3361
2026-08-26 15:00:42,B,719,361,5642,3602
2026-08-26 15:00:42,F,1214,332,5642,3602
2026-08-26 15:00:42,E,907,438,5642,3602
2026-08-26 15:00:42,A,1420,1805,5642,3602
2026-08-26 15:00:42,C,1382,666,5642,3602
2026-08-26 15:30:35,B,640,440,5227,4017
2026-08-26 15:30:35,F,1173,373,5227,4017
2026-08-26 15:30:35,E,837,508,5227,4017
2026-08-26 15:30:35,A,1278,1947,5227,4017
2026-08-26 15:30:35,C,1299,749,5227,4017
2026-08-26 16:00:43,B,606,474,4904,4340
2026-08-26 16:00:43,F,1123,423,4904,4340
2026-08-26 16:00:43,E,812,533,4904,4340
2026-08-26 16:00:43,A,1157,2068,4904,4340
2026-08-26 16:00:43,C,1206,842,4904,4340
2026-08-26 16:23:08,B,618,462,4712,4532
2026-08-26 16:23:08,F,1089,457,4712,4532
2026-08-26 16:23:08,E,790,555,4712,4532
2026-08-26 16:23:08,A,1084,2141,4712,4532
2026-08-26 16:23:08,C,1131,917,4712,4532
2026-08-26 16:30:34,B,624,456,4605,4639
2026-08-26 16:30:34,F,1056,490,4605,4639
2026-08-26 16:30:34,E,786,559,4605,4639
2026-08-26 16:30:34,A,1033,2192,4605,4639
2026-08-26 16:30:34,C,1106,942,4605,4639
2026-08-26 17:00:42,B,581,499,4012,5232
2026-08-26 17:00:42,F,947,599,4012,5232
2026-08-26 17:00:42,E,714,631,4012,5232
2026-08-26 17:00:42,A,862,2363,4012,5232
2026-08-26 17:00:42,C,908,1140,4012,5232
2026-08-26 17:14:33,B,594,486,3687,5557
2026-08-26 17:14:33,F,883,663,3687,5557
2026-08-26 17:14:33,E,654,691,3687,5557
2026-08-26 17:14:33,A,750,2475,3687,5557
2026-08-26 17:14:33,C,806,1242,3687,5557
2026-08-26 17:30:35,B,586,494,3309,5935
2026-08-26 17:30:35,F,809,737,3309,5935
2026-08-26 17:30:35,E,600,745,3309,5935
2026-08-26 17:30:35,A,631,2594,3309,5935
2026-08-26 17:30:35,C,683,1365,3309,5935
2026-08-26 18:00:41,B,530,550,2514,6730
2026-08-26 18:00:41,F,622,924,2514,6730
2026-08-26 18:00:41,E,478,867,2514,6730
2026-08-26 18:00:41,A,389,2836,2514,6730
2026-08-26 18:00:41,C,495,1553,2514,6730
2026-08-26 18:04:32,B,525,555,2381,6863
2026-08-26 18:04:32,F,585,961,2381,6863
2026-08-26 18:04:32,E,451,894,2381,6863
2026-08-26 18:04:32,A,357,2868,2381,6863
2026-08-26 18:04:32,C,463,1585,2381,6863
2026-08-26 18:30:32,B,545,535,2022,7222
2026-08-26 18:30:32,F,489,1057,2022,7222
2026-08-26 18:30:32,E,388,957,2022,7222
2026-08-26 18:30:32,A,218,3007,2022,7222
2026-08-26 18:30:32,C,382,1666,2022,7222
2026-08-26 19:00:43,B,600,480,1816,7428
2026-08-26 19:00:43,F,394,1152,1816,7428
2026-08-26 19:00:43,E,349,996,1816,7428
2026-08-26 19:00:43,A,161,3064,1816,7428
2026-08-26 19:00:43,C,312,1736,1816,7428
2026-08-26 19:07:13,B,595,485,1756,7488
2026-08-26 19:07:13,F,378,1168,1756,7488
2026-08-26 19:07:13,E,333,1012,1756,7488
2026-08-26 19:07:13,A,155,3070,1756,7488
2026-08-26 19:07:13,C,295,1753,1756,7488
2026-08-26 19:30:34,B,591,489,1625,7619
2026-08-26 19:30:34,F,346,1200,1625,7619
2026-08-26 19:30:34,E,302,1043,1625,7619
2026-08-26 19:30:34,A,139,3086,1625,7619
2026-08-26 19:30:34,C,247,1801,1625,7619
2026-08-26 20:00:41,B,568,512,1475,7769
2026-08-26 20:00:41,F,300,1246,1475,7769
2026-08-26 20:00:41,E,255,1090,1475,7769
2026-08-26 20:00:41,A,121,3104,1475,7769
2026-08-26 20:00:41,C,231,1817,1475,7769
2026-08-26 20:02:11,B,568,512,1476,7768
2026-08-26 20:02:11,F,301,1245,1476,7768
2026-08-26 20:02:11,E,255,1090,1476,7768
2026-08-26 20:02:11,A,120,3105,1476,7768
2026-08-26 20:02:11,C,232,1816,1476,7768
2026-08-26 20:56:22,B,507,573,1219,8025
2026-08-26 20:56:22,F,247,1299,1219,8025
2026-08-26 20:56:22,E,182,1163,1219,8025
2026-08-26 20:56:22,A,101,3124,1219,8025
2026-08-26 20:56:22,C,182,1866,1219,8025
2026-08-26 21:19:39,B,449,631,1068,8176
2026-08-26 21:19:39,F,215,1331,1068,8176
2026-08-26 21:19:39,E,145,1200,1068,8176
2026-08-26 21:19:39,A,94,3131,1068,8176
2026-08-26 21:19:39,C,165,1883,1068,8176
2026-08-26 21:30:33,B,426,654,1009,8235
2026-08-26 21:30:33,F,193,1353,1009,8235
2026-08-26 21:30:33,E,138,1207,1009,8235
2026-08-26 21:30:33,A,86,3139,1009,8235
2026-08-26 21:30:33,C,166,1882,1009,8235
2026-08-26 21:51:55,B,401,679,916,8328
2026-08-26 21:51:55,F,177,1369,916,8328
2026-08-26 21:51:55,E,117,1228,916,8328
2026-08-26 21:51:55,A,78,3147,916,8328
2026-08-26 21:51:55,C,143,1905,916,8328
2026-08-26 22:30:36,B,315,765,747,8497
2026-08-26 22:30:36,F,151,1395,747,8497
2026-08-26 22:30:36,E,82,1263,747,8497
2026-08-26 22:30:36,A,75,3150,747,8497
2026-08-26 22:30:36,C,124,1924,747,8497
2026-08-26 23:29:35,B,282,798,658,8586
2026-08-26 23:29:35,F,138,1408,658,8586
2026-08-26 23:29:35,E,68,1277,658,8586
2026-08-26 23:29:35,A,62,3163,658,8586
2026-08-26 23:29:35,C,108,1940,658,8586
2026-08-26 23:30:36,B,282,798,657,8587
2026-08-26 23:30:36,F,138,1408,657,8587
2026-08-26 23:30:36,E,67,1278,657,8587
2026-08-26 23:30:36,A,62,3163,657,8587
2026-08-26 23:30:36,C,108,1940,657,8587
2026-08-27 01:00:51,B,197,883,546,8698
2026-08-27 01:00:51,F,139,1407,546,8698
2026-08-27 01:00:51,E,59,1286,546,8698
2026-08-27 01:00:51,A,59,3166,546,8698
2026-08-27 01:00:51,C,92,1956,546,8698
2026-08-27 01:56:39,B,52,1028,361,8883
2026-08-27 01:56:39,F,124,1422,361,8883
2026-08-27 01:56:39,E,55,1290,361,8883
2026-08-27 01:56:39,A,55,3170,361,8883
2026-08-27 01:56:39,C,75,1973,361,8883
2026-08-27 02:30:34,B,46,1034,353,8891
2026-08-27 02:30:34,F,124,1422,353,8891
2026-08-27 02:30:34,E,55,1290,353,8891
2026-08-27 02:30:34,A,53,3172,353,8891
2026-08-27 02:30:34,C,75,1973,353,8891
2026-08-27 02:40:41,B,46,1034,353,8891
2026-08-27 02:40:41,F,125,1421,353,8891
2026-08-27 02:40:41,E,54,1291,353,8891
2026-08-27 02:40:41,A,53,3172,353,8891
2026-08-27 02:40:41,C,75,1973,353,8891
2026-08-27 03:00:51,B,46,1034,352,8892
2026-08-27 03:00:51,F,126,1420,352,8892
2026-08-27 03:00:51,E,52,1293,352,8892
2026-08-27 03:00:51,A,52,3173,352,8892
2026-08-27 03:00:51,C,76,1972,352,8892
2026-08-27 03:30:41,B,48,1032,345,8899
2026-08-27 03:30:41,F,123,1423,345,8899
2026-08-27 03:30:41,E,47,1298,345,8899
2026-08-27 03:30:41,A,52,3173,345,8899
2026-08-27 03:30:41,C,75,1973,345,8899
2026-08-27 04:30:37,B,58,1022,355,8889
2026-08-27 04:30:37,F,122,1424,355,8889
2026-08-27 04:30:37,E,47,1298,355,8889
2026-08-27 04:30:37,A,50,3175,355,8889
2026-08-27 04:30:37,C,78,1970,355,8889
2026-08-27 05:00:47,B,60,1020,360,8884
2026-08-27 05:00:47,F,126,1420,360,8884
2026-08-27 05:00:47,E,48,1297,360,8884
2026-08-27 05:00:47,A,50,3175,360,8884
2026-08-27 05:00:47,C,76,1972,360,8884
2026-08-27 05:30:38,B,55,1025,362,8882
2026-08-27 05:30:38,F,128,1418,362,8882
2026-08-27 05:30:38,E,51,1294,362,8882
2026-08-27 05:30:38,A,50,3175,362,8882
2026-08-27 05:30:38,C,78,1970,362,8882
2026-08-27 06:00:39,B,58,1022,424,8820
2026-08-27 06:00:39,F,154,1392,424,8820
2026-08-27 06:00:39,E,65,1280,424,8820
2026-08-27 06:00:39,A,54,3171,424,8820
2026-08-27 06:00:39,C,93,1955,424,8820
2026-08-27 06:30:34,B,54,1026,485,8759
2026-08-27 06:30:34,F,174,1372,485,8759
2026-08-27 06:30:34,E,81,1264,485,8759
2026-08-27 06:30:34,A,60,3165,485,8759
2026-08-27 06:30:34,C,116,1932,485,8759
2026-08-27 07:00:40,B,57,1023,647,8597
2026-08-27 07:00:40,F,228,1318,647,8597
2026-08-27 07:00:40,E,110,1235,647,8597
2026-08-27 07:00:40,A,93,3132,647,8597
2026-08-27 07:00:40,C,159,1889,647,8597
2026-08-27 07:20:23,B,53,1027,717,8527
2026-08-27 07:20:23,F,241,1305,717,8527
2026-08-27 07:20:23,E,124,1221,717,8527
2026-08-27 07:20:23,A,111,3114,717,8527
2026-08-27 07:20:23,C,188,1860,717,8527
2026-08-27 07:30:36,B,54,1026,774,8470
2026-08-27 07:30:36,F,248,1298,774,8470
2026-08-27 07:30:36,E,135,1210,774,8470
2026-08-27 07:30:36,A,116,3109,774,8470
2026-08-27 07:30:36,C,221,1827,774,8470
2026-08-27 08:00:41,B,51,1029,999,8245
2026-08-27 08:00:41,F,304,1242,999,8245
2026-08-27 08:00:41,E,170,1175,999,8245
2026-08-27 08:00:41,A,162,3063,999,8245
2026-08-27 08:00:41,C,312,1736,999,8245
2026-08-27 09:00:40,B,102,978,2031,7213
2026-08-27 09:00:40,F,521,1025,2031,7213
2026-08-27 09:00:40,E,388,957,2031,7213
2026-08-27 09:00:40,A,365,2860,2031,7213
2026-08-27 09:00:40,C,655,1393,2031,7213
2026-08-27 10:00:44,B,337,743,3460,5784
2026-08-27 10:00:44,F,822,724,3460,5784
2026-08-27 10:00:44,E,612,733,3460,5784
2026-08-27 10:00:44,A,739,2486,3460,5784
2026-08-27 10:00:44,C,950,1098,3460,5784
2026-08-27 10:30:38,B,441,639,3972,5272
2026-08-27 10:30:38,F,936,610,3972,5272
2026-08-27 10:30:38,E,695,650,3972,5272
2026-08-27 10:30:38,A,867,2358,3972,5272
2026-08-27 10:30:38,C,1033,1015,3972,5272
2026-08-27 11:00:40,B,509,571,4364,4880
2026-08-27 11:00:40,F,994,552,4364,4880
2026-08-27 11:00:40,E,755,590,4364,4880
2026-08-27 11:00:40,A,1006,2219,4364,4880
2026-08-27 11:00:40,C,1100,948,4364,4880
2026-08-27 11:30:34,B,578,502,4674,4570
2026-08-27 11:30:34,F,1042,504,4674,4570
2026-08-27 11:30:34,E,808,537,4674,4570
2026-08-27 11:30:34,A,1092,2133,4674,4570
2026-08-27 11:30:34,C,1154,894,4674,4570
2026-08-27 12:00:41,B,640,440,5016,4228
2026-08-27 12:00:41,F,1089,457,5016,4228
2026-08-27 12:00:41,E,869,476,5016,4228
2026-08-27 12:00:41,A,1201,2024,5016,4228
2026-08-27 12:00:41,C,1217,831,5016,4228
2026-08-27 15:00:43,B,734,346,5578,3666
2026-08-27 15:00:43,F,1183,363,5578,3666
2026-08-27 15:00:43,E,912,433,5578,3666
2026-08-27 15:00:43,A,1438,1787,5578,3666
2026-08-27 15:00:43,C,1311,737,5578,3666
2026-08-27 15:30:34,B,716,364,5515,3729
2026-08-27 15:30:34,F,1162,384,5515,3729
2026-08-27 15:30:34,E,920,425,5515,3729
2026-08-27 15:30:34,A,1428,1797,5515,3729
2026-08-27 15:30:34,C,1289,759,5515,3729
2026-08-27 16:00:43,B,713,367,5398,3846
2026-08-27 16:00:43,F,1179,367,5398,3846
2026-08-27 16:00:43,E,887,458,5398,3846
2026-08-27 16:00:43,A,1377,1848,5398,3846
2026-08-27 16:00:43,C,1242,806,5398,3846
2026-08-27 16:30:34,B,698,382,5298,3946
2026-08-27 16:30:34,F,1167,379,5298,3946
2026-08-27 16:30:34,E,860,485,5298,3946
2026-08-27 16:30:34,A,1353,1872,5298,3946
2026-08-27 16:30:34,C,1220,828,5298,3946
2026-08-27 17:00:46,B,680,400,5182,4062
2026-08-27 17:00:46,F,1151,395,5182,4062
2026-08-27 17:00:46,E,854,491,5182,4062
2026-08-27 17:00:46,A,1322,1903,5182,4062
2026-08-27 17:00:46,C,1175,873,5182,4062
2026-08-27 18:00:42,B,702,378,5004,4240
2026-08-27 18:00:42,F,1116,430,5004,4240
2026-08-27 18:00:42,E,823,522,5004,4240
2026-08-27 18:00:42,A,1257,1968,5004,4240
2026-08-27 18:00:42,C,1106,942,5004,4240
2026-08-27 18:30:33,B,716,364,4965,4279
2026-08-27 18:30:33,F,1119,427,4965,4279
2026-08-27 18:30:33,E,821,524,4965,4279
2026-08-27 18:30:33,A,1237,1988,4965,4279
2026-08-27 18:30:33,C,1072,976,4965,4279
2026-08-27 19:00:42,B,737,343,4942,4302
2026-08-27 19:00:42,F,1112,434,4942,4302
2026-08-27 19:00:42,E,818,527,4942,4302
2026-08-27 19:00:42,A,1231,1994,4942,4302
2026-08-27 19:00:42,C,1044,1004,4942,4302
2026-08-27 19:30:34,B,782,298,4922,4322
2026-08-27 19:30:34,F,1108,438,4922,4322
2026-08-27 19:30:34,E,796,549,4922,4322
2026-08-27 19:30:34,A,1206,2019,4922,4322
2026-08-27 19:30:34,C,1030,1018,4922,4322
2026-08-27 20:00:40,B,811,269,4943,4301
2026-08-27 20:00:40,F,1120,426,4943,4301
2026-08-27 20:00:40,E,812,533,4943,4301
2026-08-27 20:00:40,A,1197,2028,4943,4301
2026-08-27 20:00:40,C,1003,1045,4943,4301
2026-08-27 20:30:33,B,801,279,4853,4391
2026-08-27 20:30:33,F,1102,444,4853,4391
2026-08-27 20:30:33,E,784,561,4853,4391
2026-08-27 20:30:33,A,1179,2046,4853,4391
2026-08-27 20:30:33,C,987,1061,4853,4391
2026-08-27 20:40:31,B,798,282,4828,4416
2026-08-27 20:40:31,F,1099,447,4828,4416
2026-08-27 20:40:31,E,789,556,4828,4416
2026-08-27 20:40:31,A,1166,2059,4828,4416
2026-08-27 20:40:31,C,976,1072,4828,4416
2026-08-27 21:30:39,B,759,321,4546,4698
2026-08-27 21:30:39,F,1045,501,4546,4698
2026-08-27 21:30:39,E,743,602,4546,4698
2026-08-27 21:30:39,A,1092,2133,4546,4698
2026-08-27 21:30:39,C,907,1141,4546,4698
2026-08-27 22:00:45,B,727,353,4363,4881
2026-08-27 22:00:45,F,1012,534,4363,4881
2026-08-27 22:00:45,E,720,625,4363,4881
2026-08-27 22:00:45,A,1045,2180,4363,4881
2026-08-27 22:00:45,C,859,1189,4363,4881
2026-08-27 22:30:34,B,689,391,4049,5195
2026-08-27 22:30:34,F,960,586,4049,5195
2026-08-27 22:30:34,E,701,644,4049,5195
2026-08-27 22:30:34,A,944,2281,4049,5195
2026-08-27 22:30:34,C,755,1293,4049,5195
2026-08-27 23:00:44,B,630,450,3707,5537
2026-08-27 23:00:44,F,906,640,3707,5537
2026-08-27 23:00:44,E,647,698,3707,5537
2026-08-27 23:00:44,A,863,2362,3707,5537
2026-08-27 23:00:44,C,661,1387,3707,5537
2026-08-27 23:30:34,B,578,502,3430,5814
2026-08-27 23:30:34,F,845,701,3430,5814
2026-08-27 23:30:34,E,617,728,3430,5814
2026-08-27 23:30:34,A,802,2423,3430,5814
2026-08-27 23:30:34,C,588,1460,3430,5814
2026-08-28 00:00:41,B,422,658,2478,6766
2026-08-28 00:00:41,F,677,869,2478,6766
2026-08-28 00:00:41,E,498,847,2478,6766
2026-08-28 00:00:41,A,497,2728,2478,6766
2026-08-28 00:00:41,C,384,1664,2478,6766
2026-08-28 00:30:37,B,314,766,1937,7307
2026-08-28 00:30:37,F,612,934,1937,7307
2026-08-28 00:30:37,E,407,938,1937,7307
2026-08-28 00:30:37,A,343,2882,1937,7307
2026-08-28 00:30:37,C,261,1787,1937,7307
2026-08-28 01:00:48,B,162,918,1336,7908
2026-08-28 01:00:48,F,517,1029,1336,7908
2026-08-28 01:00:48,E,329,1016,1336,7908
2026-08-28 01:00:48,A,191,3034,1336,7908
2026-08-28 01:00:48,C,137,1911,1336,7908
2026-08-28 01:30:34,B,73,1007,786,8458
2026-08-28 01:30:34,F,319,1227,786,8458
2026-08-28 01:30:34,E,192,1153,786,8458
2026-08-28 01:30:34,A,90,3135,786,8458
2026-08-28 01:30:34,C,112,1936,786,8458
2026-08-28 02:00:45,B,60,1020,597,8647
2026-08-28 02:00:45,F,221,1325,597,8647
2026-08-28 02:00:45,E,156,1189,597,8647
2026-08-28 02:00:45,A,63,3162,597,8647
2026-08-28 02:00:45,C,97,1951,597,8647
2026-08-28 02:30:36,B,52,1028,511,8733
2026-08-28 02:30:36,F,187,1359,511,8733
2026-08-28 02:30:36,E,132,1213,511,8733
2026-08-28 02:30:36,A,48,3177,511,8733
2026-08-28 02:30:36,C,92,1956,511,8733
2026-08-28 03:00:45,B,53,1027,494,8750
2026-08-28 03:00:45,F,176,1370,494,8750
2026-08-28 03:00:45,E,126,1219,494,8750
2026-08-28 03:00:45,A,47,3178,494,8750
2026-08-28 03:00:45,C,92,1956,494,8750
2026-08-28 03:30:34,B,47,1033,479,8765
2026-08-28 03:30:34,F,169,1377,479,8765
2026-08-28 03:30:34,E,126,1219,479,8765
2026-08-28 03:30:34,A,44,3181,479,8765
2026-08-28 03:30:34,C,93,1955,479,8765
2026-08-28 04:00:44,B,44,1036,473,8771
2026-08-28 04:00:44,F,168,1378,473,8771
2026-08-28 04:00:44,E,125,1220,473,8771
2026-08-28 04:00:44,A,42,3183,473,8771
2026-08-28 04:00:44,C,94,1954,473,8771
2026-08-28 04:30:38,B,42,1038,465,8779
2026-08-28 04:30:38,F,169,1377,465,8779
2026-08-28 04:30:38,E,120,1225,465,8779
2026-08-28 04:30:38,A,42,3183,465,8779
2026-08-28 04:30:38,C,92,1956,465,8779
2026-08-28 05:00:44,B,44,1036,473,8771
2026-08-28 05:00:44,F,172,1374,473,8771
2026-08-28 05:00:44,E,121,1224,473,8771
2026-08-28 05:00:44,A,42,3183,473,8771
2026-08-28 05:00:44,C,94,1954,473,8771
2026-08-28 05:30:35,B,45,1035,488,8756
2026-08-28 05:30:35,F,179,1367,488,8756
2026-08-28 05:30:35,E,124,1221,488,8756
2026-08-28 05:30:35,A,44,3181,488,8756
2026-08-28 05:30:35,C,96,1952,488,8756
2026-08-28 06:00:41,B,45,1035,559,8685
2026-08-28 06:00:41,F,209,1337,559,8685
2026-08-28 06:00:41,E,139,1206,559,8685
2026-08-28 06:00:41,A,50,3175,559,8685
2026-08-28 06:00:41,C,116,1932,559,8685
2026-08-28 06:30:33,B,45,1035,614,8630
2026-08-28 06:30:33,F,229,1317,614,8630
2026-08-28 06:30:33,E,153,1192,614,8630
2026-08-28 06:30:33,A,59,3166,614,8630
2026-08-28 06:30:33,C,128,1920,614,8630
2026-08-28 07:30:35,B,45,1035,866,8378
2026-08-28 07:30:35,F,284,1262,866,8378
2026-08-28 07:30:35,E,201,1144,866,8378
2026-08-28 07:30:35,A,109,3116,866,8378
2026-08-28 07:30:35,C,227,1821,866,8378
2026-08-28 08:00:44,B,44,1036,1018,8226
2026-08-28 08:00:44,F,314,1232,1018,8226
2026-08-28 08:00:44,E,226,1119,1018,8226
2026-08-28 08:00:44,A,144,3081,1018,8226
2026-08-28 08:00:44,C,290,1758,1018,8226
2026-08-28 09:00:44,B,90,990,1631,7613
2026-08-28 09:00:44,F,421,1125,1631,7613
2026-08-28 09:00:44,E,354,991,1631,7613
2026-08-28 09:00:44,A,275,2950,1631,7613
2026-08-28 09:00:44,C,491,1557,1631,7613
2026-08-28 09:30:35,B,225,855,2498,6746
2026-08-28 09:30:35,F,571,975,2498,6746
2026-08-28 09:30:35,E,524,821,2498,6746
2026-08-28 09:30:35,A,495,2730,2498,6746
2026-08-28 09:30:35,C,683,1365,2498,6746
2026-08-28 10:00:45,B,291,789,2928,6316
2026-08-28 10:00:45,F,655,891,2928,6316
2026-08-28 10:00:45,E,589,756,2928,6316
2026-08-28 10:00:45,A,636,2589,2928,6316
2026-08-28 10:00:45,C,757,1291,2928,6316
2026-08-28 11:30:33,B,665,415,4784,4460
2026-08-28 11:30:33,F,1008,538,4784,4460
2026-08-28 11:30:33,E,833,512,4784,4460
2026-08-28 11:30:33,A,1193,2032,4784,4460
2026-08-28 11:30:33,C,1085,963,4784,4460
2026-08-28 12:00:41,B,694,386,4946,4298
2026-08-28 12:00:41,F,1041,505,4946,4298
2026-08-28 12:00:41,E,838,507,4946,4298
2026-08-28 12:00:41,A,1247,1978,4946,4298
2026-08-28 12:00:41,C,1126,922,4946,4298
2026-08-28 12:30:34,B,719,361,5142,4102
2026-08-28 12:30:34,F,1070,476,5142,4102
2026-08-28 12:30:34,E,870,475,5142,4102
2026-08-28 12:30:34,A,1329,1896,5142,4102
2026-08-28 12:30:34,C,1154,894,5142,4102
2026-08-28 13:00:42,B,745,335,5323,3921
2026-08-28 13:00:42,F,1092,454,5323,3921
2026-08-28 13:00:42,E,868,477,5323,3921
2026-08-28 13:00:42,A,1419,1806,5323,3921
2026-08-28 13:00:42,C,1199,849,5323,3921
2026-08-28 14:00:42,B,806,274,5661,3583
2026-08-28 14:00:42,F,1143,403,5661,3583
2026-08-28 14:00:42,E,894,451,5661,3583
2026-08-28 14:00:42,A,1543,1682,5661,3583
2026-08-28 14:00:42,C,1275,773,5661,3583
2026-08-28 14:30:33,B,795,285,5626,3618
2026-08-28 14:30:33,F,1136,410,5626,3618
2026-08-28 14:30:33,E,886,459,5626,3618
2026-08-28 14:30:33,A,1567,1658,5626,3618
2026-08-28 14:30:33,C,1242,806,5626,3618
2026-08-28 14:57:55,B,764,316,5544,3700
2026-08-28 14:57:55,F,1148,398,5544,3700
2026-08-28 14:57:55,E,861,484,5544,3700
2026-08-28 14:57:55,A,1554,1671,5544,3700
2026-08-28 14:57:55,C,1217,831,5544,3700
2026-08-28 15:00:44,B,766,314,5540,3704
2026-08-28 15:00:44,F,1147,399,5540,3704
2026-08-28 15:00:44,E,867,478,5540,3704
2026-08-28 15:00:44,A,1545,1680,5540,3704
2026-08-28 15:00:44,C,1215,833,5540,3704
2026-08-28 15:30:33,B,736,344,5382,3862
2026-08-28 15:30:33,F,1131,415,5382,3862
2026-08-28 15:30:33,E,840,505,5382,3862
2026-08-28 15:30:33,A,1528,1697,5382,3862
2026-08-28 15:30:33,C,1147,901,5382,3862
2026-08-28 17:00:41,B,732,348,5048,4196
2026-08-28 17:00:41,F,1121,425,5048,4196
2026-08-28 17:00:41,E,772,573,5048,4196
2026-08-28 17:00:41,A,1386,1839,5048,4196
2026-08-28 17:00:41,C,1037,1011,5048,4196
2026-08-28 17:30:33,B,768,312,4915,4329
2026-08-28 17:30:33,F,1094,452,4915,4329
2026-08-28 17:30:33,E,763,582,4915,4329
2026-08-28 17:30:33,A,1299,1926,4915,4329
2026-08-28 17:30:33,C,991,1057,4915,4329
2026-08-28 18:00:41,B,821,259,4941,4303
2026-08-28 18:00:41,F,1089,457,4941,4303
2026-08-28 18:00:41,E,744,601,4941,4303
2026-08-28 18:00:41,A,1297,1928,4941,4303
2026-08-28 18:00:41,C,990,1058,4941,4303
2026-08-28 18:30:35,B,919,161,5123,4121
2026-08-28 18:30:35,F,1122,424,5123,4121
2026-08-28 18:30:35,E,762,583,5123,4121
2026-08-28 18:30:35,A,1307,1918,5123,4121
2026-08-28 18:30:35,C,1013,1035,5123,4121
2026-08-28 19:30:34,B,936,144,5301,3943
2026-08-28 19:30:34,F,1124,422,5301,3943
2026-08-28 19:30:34,E,835,510,5301,3943
2026-08-28 19:30:34,A,1345,1880,5301,3943
2026-08-28 19:30:34,C,1061,987,5301,3943
2026-08-28 20:00:43,B,952,128,5318,3926
2026-08-28 20:00:43,F,1132,414,5318,3926
2026-08-28 20:00:43,E,853,492,5318,3926
2026-08-28 20:00:43,A,1322,1903,5318,3926
2026-08-28 20:00:43,C,1059,989,5318,3926
2026-08-28 20:30:36,B,961,119,5052,4192
2026-08-28 20:30:36,F,1093,453,5052,4192
2026-08-28 20:30:36,E,789,556,5052,4192
2026-08-28 20:30:36,A,1216,2009,5052,4192
2026-08-28 20:30:36,C,993,1055,5052,4192
2026-08-28 21:00:44,B,879,201,4322,4922
2026-08-28 21:00:44,F,970,576,4322,4922
2026-08-28 21:00:44,E,667,678,4322,4922
2026-08-28 21:00:44,A,1017,2208,4322,4922
2026-08-28 21:00:44,C,789,1259,4322,4922
2026-08-28 21:30:35,B,575,505,2780,6464
2026-08-28 21:30:35,F,758,788,2780,6464
2026-08-28 21:30:35,E,402,943,2780,6464
2026-08-28 21:30:35,A,618,2607,2780,6464
2026-08-28 21:30:35,C,427,1621,2780,6464
2026-08-28 22:30:34,B,391,689,1289,7955
2026-08-28 22:30:34,F,380,1166,1289,7955
2026-08-28 22:30:34,E,173,1172,1289,7955
2026-08-28 22:30:34,A,160,3065,1289,7955
2026-08-28 22:30:34,C,185,1863,1289,7955
2026-08-28 23:00:42,B,339,741,1006,8238
2026-08-28 23:00:42,F,285,1261,1006,8238
2026-08-28 23:00:42,E,120,1225,1006,8238
2026-08-28 23:00:42,A,116,3109,1006,8238
2026-08-28 23:00:42,C,146,1902,1006,8238
2026-08-29 00:00:44,B,233,847,709,8535
2026-08-29 00:00:44,F,206,1340,709,8535
2026-08-29 00:00:44,E,93,1252,709,8535
2026-08-29 00:00:44,A,74,3151,709,8535
2026-08-29 00:00:44,C,103,1945,709,8535
2026-08-29 00:30:34,B,186,894,624,8620
2026-08-29 00:30:34,F,197,1349,624,8620
2026-08-29 00:30:34,E,89,1256,624,8620
2026-08-29 00:30:34,A,60,3165,624,8620
2026-08-29 00:30:34,C,92,1956,624,8620
2026-08-29 01:00:42,B,153,927,567,8677
2026-08-29 01:00:42,F,184,1362,567,8677
2026-08-29 01:00:42,E,87,1258,567,8677
2026-08-29 01:00:42,A,59,3166,567,8677
2026-08-29 01:00:42,C,84,1964,567,8677
2026-08-29 01:30:35,B,65,1015,457,8787
2026-08-29 01:30:35,F,177,1369,457,8787
2026-08-29 01:30:35,E,81,1264,457,8787
2026-08-29 01:30:35,A,52,3173,457,8787
2026-08-29 01:30:35,C,82,1966,457,8787
2026-08-29 02:00:43,B,49,1031,428,8816
2026-08-29 02:00:43,F,174,1372,428,8816
2026-08-29 02:00:43,E,78,1267,428,8816
2026-08-29 02:00:43,A,49,3176,428,8816
2026-08-29 02:00:43,C,78,1970,428,8816
2026-08-29 02:30:34,B,47,1033,423,8821
2026-08-29 02:30:34,F,176,1370,423,8821
2026-08-29 02:30:34,E,76,1269,423,8821
2026-08-29 02:30:34,A,47,3178,423,8821
2026-08-29 02:30:34,C,77,1971,423,8821
2026-08-29 03:00:42,B,46,1034,418,8826
2026-08-29 03:00:42,F,176,1370,418,8826
2026-08-29 03:00:42,E,76,1269,418,8826
2026-08-29 03:00:42,A,47,3178,418,8826
2026-08-29 03:00:42,C,73,1975,418,8826
2026-08-29 03:06:24,B,47,1033,419,8825
2026-08-29 03:06:24,F,176,1370,419,8825
2026-08-29 03:06:24,E,75,1270,419,8825
2026-08-29 03:06:24,A,47,3178,419,8825
2026-08-29 03:06:24,C,74,1974,419,8825
2026-08-29 03:30:35,B,49,1031,420,8824
2026-08-29 03:30:35,F,175,1371,420,8824
2026-08-29 03:30:35,E,76,1269,420,8824
2026-08-29 03:30:35,A,47,3178,420,8824
2026-08-29 03:30:35,C,73,1975,420,8824
2026-08-29 04:00:40,B,44,1036,417,8827
2026-08-29 04:00:40,F,176,1370,417,8827
2026-08-29 04:00:40,E,75,1270,417,8827
2026-08-29 04:00:40,A,48,3177,417,8827
2026-08-29 04:00:40,C,74,1974,417,8827
2026-08-29 04:30:33,B,44,1036,413,8831
2026-08-29 04:30:33,F,176,1370,413,8831
2026-08-29 04:30:33,E,72,1273,413,8831
2026-08-29 04:30:33,A,47,3178,413,8831
2026-08-29 04:30:33,C,74,1974,413,8831
2026-08-29 05:00:43,B,44,1036,413,8831
2026-08-29 05:00:43,F,177,1369,413,8831
2026-08-29 05:00:43,E,70,1275,413,8831
2026-08-29 05:00:43,A,48,3177,413,8831
2026-08-29 05:00:43,C,74,1974,413,8831
2026-08-29 05:30:34,B,45,1035,415,8829
2026-08-29 05:30:34,F,176,1370,415,8829
2026-08-29 05:30:34,E,70,1275,415,8829
2026-08-29 05:30:34,A,48,3177,415,8829
2026-08-29 05:30:34,C,76,1972,415,8829
2026-08-29 06:00:39,B,46,1034,452,8792
2026-08-29 06:00:39,F,189,1357,452,8792
2026-08-29 06:00:39,E,76,1269,452,8792
2026-08-29 06:00:39,A,56,3169,452,8792
2026-08-29 06:00:39,C,85,1963,452,8792
2026-08-29 06:30:34,B,46,1034,483,8761
2026-08-29 06:30:34,F,205,1341,483,8761
2026-08-29 06:30:34,E,82,1263,483,8761
2026-08-29 06:30:34,A,63,3162,483,8761
2026-08-29 06:30:34,C,87,1961,483,8761
2026-08-29 07:31:12,B,49,1031,596,8648
2026-08-29 07:31:12,F,233,1313,596,8648
2026-08-29 07:31:12,E,106,1239,596,8648
2026-08-29 07:31:12,A,79,3146,596,8648
2026-08-29 07:31:12,C,129,1919,596,8648
2026-08-29 08:30:34,B,47,1033,928,8316
2026-08-29 08:30:34,F,312,1234,928,8316
2026-08-29 08:30:34,E,199,1146,928,8316
2026-08-29 08:30:34,A,143,3082,928,8316
2026-08-29 08:30:34,C,227,1821,928,8316
2026-08-29 09:00:45,B,125,955,1500,7744
2026-08-29 09:00:45,F,399,1147,1500,7744
2026-08-29 09:00:45,E,320,1025,1500,7744
2026-08-29 09:00:45,A,269,2956,1500,7744
2026-08-29 09:00:45,C,387,1661,1500,7744
2026-08-29 10:30:33,B,527,553,3472,5772
2026-08-29 10:30:33,F,756,790,3472,5772
2026-08-29 10:30:33,E,671,674,3472,5772
2026-08-29 10:30:33,A,750,2475,3472,5772
2026-08-29 10:30:33,C,768,1280,3472,5772
2026-08-29 11:00:40,B,728,352,4400,4844
2026-08-29 11:00:40,F,912,634,4400,4844
2026-08-29 11:00:40,E,846,499,4400,4844
2026-08-29 11:00:40,A,967,2258,4400,4844
2026-08-29 11:00:40,C,947,1101,4400,4844
2026-08-29 11:30:33,B,871,209,5321,3923
2026-08-29 11:30:33,F,1077,469,5321,3923
2026-08-29 11:30:33,E,953,392,5321,3923
2026-08-29 11:30:33,A,1298,1927,5321,3923
2026-08-29 11:30:33,C,1122,926,5321,3923
2026-08-29 12:00:38,B,912,168,5855,3389
2026-08-29 12:00:38,F,1224,322,5855,3389
2026-08-29 12:00:38,E,973,372,5855,3389
2026-08-29 12:00:38,A,1522,1703,5855,3389
2026-08-29 12:00:38,C,1224,824,5855,3389
2026-08-29 12:30:35,B,943,137,6307,2937
2026-08-29 12:30:35,F,1270,276,6307,2937
2026-08-29 12:30:35,E,1036,309,6307,2937
2026-08-29 12:30:35,A,1740,1485,6307,2937
2026-08-29 12:30:35,C,1318,730,6307,2937
2026-08-29 13:30:32,B,961,119,6612,2632
2026-08-29 13:30:32,F,1247,299,6612,2632
2026-08-29 13:30:32,E,1065,280,6612,2632
2026-08-29 13:30:32,A,1954,1271,6612,2632
2026-08-29 13:30:32,C,1385,663,6612,2632
2026-08-29 14:00:43,B,966,114,6750,2494
2026-08-29 14:00:43,F,1249,297,6750,2494
2026-08-29 14:00:43,E,1043,302,6750,2494
2026-08-29 14:00:43,A,2027,1198,6750,2494
2026-08-29 14:00:43,C,1465,583,6750,2494
2026-08-29 15:00:40,B,947,133,6740,2504
2026-08-29 15:00:40,F,1251,295,6740,2504
2026-08-29 15:00:40,E,1037,308,6740,2504
2026-08-29 15:00:40,A,2046,1179,6740,2504
2026-08-29 15:00:40,C,1459,589,6740,2504
2026-08-29 16:30:38,B,940,140,6747,2497
2026-08-29 16:30:38,F,1244,302,6747,2497
2026-08-29 16:30:38,E,1031,314,6747,2497
2026-08-29 16:30:38,A,2079,1146,6747,2497
2026-08-29 16:30:38,C,1453,595,6747,2497
2026-08-29 17:00:40,B,928,152,6709,2535
2026-08-29 17:00:40,F,1234,312,6709,2535
2026-08-29 17:00:40,E,1025,320,6709,2535
2026-08-29 17:00:40,A,2081,1144,6709,2535
2026-08-29 17:00:40,C,1441,607,6709,2535
2026-08-29 17:30:33,B,938,142,6696,2548
2026-08-29 17:30:33,F,1220,326,6696,2548
2026-08-29 17:30:33,E,1033,312,6696,2548
2026-08-29 17:30:33,A,2079,1146,6696,2548
2026-08-29 17:30:33,C,1426,622,6696,2548
2026-08-29 17:55:18,B,951,129,6669,2575
2026-08-29 17:55:18,F,1230,316,6669,2575
2026-08-29 17:55:18,E,1020,325,6669,2575
2026-08-29 17:55:18,A,2071,1154,6669,2575
2026-08-29 17:55:18,C,1397,651,6669,2575
2026-08-29 18:00:39,B,950,130,6631,2613
2026-08-29 18:00:39,F,1227,319,6631,2613
2026-08-29 18:00:39,E,1012,333,6631,2613
2026-08-29 18:00:39,A,2047,1178,6631,2613
2026-08-29 18:00:39,C,1395,653,6631,2613
2026-08-29 18:30:32,B,941,139,6547,2697
2026-08-29 18:30:32,F,1224,322,6547,2697
2026-08-29 18:30:32,E,1016,329,6547,2697
2026-08-29 18:30:32,A,1995,1230,6547,2697
2026-08-29 18:30:32,C,1371,677,6547,2697
2026-08-29 19:00:38,B,943,137,6439,2805
2026-08-29 19:00:38,F,1208,338,6439,2805
2026-08-29 19:00:38,E,1013,332,6439,2805
2026-08-29 19:00:38,A,1937,1288,6439,2805
2026-08-29 19:00:38,C,1338,710,6439,2805
2026-08-29 19:30:34,B,937,143,6344,2900
2026-08-29 19:30:34,F,1191,355,6344,2900
2026-08-29 19:30:34,E,996,349,6344,2900
2026-08-29 19:30:34,A,1900,1325,6344,2900
2026-08-29 19:30:34,C,1320,728,6344,2900
2026-08-29 20:00:39,B,931,149,6217,3027
2026-08-29 20:00:39,F,1189,357,6217,3027
2026-08-29 20:00:39,E,983,362,6217,3027
2026-08-29 20:00:39,A,1834,1391,6217,3027
2026-08-29 20:00:39,C,1280,768,6217,3027
2026-08-29 21:00:39,B,898,182,5694,3550
2026-08-29 21:00:39,F,1132,414,5694,3550
2026-08-29 21:00:39,E,888,457,5694,3550
2026-08-29 21:00:39,A,1626,1599,5694,3550
2026-08-29 21:00:39,C,1150,898,5694,3550
2026-08-29 22:00:39,B,769,311,4819,4425
2026-08-29 22:00:39,F,1037,509,4819,4425
2026-08-29 22:00:39,E,744,601,4819,4425
2026-08-29 22:00:39,A,1344,1881,4819,4425
2026-08-29 22:00:39,C,925,1123,4819,4425
2026-08-29 22:30:33,B,735,345,4616,4628
2026-08-29 22:30:33,F,1017,529,4616,4628
2026-08-29 22:30:33,E,718,627,4616,4628
2026-08-29 22:30:33,A,1279,1946,4616,4628
2026-08-29 22:30:33,C,867,1181,4616,4628
2026-08-30 00:00:40,B,642,438,3980,5264
2026-08-30 00:00:40,F,913,633,3980,5264
2026-08-30 00:00:40,E,600,745,3980,5264
2026-08-30 00:00:40,A,1104,2121,3980,5264
2026-08-30 00:00:40,C,721,1327,3980,5264
2026-08-30 00:30:34,B,575,505,3629,5615
2026-08-30 00:30:34,F,859,687,3629,5615
2026-08-30 00:30:34,E,549,796,3629,5615
2026-08-30 00:30:34,A,996,2229,3629,5615
2026-08-30 00:30:34,C,650,1398,3629,5615
2026-08-30 01:00:41,B,535,545,3451,5793
2026-08-30 01:00:41,F,843,703,3451,5793
2026-08-30 01:00:41,E,523,822,3451,5793
2026-08-30 01:00:41,A,948,2277,3451,5793
2026-08-30 01:00:41,C,602,1446,3451,5793
2026-08-30 02:30:34,B,242,838,1899,7345
2026-08-30 02:30:34,F,590,956,1899,7345
2026-08-30 02:30:34,E,312,1033,1899,7345
2026-08-30 02:30:34,A,461,2764,1899,7345
2026-08-30 02:30:34,C,294,1754,1899,7345
2026-08-30 03:30:32,B,115,965,1263,7981
2026-08-30 03:30:32,F,454,1092,1263,7981
2026-08-30 03:30:32,E,205,1140,1263,7981
2026-08-30 03:30:32,A,314,2911,1263,7981
2026-08-30 03:30:32,C,175,1873,1263,7981
2026-08-30 04:00:37,B,92,988,1045,8199
2026-08-30 04:00:37,F,392,1154,1045,8199
2026-08-30 04:00:37,E,159,1186,1045,8199
2026-08-30 04:00:37,A,259,2966,1045,8199
2026-08-30 04:00:37,C,143,1905,1045,8199
2026-08-30 05:00:39,B,55,1025,608,8636
2026-08-30 05:00:39,F,267,1279,608,8636
2026-08-30 05:00:39,E,116,1229,608,8636
2026-08-30 05:00:39,A,86,3139,608,8636
2026-08-30 05:00:39,C,84,1964,608,8636
2026-08-30 05:30:33,B,53,1027,537,8707
2026-08-30 05:30:33,F,225,1321,537,8707
2026-08-30 05:30:33,E,111,1234,537,8707
2026-08-30 05:30:33,A,66,3159,537,8707
2026-08-30 05:30:33,C,82,1966,537,8707
2026-08-30 05:49:05,B,51,1029,490,8754
2026-08-30 05:49:05,F,198,1348,490,8754
2026-08-30 05:49:05,E,108,1237,490,8754
2026-08-30 05:49:05,A,56,3169,490,8754
2026-08-30 05:49:05,C,77,1971,490,8754
2026-08-30 06:00:40,B,51,1029,488,8756
2026-08-30 06:00:40,F,196,1350,488,8756
2026-08-30 06:00:40,E,107,1238,488,8756
2026-08-30 06:00:40,A,56,3169,488,8756
2026-08-30 06:00:40,C,78,1970,488,8756
2026-08-30 07:00:37,B,53,1027,520,8724
2026-08-30 07:00:37,F,210,1336,520,8724
2026-08-30 07:00:37,E,120,1225,520,8724
2026-08-30 07:00:37,A,46,3179,520,8724
2026-08-30 07:00:37,C,91,1957,520,8724
2026-08-30 07:30:33,B,55,1025,541,8703
2026-08-30 07:30:33,F,212,1334,541,8703
2026-08-30 07:30:33,E,128,1217,541,8703
2026-08-30 07:30:33,A,45,3180,541,8703
2026-08-30 07:30:33,C,101,1947,541,8703
2026-08-30 08:00:38,B,56,1024,619,8625
2026-08-30 08:00:38,F,232,1314,619,8625
2026-08-30 08:00:38,E,142,1203,619,8625
2026-08-30 08:00:38,A,57,3168,619,8625
2026-08-30 08:00:38,C,132,1916,619,8625
2026-08-30 08:30:33,B,55,1025,764,8480
2026-08-30 08:30:33,F,260,1286,764,8480
2026-08-30 08:30:33,E,179,1166,764,8480
2026-08-30 08:30:33,A,80,3145,764,8480
2026-08-30 08:30:33,C,190,1858,764,8480
2026-08-30 09:00:40,B,91,989,975,8269
2026-08-30 09:00:40,F,308,1238,975,8269
2026-08-30 09:00:40,E,218,1127,975,8269
2026-08-30 09:00:40,A,114,3111,975,8269
2026-08-30 09:00:40,C,244,1804,975,8269
2026-08-30 10:00:42,B,443,637,2602,6642
2026-08-30 10:00:42,F,637,909,2602,6642
2026-08-30 10:00:42,E,472,873,2602,6642
2026-08-30 10:00:42,A,461,2764,2602,6642
2026-08-30 10:00:42,C,589,1459,2602,6642
2026-08-30 10:27:00,B,646,434,3590,5654
2026-08-30 10:27:00,F,831,715,3590,5654
2026-08-30 10:27:00,E,622,723,3590,5654
2026-08-30 10:27:00,A,732,2493,3590,5654
2026-08-30 10:27:00,C,759,1289,3590,5654
2026-08-30 10:30:33,B,663,417,3702,5542
2026-08-30 10:30:33,F,855,691,3702,5542
2026-08-30 10:30:33,E,644,701,3702,5542
2026-08-30 10:30:33,A,769,2456,3702,5542
2026-08-30 10:30:33,C,771,1277,3702,5542
2026-08-30 11:00:41,B,800,280,4553,4691
2026-08-30 11:00:41,F,1007,539,4553,4691
2026-08-30 11:00:41,E,785,560,4553,4691
2026-08-30 11:00:41,A,1028,2197,4553,4691
2026-08-30 11:00:41,C,933,1115,4553,4691
2026-08-30 11:30:35,B,914,166,5159,4085
2026-08-30 11:30:35,F,1119,427,5159,4085
2026-08-30 11:30:35,E,855,490,5159,4085
2026-08-30 11:30:35,A,1240,1985,5159,4085
2026-08-30 11:30:35,C,1031,1017,5159,4085
2026-08-30 12:00:40,B,961,119,5715,3529
2026-08-30 12:00:40,F,1213,333,5715,3529
2026-08-30 12:00:40,E,930,415,5715,3529
2026-08-30 12:00:40,A,1470,1755,5715,3529
2026-08-30 12:00:40,C,1141,907,5715,3529
2026-08-30 13:00:43,B,959,121,6369,2875
2026-08-30 13:00:43,F,1256,290,6369,2875
2026-08-30 13:00:43,E,1049,296,6369,2875
2026-08-30 13:00:43,A,1785,1440,6369,2875
2026-08-30 13:00:43,C,1320,728,6369,2875
2026-08-30 14:00:39,B,946,134,6692,2552
2026-08-30 14:00:39,F,1268,278,6692,2552
2026-08-30 14:00:39,E,1095,250,6692,2552
2026-08-30 14:00:39,A,1970,1255,6692,2552
2026-08-30 14:00:39,C,1413,635,6692,2552
2026-08-30 15:30:34,B,939,141,6894,2350
2026-08-30 15:30:34,F,1267,279,6894,2350
2026-08-30 15:30:34,E,1058,287,6894,2350
2026-08-30 15:30:34,A,2172,1053,6894,2350
2026-08-30 15:30:34,C,1458,590,6894,2350
2026-08-30 16:00:40,B,934,146,6797,2447
2026-08-30 16:00:40,F,1240,306,6797,2447
2026-08-30 16:00:40,E,1059,286,6797,2447
2026-08-30 16:00:40,A,2122,1103,6797,2447
2026-08-30 16:00:40,C,1442,606,6797,2447
2026-08-30 16:30:33,B,923,157,6588,2656
2026-08-30 16:30:33,F,1242,304,6588,2656
2026-08-30 16:30:33,E,991,354,6588,2656
2026-08-30 16:30:33,A,2072,1153,6588,2656
2026-08-30 16:30:33,C,1360,688,6588,2656
2026-08-30 17:00:42,B,910,170,6305,2939
2026-08-30 17:00:42,F,1225,321,6305,2939
2026-08-30 17:00:42,E,956,389,6305,2939
2026-08-30 17:00:42,A,1930,1295,6305,2939
2026-08-30 17:00:42,C,1284,764,6305,2939
2026-08-30 17:30:32,B,927,153,5888,3356
2026-08-30 17:30:32,F,1196,350,5888,3356
2026-08-30 17:30:32,E,895,450,5888,3356
2026-08-30 17:30:32,A,1720,1505,5888,3356
2026-08-30 17:30:32,C,1150,898,5888,3356
2026-08-30 18:00:39,B,906,174,5333,3911
2026-08-30 18:00:39,F,1126,420,5333,3911
2026-08-30 18:00:39,E,816,529,5333,3911
2026-08-30 18:00:39,A,1481,1744,5333,3911
2026-08-30 18:00:39,C,1004,1044,5333,3911
2026-08-30 18:30:33,B,876,204,4601,4643
2026-08-30 18:30:33,F,998,548,4601,4643
2026-08-30 18:30:33,E,730,615,4601,4643
2026-08-30 18:30:33,A,1187,2038,4601,4643
2026-08-30 18:30:33,C,810,1238,4601,4643
2026-08-30 19:00:38,B,811,269,4002,5242
2026-08-30 19:00:38,F,897,649,4002,5242
2026-08-30 19:00:38,E,608,737,4002,5242
2026-08-30 19:00:38,A,1003,2222,4002,5242
2026-08-30 19:00:38,C,683,1365,4002,5242
2026-08-30 20:00:38,B,595,485,2650,6594
2026-08-30 20:00:38,F,676,870,2650,6594
2026-08-30 20:00:38,E,397,948,2650,6594
2026-08-30 20:00:38,A,609,2616,2650,6594
2026-08-30 20:00:38,C,373,1675,2650,6594
2026-08-30 20:30:34,B,532,548,2297,6947
2026-08-30 20:30:34,F,608,938,2297,6947
2026-08-30 20:30:34,E,338,1007,2297,6947
2026-08-30 20:30:34,A,518,2707,2297,6947
2026-08-30 20:30:34,C,301,1747,2297,6947
2026-08-30 20:45:09,B,510,570,2170,7074
2026-08-30 20:45:09,F,586,960,2170,7074
2026-08-30 20:45:09,E,311,1034,2170,7074
2026-08-30 20:45:09,A,483,2742,2170,7074
2026-08-30 20:45:09,C,280,1768,2170,7074
2026-08-30 21:00:40,B,481,599,1987,7257
2026-08-30 21:00:40,F,543,1003,1987,7257
2026-08-30 21:00:40,E,271,1074,1987,7257
2026-08-30 21:00:40,A,440,2785,1987,7257
2026-08-30 21:00:40,C,252,1796,1987,7257
2026-08-30 21:30:32,B,353,727,1444,7800
2026-08-30 21:30:32,F,428,1118,1444,7800
2026-08-30 21:30:32,E,167,1178,1444,7800
2026-08-30 21:30:32,A,340,2885,1444,7800
2026-08-30 21:30:32,C,156,1892,1444,7800
2026-08-30 23:00:39,B,245,835,1069,8175
2026-08-30 23:00:39,F,336,1210,1069,8175
2026-08-30 23:00:39,E,132,1213,1069,8175
2026-08-30 23:00:39,A,245,2980,1069,8175
2026-08-30 23:00:39,C,111,1937,1069,8175
2026-08-30 23:30:34,B,217,863,960,8284
2026-08-30 23:30:34,F,314,1232,960,8284
2026-08-30 23:30:34,E,117,1228,960,8284
2026-08-30 23:30:34,A,213,3012,960,8284
2026-08-30 23:30:34,C,99,1949,960,8284
2026-08-31 00:30:34,B,122,958,673,8571
2026-08-31 00:30:34,F,231,1315,673,8571
2026-08-31 00:30:34,E,95,1250,673,8571
2026-08-31 00:30:34,A,142,3083,673,8571
2026-08-31 00:30:34,C,83,1965,673,8571
2026-08-31 02:00:41,B,50,1030,415,8829
2026-08-31 02:00:41,F,152,1394,415,8829
2026-08-31 02:00:41,E,88,1257,415,8829
2026-08-31 02:00:41,A,50,3175,415,8829
2026-08-31 02:00:41,C,75,1973,415,8829
2026-08-31 02:30:34,B,51,1029,408,8836
2026-08-31 02:30:34,F,147,1399,408,8836
2026-08-31 02:30:34,E,87,1258,408,8836
2026-08-31 02:30:34,A,48,3177,408,8836
2026-08-31 02:30:34,C,75,1973,408,8836
2026-08-31 03:30:34,B,50,1030,411,8833
2026-08-31 03:30:34,F,149,1397,411,8833
2026-08-31 03:30:34,E,86,1259,411,8833
2026-08-31 03:30:34,A,49,3176,411,8833
2026-08-31 03:30:34,C,77,1971,411,8833
2026-08-31 04:00:41,B,50,1030,408,8836
2026-08-31 04:00:41,F,148,1398,408,8836
2026-08-31 04:00:41,E,84,1261,408,8836
2026-08-31 04:00:41,A,48,3177,408,8836
2026-08-31 04:00:41,C,78,1970,408,8836
2026-08-31 04:30:36,B,50,1030,407,8837
2026-08-31 04:30:36,F,150,1396,407,8837
2026-08-31 04:30:36,E,84,1261,407,8837
2026-08-31 04:30:36,A,48,3177,407,8837
2026-08-31 04:30:36,C,75,1973,407,8837
2026-08-31 04:39:37,B,49,1031,405,8839
2026-08-31 04:39:37,F,150,1396,405,8839
2026-08-31 04:39:37,E,84,1261,405,8839
2026-08-31 04:39:37,A,48,3177,405,8839
2026-08-31 04:39:37,C,74,1974,405,8839
2026-08-31 05:00:37,B,49,1031,412,8832
2026-08-31 05:00:37,F,150,1396,412,8832
2026-08-31 05:00:37,E,84,1261,412,8832
2026-08-31 05:00:37,A,48,3177,412,8832
2026-08-31 05:00:37,C,81,1967,412,8832
2026-08-31 05:30:34,B,49,1031,430,8814
2026-08-31 05:30:34,F,160,1386,430,8814
2026-08-31 05:30:34,E,85,1260,430,8814
2026-08-31 05:30:34,A,50,3175,430,8814
2026-08-31 05:30:34,C,86,1962,430,8814
2026-08-31 06:00:38,B,48,1032,493,8751
2026-08-31 06:00:38,F,187,1359,493,8751
2026-08-31 06:00:38,E,97,1248,493,8751
2026-08-31 06:00:38,A,58,3167,493,8751
2026-08-31 06:00:38,C,103,1945,493,8751
2026-08-31 06:30:32,B,46,1034,541,8703
2026-08-31 06:30:32,F,198,1348,541,8703
2026-08-31 06:30:32,E,115,1230,541,8703
2026-08-31 06:30:32,A,63,3162,541,8703
2026-08-31 06:30:32,C,119,1929,541,8703
2026-08-31 07:00:38,B,47,1033,728,8516
2026-08-31 07:00:38,F,254,1292,728,8516
2026-08-31 07:00:38,E,136,1209,728,8516
2026-08-31 07:00:38,A,95,3130,728,8516
2026-08-31 07:00:38,C,196,1852,728,8516
2026-08-31 07:30:36,B,44,1036,931,8313
2026-08-31 07:30:36,F,302,1244,931,8313
2026-08-31 07:30:36,E,170,1175,931,8313
2026-08-31 07:30:36,A,129,3096,931,8313
2026-08-31 07:30:36,C,286,1762,931,8313
2026-08-31 07:40:21,B,45,1035,981,8263
2026-08-31 07:40:21,F,304,1242,981,8263
2026-08-31 07:40:21,E,172,1173,981,8263
2026-08-31 07:40:21,A,138,3087,981,8263
2026-08-31 07:40:21,C,322,1726,981,8263
2026-08-31 08:30:34,B,45,1035,1653,7591
2026-08-31 08:30:34,F,435,1111,1653,7591
2026-08-31 08:30:34,E,297,1048,1653,7591
2026-08-31 08:30:34,A,258,2967,1653,7591
2026-08-31 08:30:34,C,618,1430,1653,7591
2026-08-31 09:00:40,B,100,980,2458,6786
2026-08-31 09:00:40,F,676,870,2458,6786
2026-08-31 09:00:40,E,444,901,2458,6786
2026-08-31 09:00:40,A,412,2813,2458,6786
2026-08-31 09:00:40,C,826,1222,2458,6786
2026-08-31 09:30:34,B,219,861,3390,5854
2026-08-31 09:30:34,F,932,614,3390,5854
2026-08-31 09:30:34,E,602,743,3390,5854
2026-08-31 09:30:34,A,608,2617,3390,5854
2026-08-31 09:30:34,C,1029,1019,3390,5854
2026-08-31 11:30:35,B,567,513,4976,4268
2026-08-31 11:30:35,F,1174,372,4976,4268
2026-08-31 11:30:35,E,842,503,4976,4268
2026-08-31 11:30:35,A,1097,2128,4976,4268
2026-08-31 11:30:35,C,1296,752,4976,4268
2026-08-31 12:00:42,B,609,471,5161,4083
2026-08-31 12:00:42,F,1202,344,5161,4083
2026-08-31 12:00:42,E,871,474,5161,4083
2026-08-31 12:00:42,A,1155,2070,5161,4083
2026-08-31 12:00:42,C,1324,724,5161,4083
2026-08-31 13:00:41,B,672,408,5434,3810
2026-08-31 13:00:41,F,1229,317,5434,3810
2026-08-31 13:00:41,E,919,426,5434,3810
2026-08-31 13:00:41,A,1218,2007,5434,3810
2026-08-31 13:00:41,C,1396,652,5434,3810
2026-08-31 13:30:36,B,681,399,5521,3723
2026-08-31 13:30:36,F,1235,311,5521,3723
2026-08-31 13:30:36,E,940,405,5521,3723
2026-08-31 13:30:36,A,1246,1979,5521,3723
2026-08-31 13:30:36,C,1419,629,5521,3723
2026-08-31 14:00:40,B,708,372,5556,3688
2026-08-31 14:00:40,F,1231,315,5556,3688
2026-08-31 14:00:40,E,945,400,5556,3688
2026-08-31 14:00:40,A,1261,1964,5556,3688
2026-08-31 14:00:40,C,1411,637,5556,3688
2026-08-31 14:30:36,B,700,380,5555,3689
2026-08-31 14:30:36,F,1223,323,5555,3689
2026-08-31 14:30:36,E,947,398,5555,3689
2026-08-31 14:30:36,A,1272,1953,5555,3689
2026-08-31 14:30:36,C,1413,635,5555,3689
2026-08-31 15:30:37,B,688,392,5383,3861
2026-08-31 15:30:37,F,1190,356,5383,3861
2026-08-31 15:30:37,E,915,430,5383,3861
2026-08-31 15:30:37,A,1230,1995,5383,3861
2026-08-31 15:30:37,C,1360,688,5383,3861
2026-08-31 16:30:35,B,672,408,5220,4024
2026-08-31 16:30:35,F,1169,377,5220,4024
2026-08-31 16:30:35,E,891,454,5220,4024
2026-08-31 16:30:35,A,1180,2045,5220,4024
2026-08-31 16:30:35,C,1308,740,5220,4024
2026-08-31 17:00:42,B,644,436,5028,4216
2026-08-31 17:00:42,F,1143,403,5028,4216
2026-08-31 17:00:42,E,873,472,5028,4216
2026-08-31 17:00:42,A,1135,2090,5028,4216
2026-08-31 17:00:42,C,1233,815,5028,4216
2026-08-31 18:00:39,B,478,602,3830,5414
2026-08-31 18:00:39,F,989,557,3830,5414
2026-08-31 18:00:39,E,717,628,3830,5414
2026-08-31 18:00:39,A,828,2397,3830,5414
2026-08-31 18:00:39,C,818,1230,3830,5414
2026-08-31 18:30:34,B,354,726,2700,6544
2026-08-31 18:30:34,F,821,725,2700,6544
2026-08-31 18:30:34,E,595,750,2700,6544
2026-08-31 18:30:34,A,467,2758,2700,6544
2026-08-31 18:30:34,C,463,1585,2700,6544
2026-08-31 18:56:22,B,321,759,2025,7219
2026-08-31 18:56:22,F,622,924,2025,7219
2026-08-31 18:56:22,E,478,867,2025,7219
2026-08-31 18:56:22,A,294,2931,2025,7219
2026-08-31 18:56:22,C,310,1738,2025,7219
2026-08-31 19:00:40,B,312,768,1937,7307
2026-08-31 19:00:40,F,582,964,1937,7307
2026-08-31 19:00:40,E,465,880,1937,7307
2026-08-31 19:00:40,A,275,2950,1937,7307
2026-08-31 19:00:40,C,303,1745,1937,7307
2026-08-31 19:30:35,B,313,767,1462,7782
2026-08-31 19:30:35,F,407,1139,1462,7782
2026-08-31 19:30:35,E,353,992,1462,7782
2026-08-31 19:30:35,A,152,3073,1462,7782
2026-08-31 19:30:35,C,237,1811,1462,7782
2026-08-31 20:00:39,B,300,780,1181,8063
2026-08-31 20:00:39,F,305,1241,1181,8063
2026-08-31 20:00:39,E,248,1097,1181,8063
2026-08-31 20:00:39,A,120,3105,1181,8063
2026-08-31 20:00:39,C,208,1840,1181,8063
2026-08-31 21:00:40,B,246,834,883,8361
2026-08-31 21:00:40,F,238,1308,883,8361
2026-08-31 21:00:40,E,175,1170,883,8361
2026-08-31 21:00:40,A,66,3159,883,8361
2026-08-31 21:00:40,C,158,1890,883,8361
2026-08-31 21:30:33,B,193,887,701,8543
2026-08-31 21:30:33,F,201,1345,701,8543
2026-08-31 21:30:33,E,128,1217,701,8543
2026-08-31 21:30:33,A,49,3176,701,8543
2026-08-31 21:30:33,C,130,1918,701,8543
2026-08-31 22:00:46,B,163,917,618,8626
2026-08-31 22:00:46,F,182,1364,618,8626
2026-08-31 22:00:46,E,105,1240,618,8626
2026-08-31 22:00:46,A,48,3177,618,8626
2026-08-31 22:00:46,C,120,1928,618,8626
2026-08-31 22:30:33,B,136,944,532,8712
2026-08-31 22:30:33,F,174,1372,532,8712
2026-08-31 22:30:33,E,81,1264,532,8712
2026-08-31 22:30:33,A,45,3180,532,8712
2026-08-31 22:30:33,C,96,1952,532,8712
2026-08-31 23:00:43,B,118,962,510,8734
2026-08-31 23:00:43,F,173,1373,510,8734
2026-08-31 23:00:43,E,78,1267,510,8734
2026-08-31 23:00:43,A,45,3180,510,8734
2026-08-31 23:00:43,C,96,1952,510,8734
2026-08-31 23:30:34,B,96,984,473,8771
2026-08-31 23:30:34,F,165,1381,473,8771
2026-08-31 23:30:34,E,77,1268,473,8771
2026-08-31 23:30:34,A,42,3183,473,8771
2026-08-31 23:30:34,C,93,1955,473,8771
2026-09-01 00:30:36,B,64,1016,434,8810
2026-09-01 00:30:36,F,167,1379,434,8810
2026-09-01 00:30:36,E,73,1272,434,8810
2026-09-01 00:30:36,A,40,3185,434,8810
2026-09-01 00:30:36,C,90,1958,434,8810
2026-09-01 01:00:45,B,61,1019,432,8812
2026-09-01 01:00:45,F,172,1374,432,8812
2026-09-01 01:00:45,E,71,1274,432,8812
2026-09-01 01:00:45,A,38,3187,432,8812
2026-09-01 01:00:45,C,90,1958,432,8812
2026-09-01 02:00:43,B,51,1029,416,8828
2026-09-01 02:00:43,F,170,1376,416,8828
2026-09-01 02:00:43,E,71,1274,416,8828
2026-09-01 02:00:43,A,39,3186,416,8828
2026-09-01 02:00:43,C,85,1963,416,8828
2026-09-01 03:00:46,B,49,1031,415,8829
2026-09-01 03:00:46,F,173,1373,415,8829
2026-09-01 03:00:46,E,70,1275,415,8829
2026-09-01 03:00:46,A,35,3190,415,8829
2026-09-01 03:00:46,C,88,1960,415,8829
2026-09-01 03:30:35,B,49,1031,415,8829
2026-09-01 03:30:35,F,171,1375,415,8829
2026-09-01 03:30:35,E,71,1274,415,8829
2026-09-01 03:30:35,A,35,3190,415,8829
2026-09-01 03:30:35,C,89,1959,415,8829
2026-09-01 04:00:40,B,48,1032,409,8835
2026-09-01 04:00:40,F,169,1377,409,8835
2026-09-01 04:00:40,E,70,1275,409,8835
2026-09-01 04:00:40,A,34,3191,409,8835
2026-09-01 04:00:40,C,88,1960,409,8835
2026-09-01 04:30:35,B,49,1031,413,8831
2026-09-01 04:30:35,F,170,1376,413,8831
2026-09-01 04:30:35,E,71,1274,413,8831
2026-09-01 04:30:35,A,35,3190,413,8831
2026-09-01 04:30:35,C,88,1960,413,8831
2026-09-01 05:00:44,B,48,1032,415,8829
2026-09-01 05:00:44,F,170,1376,415,8829
2026-09-01 05:00:44,E,71,1274,415,8829
2026-09-01 05:00:44,A,35,3190,415,8829
2026-09-01 05:00:44,C,91,1957,415,8829
2026-09-01 05:30:34,B,50,1030,439,8805
2026-09-01 05:30:34,F,181,1365,439,8805
2026-09-01 05:30:34,E,76,1269,439,8805
2026-09-01 05:30:34,A,38,3187,439,8805
2026-09-01 05:30:34,C,94,1954,439,8805
2026-09-01 06:00:42,B,50,1030,513,8731
2026-09-01 06:00:42,F,208,1338,513,8731
2026-09-01 06:00:42,E,98,1247,513,8731
2026-09-01 06:00:42,A,45,3180,513,8731
2026-09-01 06:00:42,C,112,1936,513,8731
2026-09-01 06:30:38,B,52,1028,576,8668
2026-09-01 06:30:38,F,230,1316,576,8668
2026-09-01 06:30:38,E,116,1229,576,8668
2026-09-01 06:30:38,A,52,3173,576,8668
2026-09-01 06:30:38,C,126,1922,576,8668
2026-09-01 07:00:41,B,51,1029,695,8549
2026-09-01 07:00:41,F,261,1285,695,8549
2026-09-01 07:00:41,E,139,1206,695,8549
2026-09-01 07:00:41,A,67,3158,695,8549
2026-09-01 07:00:41,C,177,1871,695,8549
2026-09-01 07:40:06,B,49,1031,920,8324
2026-09-01 07:40:06,F,305,1241,920,8324
2026-09-01 07:40:06,E,174,1171,920,8324
2026-09-01 07:40:06,A,115,3110,920,8324
2026-09-01 07:40:06,C,277,1771,920,8324
2026-09-01 08:00:41,B,49,1031,1045,8199
2026-09-01 08:00:41,F,330,1216,1045,8199
2026-09-01 08:00:41,E,193,1152,1045,8199
2026-09-01 08:00:41,A,145,3080,1045,8199
2026-09-01 08:00:41,C,328,1720,1045,8199
2026-09-01 08:30:36,B,48,1032,1337,7907
2026-09-01 08:30:36,F,386,1160,1337,7907
2026-09-01 08:30:36,E,243,1102,1337,7907
2026-09-01 08:30:36,A,192,3033,1337,7907
2026-09-01 08:30:36,C,468,1580,1337,7907
2026-09-01 09:00:42,B,94,986,2066,7178
2026-09-01 09:00:42,F,530,1016,2066,7178
2026-09-01 09:00:42,E,391,954,2066,7178
2026-09-01 09:00:42,A,320,2905,2066,7178
2026-09-01 09:00:42,C,731,1317,2066,7178
2026-09-01 09:30:35,B,174,906,2654,6590
2026-09-01 09:30:35,F,643,903,2654,6590
2026-09-01 09:30:35,E,502,843,2654,6590
2026-09-01 09:30:35,A,459,2766,2654,6590
2026-09-01 09:30:35,C,876,1172,2654,6590
2026-09-01 10:00:46,B,259,821,3161,6083
2026-09-01 10:00:46,F,724,822,3161,6083
2026-09-01 10:00:46,E,571,774,3161,6083
2026-09-01 10:00:46,A,609,2616,3161,6083
2026-09-01 10:00:46,C,998,1050,3161,6083
2026-09-01 10:49:32,B,467,613,4109,5135
2026-09-01 10:49:32,F,898,648,4109,5135
2026-09-01 10:49:32,E,737,608,4109,5135
2026-09-01 10:49:32,A,826,2399,4109,5135
2026-09-01 10:49:32,C,1181,867,4109,5135
2026-09-01 11:00:42,B,529,551,4401,4843
2026-09-01 11:00:42,F,956,590,4401,4843
2026-09-01 11:00:42,E,759,586,4401,4843
2026-09-01 11:00:42,A,928,2297,4401,4843
2026-09-01 11:00:42,C,1229,819,4401,4843
2026-09-01 11:30:36,B,625,455,5073,4171
2026-09-01 11:30:36,F,1091,455,5073,4171
2026-09-01 11:30:36,E,856,489,5073,4171
2026-09-01 11:30:36,A,1127,2098,5073,4171
2026-09-01 11:30:36,C,1374,674,5073,4171
2026-09-01 12:00:41,B,699,381,5504,3740
2026-09-01 12:00:41,F,1163,383,5504,3740
2026-09-01 12:00:41,E,956,389,5504,3740
2026-09-01 12:00:41,A,1252,1973,5504,3740
2026-09-01 12:00:41,C,1434,614,5504,3740
2026-09-01 13:00:43,B,742,338,5799,3445
2026-09-01 13:00:43,F,1212,334,5799,3445
2026-09-01 13:00:43,E,980,365,5799,3445
2026-09-01 13:00:43,A,1381,1844,5799,3445
2026-09-01 13:00:43,C,1484,564,5799,3445
2026-09-01 14:00:41,B,736,344,5785,3459
2026-09-01 14:00:41,F,1221,325,5785,3459
2026-09-01 14:00:41,E,1003,342,5785,3459
2026-09-01 14:00:41,A,1360,1865,5785,3459
2026-09-01 14:00:41,C,1465,583,5785,3459
2026-09-01 15:02:15,B,635,445,5226,4018
2026-09-01 15:02:15,F,1152,394,5226,4018
2026-09-01 15:02:15,E,888,457,5226,4018
2026-09-01 15:02:15,A,1226,1999,5226,4018
2026-09-01 15:02:15,C,1325,723,5226,4018
2026-09-01 15:46:10,B,592,488,4724,4520
2026-09-01 15:46:10,F,1045,501,4724,4520
2026-09-01 15:46:10,E,826,519,4724,4520
2026-09-01 15:46:10,A,1061,2164,4724,4520
2026-09-01 15:46:10,C,1200,848,4724,4520
2026-09-01 16:00:41,B,607,473,4641,4603
2026-09-01 16:00:41,F,1027,519,4641,4603
2026-09-01 16:00:41,E,813,532,4641,4603
2026-09-01 16:00:41,A,1019,2206,4641,4603
2026-09-01 16:00:41,C,1175,873,4641,4603
2026-09-01 16:30:40,B,600,480,4211,5033
2026-09-01 16:30:40,F,958,588,4211,5033
2026-09-01 16:30:40,E,743,602,4211,5033
2026-09-01 16:30:40,A,884,2341,4211,5033
2026-09-01 16:30:40,C,1026,1022,4211,5033
2026-09-01 17:00:46,B,588,492,3801,5443
2026-09-01 17:00:46,F,882,664,3801,5443
2026-09-01 17:00:46,E,694,651,3801,5443
2026-09-01 17:00:46,A,753,2472,3801,5443
2026-09-01 17:00:46,C,884,1164,3801,5443
2026-09-01 19:00:40,B,437,643,1472,7772
2026-09-01 19:00:40,F,340,1206,1472,7772
2026-09-01 19:00:40,E,280,1065,1472,7772
2026-09-01 19:00:40,A,135,3090,1472,7772
2026-09-01 19:00:40,C,280,1768,1472,7772
2026-09-01 20:30:32,B,397,683,1061,8183
2026-09-01 20:30:32,F,261,1285,1061,8183
2026-09-01 20:30:32,E,174,1171,1061,8183
2026-09-01 20:30:32,A,74,3151,1061,8183
2026-09-01 20:30:32,C,155,1893,1061,8183
2026-09-01 20:34:06,B,394,686,1044,8200
2026-09-01 20:34:06,F,258,1288,1044,8200
2026-09-01 20:34:06,E,169,1176,1044,8200
2026-09-01 20:34:06,A,72,3153,1044,8200
2026-09-01 20:34:06,C,151,1897,1044,8200
2026-09-01 21:00:39,B,355,725,929,8315
2026-09-01 21:00:39,F,230,1316,929,8315
2026-09-01 21:00:39,E,148,1197,929,8315
2026-09-01 21:00:39,A,62,3163,929,8315
2026-09-01 21:00:39,C,134,1914,929,8315
2026-09-01 21:30:35,B,250,830,719,8525
2026-09-01 21:30:35,F,209,1337,719,8525
2026-09-01 21:30:35,E,106,1239,719,8525
2026-09-01 21:30:35,A,54,3171,719,8525
2026-09-01 21:30:35,C,100,1948,719,8525
2026-09-01 22:00:46,B,208,872,619,8625
2026-09-01 22:00:46,F,181,1365,619,8625
2026-09-01 22:00:46,E,88,1257,619,8625
2026-09-01 22:00:46,A,50,3175,619,8625
2026-09-01 22:00:46,C,92,1956,619,8625
2026-09-01 22:30:35,B,182,898,550,8694
2026-09-01 22:30:35,F,165,1381,550,8694
2026-09-01 22:30:35,E,76,1269,550,8694
2026-09-01 22:30:35,A,47,3178,550,8694
2026-09-01 22:30:35,C,80,1968,550,8694
2026-09-01 23:00:41,B,169,911,520,8724
2026-09-01 23:00:41,F,153,1393,520,8724
2026-09-01 23:00:41,E,72,1273,520,8724
2026-09-01 23:00:41,A,47,3178,520,8724
2026-09-01 23:00:41,C,79,1969,520,8724
2026-09-01 23:30:36,B,143,937,480,8764
2026-09-01 23:30:36,F,144,1402,480,8764
2026-09-01 23:30:36,E,69,1276,480,8764
2026-09-01 23:30:36,A,46,3179,480,8764
2026-09-01 23:30:36,C,78,1970,480,8764
2026-09-02 00:00:45,B,115,965,445,8799
2026-09-02 00:00:45,F,143,1403,445,8799
2026-09-02 00:00:45,E,63,1282,445,8799
2026-09-02 00:00:45,A,48,3177,445,8799
2026-09-02 00:00:45,C,76,1972,445,8799
2026-09-02 00:30:33,B,69,1011,395,8849
2026-09-02 00:30:33,F,146,1400,395,8849
2026-09-02 00:30:33,E,61,1284,395,8849
2026-09-02 00:30:33,A,46,3179,395,8849
2026-09-02 00:30:33,C,73,1975,395,8849
2026-09-02 01:00:43,B,60,1020,379,8865
2026-09-02 01:00:43,F,142,1404,379,8865
2026-09-02 01:00:43,E,60,1285,379,8865
2026-09-02 01:00:43,A,46,3179,379,8865
2026-09-02 01:00:43,C,71,1977,379,8865
2026-09-02 01:14:34,B,56,1024,374,8870
2026-09-02 01:14:34,F,142,1404,374,8870
2026-09-02 01:14:34,E,60,1285,374,8870
2026-09-02 01:14:34,A,45,3180,374,8870
2026-09-02 01:14:34,C,71,1977,374,8870
